#
# A fatal error has been detected by the Java Runtime Environment:
#
#  EXCEPTION_ACCESS_VIOLATION (0xc0000005) at pc=0x00007ff824e3a741, pid=1516, tid=4460
#
# JRE version: OpenJDK Runtime Environment JBR-21.0.10+1-1163.105-jcef (21.0.10+1) (build 21.0.10+1-b1163.105)
# Java VM: OpenJDK 64-Bit Server VM JBR-21.0.10+1-1163.105-jcef (21.0.10+1-b1163.105, mixed mode, sharing, tiered, compressed oops, compressed class ptrs, g1 gc, windows-amd64)
# Problematic frame:
# V  [jvm.dll+0x27a741]
#
# No core dump will be written. Minidumps are not enabled by default on client versions of Windows
#
# If you would like to submit a bug report, please visit:
#   https://youtrack.jetbrains.com/issues/JBR
#

---------------  S U M M A R Y ------------

Command Line: -Ddebugger.agent.enable.coroutines=true -Ddebugger.async.stack.trace.for.all.threads=true -Dfabric.dli.config=C:\Users\mccar\OneDrive\Desktop\BARF\Submerged\.gradle\loom-cache\launch.cfg -Dfabric.dli.env=client -Dfabric.dli.main=net.fabricmc.loader.impl.launch.knot.KnotClient -Dkotlinx.coroutines.debug.enable.creation.stack.trace=false -Dkotlinx.coroutines.debug.enable.flows.stack.trace=true -Dkotlinx.coroutines.debug.enable.mutable.state.flows.stack.trace=true -XX:+AllowEnhancedClassRedefinition -javaagent:C:\Users\mccar\.gradle\caches\modules-2\files-2.1\net.fabricmc\sponge-mixin\0.17.0+mixin.0.8.7\cf31463202f72d03b0ef1e1e38e8ee71b7faaab6\sponge-mixin-0.17.0+mixin.0.8.7.jar -XX:+AllowEnhancedClassRedefinition -javaagent:C:\Users\mccar\.gradle\caches\modules-2\files-2.1\net.fabricmc\sponge-mixin\0.17.0+mixin.0.8.7\cf31463202f72d03b0ef1e1e38e8ee71b7faaab6\sponge-mixin-0.17.0+mixin.0.8.7.jar -agentlib:jdwp=transport=dt_socket,server=n,suspend=y,address=127.0.0.1:34366 -javaagent:C:\Users\mccar\AppData\Local\JetBrains\IntelliJIdea2025.3\captureAgent\debugger-agent.jar=file:///C:/Users/mccar/AppData/Local/Temp/capture10260407898532612823.props -Dfile.encoding=UTF-8 -Duser.country=US -Duser.language=en -Duser.variant net.fabricmc.devlaunchinjector.Main --username AidanSkye --uuid 72f340ae-fc6d-4442-9ebc-765ae878aa3d

Host: Intel(R) Core(TM) i5-10400 CPU @ 2.90GHz, 12 cores, 11G,  Windows 11 , 64 bit Build 26100 (10.0.26100.7705)
Time: Sun Feb 15 01:09:55 2026 Central Standard Time elapsed time: 263.697230 seconds (0d 0h 4m 23s)

---------------  T H R E A D  ---------------

Current thread (0x000002d5d685a510):  VMThread "VM Thread"          [id=4460, stack(0x000000e3a0d00000,0x000000e3a0e00000) (1024K)]

Stack: [0x000000e3a0d00000,0x000000e3a0e00000],  sp=0x000000e3a0dfef48,  free space=1019k
Native frames: (J=compiled Java code, j=interpreted, Vv=VM code, C=native code)
V  [jvm.dll+0x27a741]


siginfo: EXCEPTION_ACCESS_VIOLATION (0xc0000005), reading address 0x0000000000002038


Registers:
RAX=0x0000000000000000, RBX=0x000002d66e93f108, RCX=0x0000000000002000, RDX=0x0000000000000100
RSP=0x000000e3a0dfef48, RBP=0x00000000000000b7, RSI=0x000000e3a0dff030, RDI=0x000002d66e93f108
R8 =0x00007ff824e3a736, R9 =0x000002d66e93f108, R10=0x000002d5d6854eb0, R11=0x000002d66e879d00
R12=0x000002d66e93f108, R13=0x00007ff824bc0000, R14=0x0000000000000000, R15=0x0000000000000100
RIP=0x00007ff824e3a741, EFLAGS=0x0000000000010206

XMM[0]=0x6275732e65796b73 0x6e616469612e656d
XMM[1]=0x6275732e65796b73 0x6e616469612e656d
XMM[2]=0x64656772656d6275 0x532e64656772656d
XMM[3]=0x0000000000000000 0x0000000000000000
XMM[4]=0x0000000000000000 0x0000000000000000
XMM[5]=0x726f746176656c45 0x2e6e6978696d2e64
XMM[6]=0x0000000000000000 0x0000000000000000
XMM[7]=0x0000000000000000 0x404e000000000000
XMM[8]=0x0000000000000000 0x0000000000000000
XMM[9]=0x0000000000000000 0x0000000000000000
XMM[10]=0x0000000000000000 0x0000000000000000
XMM[11]=0x0000000000000000 0x0000000000000000
XMM[12]=0x0000000000000000 0x0000000000000000
XMM[13]=0x0000000000000000 0x0000000000000000
XMM[14]=0x0000000000000000 0x0000000000000000
XMM[15]=0x0000000000000000 0x0000000000000000
  MXCSR=0x00001fa3


Register to memory mapping:

RAX=0x0 is null
RBX=0x000002d66e93f108 is pointing into metadata
RCX=0x0000000000002000 is an unknown value
RDX=0x0000000000000100 is an unknown value
RSP=0x000000e3a0dfef48 points into unknown readable memory: 0x00007ff824e38332 | 32 83 e3 24 f8 7f 00 00
RBP=0x00000000000000b7 is an unknown value
RSI=0x000000e3a0dff030 points into unknown readable memory: 0x000002d66e879d00 | 00 9d 87 6e d6 02 00 00
RDI=0x000002d66e93f108 is pointing into metadata
R8 =0x00007ff824e3a736 jvm.dll
R9 =0x000002d66e93f108 is pointing into metadata
R10=0x000002d5d6854eb0 points into unknown readable memory: 0x0000001e00000002 | 02 00 00 00 1e 00 00 00
R11={method} {0x000002d66e879d08} '<init>' '(Lnet/minecraft/entity/EntityType;Lnet/minecraft/world/World;)V' in 'me/aidanskye/submerged/entity/ElevatorEntity'
R12=0x000002d66e93f108 is pointing into metadata
R13=0x00007ff824bc0000 jvm.dll
R14=0x0 is null
R15=0x0000000000000100 is an unknown value

Top of Stack: (sp=0x000000e3a0dfef48)
0x000000e3a0dfef48:   00007ff824e38332 0000000000000000
0x000000e3a0dfef58:   0000000000000000 000002d5d9381630
0x000000e3a0dfef68:   0000000000000000 00000000000000b7
0x000000e3a0dfef78:   00007ff82525e2a8 0000000000000002
0x000000e3a0dfef88:   00007ff824f70bb4 000000e3a0dff030
0x000000e3a0dfef98:   000000e3a17ff8e0 000000e3a0dff110
0x000000e3a0dfefa8:   0000000000000000 000000e3a0dff030
0x000000e3a0dfefb8:   00007ff824d0c9ce 000002d66e879d00
0x000000e3a0dfefc8:   000000e3a17ff8e0 000002d62d00c0c0
0x000000e3a0dfefd8:   000002d66e91ffc3 00000000000000b7
0x000000e3a0dfefe8:   00007ff82525ed31 00000000000000b7
0x000000e3a0dfeff8:   000000e3a0dff069 00000000000000b7
0x000000e3a0dff008:   0000000000000002 000002d62d00c0c0
0x000000e3a0dff018:   000002d66e93f108 000002d66e879d00
0x000000e3a0dff028:   000002d5d685a510 000002d66e879d00
0x000000e3a0dff038:   000002d5d685a510 0000000600000003
0x000000e3a0dff048:   000000b70000000c 000002d5ba660000
0x000000e3a0dff058:   00007ff8000000b7 000002d62d00ca88
0x000000e3a0dff068:   000002d5d685a510 0000000600000003
0x000000e3a0dff078:   000000b70000000c 0000000000000000
0x000000e3a0dff088:   000000e3000000b7 0000000000000000
0x000000e3a0dff098:   000002d66e879d00 0000000000000000
0x000000e3a0dff0a8:   0000000000000000 0000000000000002
0x000000e3a0dff0b8:   000000e3a17ff8e0 000002d62d00ca88
0x000000e3a0dff0c8:   00007ff825107bc1 000002d66e93f108
0x000000e3a0dff0d8:   000002d5d684e980 000002d5da942180
0x000000e3a0dff0e8:   00007ff825107ddf 000002d5da942180
0x000000e3a0dff0f8:   000000e3a17ff8e0 000002d5d9e886d8
0x000000e3a0dff108:   000002d5d685a510 0000000000000000
0x000000e3a0dff118:   0000000000000002 000000e3a17ff8e0
0x000000e3a0dff128:   00007ff82510c879 000002d5da942180
0x000000e3a0dff138:   000002d5d685a510 000000e3a17ff8e0 

Instructions: (pc=0x00007ff824e3a741)
0x00007ff824e3a641:   48 89 44 24 20 41 b8 6c 03 00 00 eb 4b 4d 85 c0
0x00007ff824e3a651:   74 3b 4c 8b 4c 24 30 48 8d 4c 24 38 48 8b d7 44
0x00007ff824e3a661:   89 6c 24 20 e8 66 c5 09 00 48 8b 44 24 38 48 8d
0x00007ff824e3a671:   15 72 f8 7b 00 4c 8b cd 48 89 44 24 20 41 b8 71
0x00007ff824e3a681:   03 00 00 48 8b cf e8 64 b5 09 00 eb 1d 4c 89 6c
0x00007ff824e3a691:   24 20 41 b8 73 03 00 00 4c 8b cd 48 8d 15 45 f8
0x00007ff824e3a6a1:   7b 00 48 8b cf e8 d5 b6 09 00 4c 39 2e 74 13 49
0x00007ff824e3a6b1:   8b d4 48 8b cb e8 c5 cf e4 ff 48 8b ce e8 9d cf
0x00007ff824e3a6c1:   e4 ff 4c 39 73 18 74 0c 48 89 73 10 4c 89 73 18
0x00007ff824e3a6d1:   4c 89 7b 20 48 8b 9c 24 80 00 00 00 48 83 c4 40
0x00007ff824e3a6e1:   41 5f 41 5e 41 5d 41 5c 5f 5e 5d c3 cc cc cc 41
0x00007ff824e3a6f1:   81 c0 4e ff ff ff 4c 8b c9 41 83 f8 37 77 36 49
0x00007ff824e3a701:   63 c0 48 8d 0d f6 58 d8 ff 0f b6 84 01 58 a7 27
0x00007ff824e3a711:   00 44 8b 84 81 4c a7 27 00 4c 03 c1 41 ff e0 49
0x00007ff824e3a721:   8b 41 10 f7 d2 48 63 d2 48 03 d2 48 8b 48 28 0f
0x00007ff824e3a731:   b7 44 d1 12 c3 49 8b 41 10 48 63 ca 48 c1 e1 05
0x00007ff824e3a741:   48 8b 4c 01 38 0f b7 c1 c3 66 90 36 a7 27 00 20
0x00007ff824e3a751:   a7 27 00 36 a7 27 00 00 00 00 00 00 00 00 00 01
0x00007ff824e3a761:   02 02 02 02 02 02 02 02 02 02 02 02 02 02 02 02
0x00007ff824e3a771:   02 02 02 02 02 02 02 02 02 02 02 02 02 02 02 02
0x00007ff824e3a781:   02 02 02 02 02 02 02 02 02 02 02 02 02 02 00 48
0x00007ff824e3a791:   89 5c 24 18 55 56 57 41 54 41 55 41 56 41 57 b8
0x00007ff824e3a7a1:   40 13 00 00 e8 36 24 6f 00 48 2b e0 48 8b 05 54
0x00007ff824e3a7b1:   5d a0 00 48 33 c4 48 89 84 24 30 13 00 00 65 48
0x00007ff824e3a7c1:   8b 04 25 58 00 00 00 4c 8b e2 8b 15 d7 f6 a9 00
0x00007ff824e3a7d1:   4c 8b f9 bf 70 00 00 00 48 8b 1c d0 0f b6 04 1f
0x00007ff824e3a7e1:   84 c0 75 09 e8 42 1c 6f 00 0f b6 04 1f 33 ed b9
0x00007ff824e3a7f1:   20 00 00 00 48 8b 0c 19 44 8d 6d ff 48 8b b9 20
0x00007ff824e3a801:   03 00 00 48 8b 57 20 48 8b 77 10 4c 8b 77 18 48
0x00007ff824e3a811:   89 54 24 38 48 8b 57 28 48 89 54 24 30 84 c0 75
0x00007ff824e3a821:   0e e8 05 1c 6f 00 b8 20 00 00 00 48 8b 0c 18 48
0x00007ff824e3a831:   8b 81 a0 03 00 00 48 85 c0 0f 84 86 00 00 00 b8 


Stack slot to memory mapping:

stack at sp + 0 slots: 0x00007ff824e38332 jvm.dll
stack at sp + 1 slots: 0x0 is null
stack at sp + 2 slots: 0x0 is null
stack at sp + 3 slots: 0x000002d5d9381630 is a pointer to class: 
me.aidanskye.submerged.mixin.ElevatorStuffEntityMixin {0x000002d5d9381638}
 - instance size:     2
 - klass size:        71
 - access:            public 
 - flags:             rewritten should_verify_class has_vanilla_constructor has_resolved_methods 
 - state:             fully_initialized
 - name:              'me/aidanskye/submerged/mixin/ElevatorStuffEntityMixin'
 - super:             'java/lang/Object'
 - sub:               
 - arrays:            null
 - methods:           Array<T>(0x000002d61a8b7808)
 - method ordering:   Array<T>(0x000002d61a8b78e8)
 - local interfaces:  Array<T>(0x000002d5d7e4bca0)
 - trans. interfaces: Array<T>(0x000002d5d7e4bca0)
 - secondary supers: Array<T>(0x000002d5d7e4b7f0)
 - hash_slot:         8
 - bitmap:            0x0000000000000000
 - constants:         constant pool [10] {0x000002d61a8b7760} for 'me/aidanskye/submerged/mixin/ElevatorStuffEntityMixin' cache=0x000002d61a8b78f8
 - class loader data:  loader data: 0x000002d626289860 for instance a 'org/spongepowered/tools/agent/MixinAgentClassLoader'{0x0000000742c294b8}
 - inner classes:     Array<T>(0x000002d5d7e4bc28)
 - nest members:     Array<T>(0x000002d5d7e4bc28)
 - permitted subclasses:     Array<T>(0x000002d5d7e4bc28)
 - java mirror:       a 'java/lang/Class'{0x000000075deeac00} = 'me/aidanskye/submerged/mixin/ElevatorStuffEntityMixin'
 - vtable length      5  (start addr: 0x000002d5d9381830)
 - itable length      2 (start addr: 0x000002d5d9381858)
 - ---- static fields (0 words):
 - ---- non-static fields (0 words):
 - non-static oop maps: 
stack at sp + 4 slots: 0x0 is null
stack at sp + 5 slots: 0x00000000000000b7 is an unknown value
stack at sp + 6 slots: 0x00007ff82525e2a8 jvm.dll
stack at sp + 7 slots: 0x0000000000000002 is an unknown value

VM_Operation (0x000000e3a17ff8e0): RedefineClasses, mode: safepoint, requested by thread 0x000002d5d6d233b0


---------------  P R O C E S S  ---------------

Threads class SMR info:
_java_thread_list=0x000002d63d4f10b0, length=65, elements={
0x000002d5ba668660, 0x000002d5d6875230, 0x000002d5d687b770, 0x000002d5d687ed50,
0x000002d5d6882dd0, 0x000002d5d6883b90, 0x000002d5d688d1b0, 0x000002d5d688e4e0,
0x000002d5d688fb40, 0x000002d5d68925b0, 0x000002d5d6d233b0, 0x000002d5d6ce9960,
0x000002d5d6ce9ff0, 0x000002d5d6d08b20, 0x000002d61d019ac0, 0x000002d62726bb90,
0x000002d61eaa4c50, 0x000002d61eaa52e0, 0x000002d62ab6a8e0, 0x000002d63097c5f0,
0x000002d61e68a1e0, 0x000002d63097bf60, 0x000002d63030f130, 0x000002d62499ce30,
0x000002d62499d4c0, 0x000002d6215e1520, 0x000002d6215e2240, 0x000002d62499ad60,
0x000002d61d83a0c0, 0x000002d63c0716a0, 0x000002d627cfec50, 0x000002d63c070980,
0x000002d631681ab0, 0x000002d6279c5b40, 0x000002d62aba8320, 0x000002d631684f30,
0x000002d627cfdf30, 0x000002d61eaa6d20, 0x000002d631682140, 0x000002d62ad70250,
0x000002d6316827d0, 0x000002d62382b7e0, 0x000002d623829da0, 0x000002d62ad72320,
0x000002d63d8a5c60, 0x000002d63d8a83c0, 0x000002d62a2ce7d0, 0x000002d631d96040,
0x000002d631d95320, 0x000002d62a2cfb80, 0x000002d6282e8a70, 0x000002d6282e76c0,
0x000002d6282e7d50, 0x000002d6282e83e0, 0x000002d6282e9100, 0x000002d6282e9790,
0x000002d6279c6ef0, 0x000002d62a2cf4f0, 0x000002d62a2ccd90, 0x000002d62a2cd420,
0x000002d62a2cdab0, 0x000002d62499c7a0, 0x000002d61d839a30, 0x000002d629ecbf80,
0x000002d62481dab0
}

Java Threads: ( => current thread )
  0x000002d5ba668660 JavaThread "Render thread"                     [_thread_blocked, id=6468, stack(0x000000e3a0600000,0x000000e3a0700000) (1024K)]
  0x000002d5d6875230 JavaThread "Common-Cleaner"             daemon [_thread_blocked, id=6160, stack(0x000000e3a0e00000,0x000000e3a0f00000) (1024K)]
  0x000002d5d687b770 JavaThread "Reference Handler"          daemon [_thread_blocked, id=23680, stack(0x000000e3a0f00000,0x000000e3a1000000) (1024K)]
  0x000002d5d687ed50 JavaThread "Finalizer"                  daemon [_thread_blocked, id=31724, stack(0x000000e3a1000000,0x000000e3a1100000) (1024K)]
  0x000002d5d6882dd0 JavaThread "Signal Dispatcher"          daemon [_thread_blocked, id=25660, stack(0x000000e3a1100000,0x000000e3a1200000) (1024K)]
  0x000002d5d6883b90 JavaThread "Attach Listener"            daemon [_thread_blocked, id=28228, stack(0x000000e3a1200000,0x000000e3a1300000) (1024K)]
  0x000002d5d688d1b0 JavaThread "Service Thread"             daemon [_thread_blocked, id=8452, stack(0x000000e3a1300000,0x000000e3a1400000) (1024K)]
  0x000002d5d688e4e0 JavaThread "Monitor Deflation Thread"   daemon [_thread_blocked, id=34768, stack(0x000000e3a1400000,0x000000e3a1500000) (1024K)]
  0x000002d5d688fb40 JavaThread "C2 CompilerThread0"         daemon [_thread_blocked, id=27948, stack(0x000000e3a1500000,0x000000e3a1600000) (1024K)]
  0x000002d5d68925b0 JavaThread "C1 CompilerThread0"         daemon [_thread_blocked, id=34400, stack(0x000000e3a1600000,0x000000e3a1700000) (1024K)]
  0x000002d5d6d233b0 JavaThread "JDWP Transport Listener: dt_socket" daemon [_thread_blocked, id=24556, stack(0x000000e3a1700000,0x000000e3a1800000) (1024K)]
  0x000002d5d6ce9960 JavaThread "JDWP Event Helper Thread"   daemon [_thread_blocked, id=27008, stack(0x000000e3a1800000,0x000000e3a1900000) (1024K)]
  0x000002d5d6ce9ff0 JavaThread "JDWP Command Reader"        daemon [_thread_in_native, id=13584, stack(0x000000e3a1900000,0x000000e3a1a00000) (1024K)]
  0x000002d5d6d08b20 JavaThread "IntelliJ Suspend Helper"    daemon [_thread_blocked, id=18404, stack(0x000000e3a1a00000,0x000000e3a1b00000) (1024K)]
  0x000002d61d019ac0 JavaThread "Notification Thread"        daemon [_thread_blocked, id=21196, stack(0x000000e3a1c00000,0x000000e3a1d00000) (1024K)]
  0x000002d62726bb90 JavaThread "JNA Cleaner"                daemon [_thread_blocked, id=17020, stack(0x000000e3a2a00000,0x000000e3a2b00000) (1024K)]
  0x000002d61eaa4c50 JavaThread "Timer hack thread"          daemon [_thread_blocked, id=20976, stack(0x000000e3a2600000,0x000000e3a2700000) (1024K)]
  0x000002d61eaa52e0 JavaThread "Yggdrasil Key Fetcher"      daemon [_thread_blocked, id=39180, stack(0x000000e3a2e00000,0x000000e3a2f00000) (1024K)]
  0x000002d62ab6a8e0 JavaThread "ConfigSaver"                daemon [_thread_blocked, id=28684, stack(0x000000e3a3200000,0x000000e3a3300000) (1024K)]
  0x000002d63097c5f0 JavaThread "Cleaner-0"                  daemon [_thread_blocked, id=36588, stack(0x000000e3a3400000,0x000000e3a3500000) (1024K)]
  0x000002d61e68a1e0 JavaThread "Cleaner-1"                  daemon [_thread_blocked, id=32476, stack(0x000000e3a3600000,0x000000e3a3700000) (1024K)]
  0x000002d63097bf60 JavaThread "Cleaner-2"                  daemon [_thread_blocked, id=37168, stack(0x000000e3a3700000,0x000000e3a3800000) (1024K)]
  0x000002d63030f130 JavaThread "Cleaner-3"                  daemon [_thread_blocked, id=23576, stack(0x000000e3a3800000,0x000000e3a3900000) (1024K)]
  0x000002d62499ce30 JavaThread "IO-Worker-1"                       [_thread_blocked, id=32168, stack(0x000000e3a4a00000,0x000000e3a4b00000) (1024K)]
  0x000002d62499d4c0 JavaThread "HttpClient-2-SelectorManager" daemon [_thread_in_native, id=36012, stack(0x000000e3a5100000,0x000000e3a5200000) (1024K)]
  0x000002d6215e1520 JavaThread "Download-3"                 daemon [_thread_blocked, id=23016, stack(0x000000e3a0300000,0x000000e3a0400000) (1024K)]
  0x000002d6215e2240 JavaThread "Worker-Main-12"             daemon [_thread_blocked, id=38112, stack(0x000000e3a0400000,0x000000e3a0500000) (1024K)]
  0x000002d62499ad60 JavaThread "Worker-Main-13"             daemon [_thread_blocked, id=23004, stack(0x000000e3a0500000,0x000000e3a0600000) (1024K)]
  0x000002d61d83a0c0 JavaThread "Worker-Main-14"             daemon [_thread_blocked, id=3112, stack(0x000000e3a2d00000,0x000000e3a2e00000) (1024K)]
  0x000002d63c0716a0 JavaThread "Worker-Main-15"             daemon [_thread_blocked, id=2036, stack(0x000000e3a2f00000,0x000000e3a3000000) (1024K)]
  0x000002d627cfec50 JavaThread "Worker-Main-16"             daemon [_thread_blocked, id=18268, stack(0x000000e3a3000000,0x000000e3a3100000) (1024K)]
  0x000002d63c070980 JavaThread "Worker-Main-17"             daemon [_thread_blocked, id=5252, stack(0x000000e3a3300000,0x000000e3a3400000) (1024K)]
  0x000002d631681ab0 JavaThread "Worker-Main-18"             daemon [_thread_blocked, id=23464, stack(0x000000e3a3500000,0x000000e3a3600000) (1024K)]
  0x000002d6279c5b40 JavaThread "Worker-Main-19"             daemon [_thread_blocked, id=18656, stack(0x000000e3a3b00000,0x000000e3a3c00000) (1024K)]
  0x000002d62aba8320 JavaThread "Worker-Main-20"             daemon [_thread_blocked, id=36788, stack(0x000000e3a3f00000,0x000000e3a4000000) (1024K)]
  0x000002d631684f30 JavaThread "Worker-Main-21"             daemon [_thread_blocked, id=14964, stack(0x000000e3a4000000,0x000000e3a4100000) (1024K)]
  0x000002d627cfdf30 JavaThread "Worker-Main-22"             daemon [_thread_blocked, id=34860, stack(0x000000e3a4100000,0x000000e3a4200000) (1024K)]
  0x000002d61eaa6d20 JavaThread "Server thread"                     [_thread_blocked, id=6016, stack(0x000000e3a2c00000,0x000000e3a2d00000) (1024K)]
  0x000002d631682140 JavaThread "IO-Worker-2"                       [_thread_blocked, id=34240, stack(0x000000e3a4300000,0x000000e3a4400000) (1024K)]
  0x000002d62ad70250 JavaThread "IO-Worker-3"                       [_thread_blocked, id=23056, stack(0x000000e3a4400000,0x000000e3a4500000) (1024K)]
  0x000002d6316827d0 JavaThread "Java2D Disposer"            daemon [_thread_blocked, id=20188, stack(0x000000e3a4700000,0x000000e3a4800000) (1024K)]
  0x000002d62382b7e0 JavaThread "VoiceChatPacketProcessingThread" daemon [_thread_blocked, id=19084, stack(0x000000e3a4800000,0x000000e3a4900000) (1024K)]
  0x000002d623829da0 JavaThread "VoiceChatServerThread"      daemon [_thread_in_native, id=21584, stack(0x000000e3a4900000,0x000000e3a4a00000) (1024K)]
  0x000002d62ad72320 JavaThread "IO-Worker-4"                       [_thread_blocked, id=16860, stack(0x000000e3a4c00000,0x000000e3a4d00000) (1024K)]
  0x000002d63d8a5c60 JavaThread "Netty Server IO #0"         daemon [_thread_in_native, id=9260, stack(0x000000e3a4f00000,0x000000e3a5000000) (1024K)]
  0x000002d63d8a83c0 JavaThread "Netty Local Client IO #0"   daemon [_thread_blocked, id=27956, stack(0x000000e3a5000000,0x000000e3a5100000) (1024K)]
  0x000002d62a2ce7d0 JavaThread "Netty Server IO #1"         daemon [_thread_in_native, id=15724, stack(0x000000e3a5200000,0x000000e3a5300000) (1024K)]
  0x000002d631d96040 JavaThread "[DataSync] Background Data Fetcher" daemon [_thread_blocked, id=15736, stack(0x000000e3a5700000,0x000000e3a5800000) (1024K)]
  0x000002d631d95320 JavaThread "[DataSync] Background Data Fetcher" daemon [_thread_blocked, id=37736, stack(0x000000e3a5800000,0x000000e3a5900000) (1024K)]
  0x000002d62a2cfb80 JavaThread "[DataSync] Background Data Fetcher" daemon [_thread_blocked, id=19536, stack(0x000000e3a5900000,0x000000e3a5a00000) (1024K)]
  0x000002d6282e8a70 JavaThread "Chunk Render Task Executor #0"        [_thread_blocked, id=28636, stack(0x000000e3a5a00000,0x000000e3a5b00000) (1024K)]
  0x000002d6282e76c0 JavaThread "Chunk Render Task Executor #1"        [_thread_blocked, id=37868, stack(0x000000e3a5b00000,0x000000e3a5c00000) (1024K)]
  0x000002d6282e7d50 JavaThread "Chunk Render Task Executor #2"        [_thread_blocked, id=29596, stack(0x000000e3a5c00000,0x000000e3a5d00000) (1024K)]
  0x000002d6282e83e0 JavaThread "Chunk Render Task Executor #3"        [_thread_blocked, id=19844, stack(0x000000e3a5d00000,0x000000e3a5e00000) (1024K)]
  0x000002d6282e9100 JavaThread "Chunk Render Task Executor #4"        [_thread_blocked, id=4200, stack(0x000000e3a5e00000,0x000000e3a5f00000) (1024K)]
  0x000002d6282e9790 JavaThread "Chunk Render Task Executor #5"        [_thread_blocked, id=2616, stack(0x000000e3a5f00000,0x000000e3a6000000) (1024K)]
  0x000002d6279c6ef0 JavaThread "VoiceChatConnectionThread"  daemon [_thread_in_native, id=16708, stack(0x000000e3a6300000,0x000000e3a6400000) (1024K)]
  0x000002d62a2cf4f0 JavaThread "Download-4"                 daemon [_thread_blocked, id=17376, stack(0x000000e3a6400000,0x000000e3a6500000) (1024K)]
  0x000002d62a2ccd90 JavaThread "Download-5"                 daemon [_thread_blocked, id=34408, stack(0x000000e3a6500000,0x000000e3a6600000) (1024K)]
  0x000002d62a2cd420 JavaThread "Download-6"                 daemon [_thread_blocked, id=37268, stack(0x000000e3a6600000,0x000000e3a6700000) (1024K)]
  0x000002d62a2cdab0 JavaThread "Sound engine"               daemon [_thread_blocked, id=25868, stack(0x000000e3a6700000,0x000000e3a6800000) (1024K)]
  0x000002d62499c7a0 JavaThread "MicrophoneThread"           daemon [_thread_blocked, id=24220, stack(0x000000e3a6800000,0x000000e3a6900000) (1024K)]
  0x000002d61d839a30 JavaThread "Download-7"                 daemon [_thread_blocked, id=35716, stack(0x000000e3a5500000,0x000000e3a5600000) (1024K)]
  0x000002d629ecbf80 JavaThread "IO-Worker-5"                       [_thread_blocked, id=39048, stack(0x000000e3a4200000,0x000000e3a4300000) (1024K)]
  0x000002d62481dab0 JavaThread "C2 CompilerThread1"         daemon [_thread_blocked, id=8936, stack(0x000000e3a3e00000,0x000000e3a3f00000) (1024K)]
Total: 65

Other Threads:
=>0x000002d5d685a510 VMThread "VM Thread"                           [id=4460, stack(0x000000e3a0d00000,0x000000e3a0e00000) (1024K)]
  0x000002d5d6845920 WatcherThread "VM Periodic Task Thread"        [id=11896, stack(0x000000e3a0c00000,0x000000e3a0d00000) (1024K)]
  0x000002d5bcb48670 WorkerThread "GC Thread#0"                     [id=16160, stack(0x000000e3a0700000,0x000000e3a0800000) (1024K)]
  0x000002d61e169f40 WorkerThread "GC Thread#1"                     [id=32888, stack(0x000000e3a1d00000,0x000000e3a1e00000) (1024K)]
  0x000002d61dcf3f60 WorkerThread "GC Thread#2"                     [id=33084, stack(0x000000e3a1e00000,0x000000e3a1f00000) (1024K)]
  0x000002d61e1af7d0 WorkerThread "GC Thread#3"                     [id=23244, stack(0x000000e3a1f00000,0x000000e3a2000000) (1024K)]
  0x000002d61df305b0 WorkerThread "GC Thread#4"                     [id=19940, stack(0x000000e3a2000000,0x000000e3a2100000) (1024K)]
  0x000002d61dddf130 WorkerThread "GC Thread#5"                     [id=21784, stack(0x000000e3a2100000,0x000000e3a2200000) (1024K)]
  0x000002d61db87a20 WorkerThread "GC Thread#6"                     [id=39892, stack(0x000000e3a2200000,0x000000e3a2300000) (1024K)]
  0x000002d61db8a1e0 WorkerThread "GC Thread#7"                     [id=36124, stack(0x000000e3a2300000,0x000000e3a2400000) (1024K)]
  0x000002d61db8a590 WorkerThread "GC Thread#8"                     [id=17084, stack(0x000000e3a2400000,0x000000e3a2500000) (1024K)]
  0x000002d61ddb86e0 WorkerThread "GC Thread#9"                     [id=33956, stack(0x000000e3a2500000,0x000000e3a2600000) (1024K)]
  0x000002d5bcb561f0 ConcurrentGCThread "G1 Main Marker"            [id=36444, stack(0x000000e3a0800000,0x000000e3a0900000) (1024K)]
  0x000002d5bcb573b0 WorkerThread "G1 Conc#0"                       [id=18816, stack(0x000000e3a0900000,0x000000e3a0a00000) (1024K)]
  0x000002d61ee42310 WorkerThread "G1 Conc#1"                       [id=28012, stack(0x000000e3a2700000,0x000000e3a2800000) (1024K)]
  0x000002d61ee447f0 WorkerThread "G1 Conc#2"                       [id=28164, stack(0x000000e3a2800000,0x000000e3a2900000) (1024K)]
  0x000002d5d6717680 ConcurrentGCThread "G1 Refine#0"               [id=13636, stack(0x000000e3a0a00000,0x000000e3a0b00000) (1024K)]
  0x000002d5d6718ec0 ConcurrentGCThread "G1 Service"                [id=3332, stack(0x000000e3a0b00000,0x000000e3a0c00000) (1024K)]
Total: 18

Threads with active compile tasks:
C2 CompilerThread0  263827 39941 %     4       net.fabricmc.loader.impl.lib.mappingio.tree.MappingTreeView::mapDesc @ 60 (262 bytes)
C1 CompilerThread0  263827 40335       2       it.unimi.dsi.fastutil.longs.Long2ObjectLinkedOpenHashMap::get (119 bytes)
C2 CompilerThread1  263827 39995       4       org.spongepowered.asm.mixin.transformer.ClassInfo$Method::gatherFrames (81 bytes)
Total: 3

VM state: at safepoint (normal execution)

VM Mutex/Monitor currently owned by a thread:  ([mutex/lock_event])
[0x00007ff825899d20] Threads_lock - owner thread: 0x000002d5d685a510
[0x00007ff825899e20] Heap_lock - owner thread: 0x000002d5d6d233b0

Heap address: 0x0000000742000000, size: 3040 MB, Compressed Oops mode: Zero based, Oop shift amount: 3

CDS archive(s) mapped at: [0x000002d5d7000000-0x000002d5d8c20000-0x000002d5d8c20000), size 29491200, SharedBaseAddress: 0x000002d5d7000000, ArchiveRelocationMode: 1.
Compressed class space mapped at: 0x000002d5d9000000-0x000002d619000000, reserved size: 1073741824
Narrow klass base: 0x000002d5d7000000, Narrow klass shift: 0, Narrow klass range: 0x100000000

GC Precious Log:
 CardTable entry size: 512
 Card Set container configuration: InlinePtr #cards 4 size 8 Array Of Cards #cards 16 size 48 Howl #buckets 8 coarsen threshold 3686 Howl Bitmap #cards 512 size 80 coarsen threshold 460 Card regions per heap region 1 cards per card region 4096
 CPUs: 12 total, 12 available
 Memory: 12153M
 Large Page Support: Disabled
 NUMA Support: Disabled
 Compressed Oops: Enabled (Zero based)
 Heap Region Size: 2M
 Heap Min Capacity: 8M
 Heap Initial Capacity: 190M
 Heap Max Capacity: 3040M
 Pre-touch: Disabled
 Parallel Workers: 10
 Concurrent Workers: 3
 Concurrent Refinement Workers: 10
 Periodic GC: Disabled

Heap:
 garbage-first heap   total 2861056K, used 2518059K [0x0000000742000000, 0x0000000800000000)
  region size 2048K, 498 young (1019904K), 42 survivors (86016K)
 Metaspace       used 164578K, committed 166080K, reserved 1245184K
  class space    used 25137K, committed 25792K, reserved 1048576K

Heap Regions: E=young(eden), S=young(survivor), O=old, HS=humongous(starts), HC=humongous(continues), CS=collection set, F=free, TAMS=top-at-mark-start, PB=parsable bottom
|   0|0x0000000742000000, 0x0000000742200000, 0x0000000742200000|100%|HS|  |TAMS 0x0000000742000000| PB 0x0000000742000000| Complete 
|   1|0x0000000742200000, 0x0000000742400000, 0x0000000742400000|100%|HS|  |TAMS 0x0000000742200000| PB 0x0000000742200000| Complete 
|   2|0x0000000742400000, 0x0000000742600000, 0x0000000742600000|100%|HS|  |TAMS 0x0000000742400000| PB 0x0000000742400000| Complete 
|   3|0x0000000742600000, 0x0000000742800000, 0x0000000742800000|100%| O|  |TAMS 0x0000000742600000| PB 0x0000000742600000| Untracked 
|   4|0x0000000742800000, 0x0000000742a00000, 0x0000000742a00000|100%| O|  |TAMS 0x0000000742800000| PB 0x0000000742800000| Untracked 
|   5|0x0000000742a00000, 0x0000000742c00000, 0x0000000742c00000|100%| O|  |TAMS 0x0000000742a00000| PB 0x0000000742a00000| Untracked 
|   6|0x0000000742c00000, 0x0000000742e00000, 0x0000000742e00000|100%| O|  |TAMS 0x0000000742c00000| PB 0x0000000742c00000| Untracked 
|   7|0x0000000742e00000, 0x0000000743000000, 0x0000000743000000|100%| O|  |TAMS 0x0000000742e00000| PB 0x0000000742e00000| Untracked 
|   8|0x0000000743000000, 0x0000000743200000, 0x0000000743200000|100%| O|  |TAMS 0x0000000743000000| PB 0x0000000743000000| Untracked 
|   9|0x0000000743200000, 0x0000000743400000, 0x0000000743400000|100%| O|  |TAMS 0x0000000743200000| PB 0x0000000743200000| Untracked 
|  10|0x0000000743400000, 0x0000000743600000, 0x0000000743600000|100%| O|  |TAMS 0x0000000743400000| PB 0x0000000743400000| Untracked 
|  11|0x0000000743600000, 0x0000000743800000, 0x0000000743800000|100%| O|  |TAMS 0x0000000743600000| PB 0x0000000743600000| Untracked 
|  12|0x0000000743800000, 0x0000000743a00000, 0x0000000743a00000|100%| O|  |TAMS 0x0000000743800000| PB 0x0000000743800000| Untracked 
|  13|0x0000000743a00000, 0x0000000743c00000, 0x0000000743c00000|100%| O|  |TAMS 0x0000000743a00000| PB 0x0000000743a00000| Untracked 
|  14|0x0000000743c00000, 0x0000000743e00000, 0x0000000743e00000|100%| O|  |TAMS 0x0000000743c00000| PB 0x0000000743c00000| Untracked 
|  15|0x0000000743e00000, 0x0000000744000000, 0x0000000744000000|100%| O|  |TAMS 0x0000000743e00000| PB 0x0000000743e00000| Untracked 
|  16|0x0000000744000000, 0x0000000744200000, 0x0000000744200000|100%| O|  |TAMS 0x0000000744000000| PB 0x0000000744000000| Untracked 
|  17|0x0000000744200000, 0x0000000744400000, 0x0000000744400000|100%| O|  |TAMS 0x0000000744200000| PB 0x0000000744200000| Untracked 
|  18|0x0000000744400000, 0x0000000744600000, 0x0000000744600000|100%| O|  |TAMS 0x0000000744400000| PB 0x0000000744400000| Untracked 
|  19|0x0000000744600000, 0x0000000744800000, 0x0000000744800000|100%| O|  |TAMS 0x0000000744600000| PB 0x0000000744600000| Untracked 
|  20|0x0000000744800000, 0x0000000744a00000, 0x0000000744a00000|100%| O|  |TAMS 0x0000000744800000| PB 0x0000000744800000| Untracked 
|  21|0x0000000744a00000, 0x0000000744c00000, 0x0000000744c00000|100%| O|  |TAMS 0x0000000744a00000| PB 0x0000000744a00000| Untracked 
|  22|0x0000000744c00000, 0x0000000744e00000, 0x0000000744e00000|100%| O|  |TAMS 0x0000000744c00000| PB 0x0000000744c00000| Untracked 
|  23|0x0000000744e00000, 0x0000000745000000, 0x0000000745000000|100%| O|  |TAMS 0x0000000744e00000| PB 0x0000000744e00000| Untracked 
|  24|0x0000000745000000, 0x0000000745200000, 0x0000000745200000|100%| O|  |TAMS 0x0000000745000000| PB 0x0000000745000000| Untracked 
|  25|0x0000000745200000, 0x0000000745400000, 0x0000000745400000|100%| O|  |TAMS 0x0000000745200000| PB 0x0000000745200000| Untracked 
|  26|0x0000000745400000, 0x0000000745600000, 0x0000000745600000|100%| O|  |TAMS 0x0000000745400000| PB 0x0000000745400000| Untracked 
|  27|0x0000000745600000, 0x0000000745800000, 0x0000000745800000|100%| O|  |TAMS 0x0000000745600000| PB 0x0000000745600000| Untracked 
|  28|0x0000000745800000, 0x0000000745a00000, 0x0000000745a00000|100%| O|  |TAMS 0x0000000745800000| PB 0x0000000745800000| Untracked 
|  29|0x0000000745a00000, 0x0000000745c00000, 0x0000000745c00000|100%| O|  |TAMS 0x0000000745a00000| PB 0x0000000745a00000| Untracked 
|  30|0x0000000745c00000, 0x0000000745e00000, 0x0000000745e00000|100%| O|  |TAMS 0x0000000745c00000| PB 0x0000000745c00000| Untracked 
|  31|0x0000000745e00000, 0x0000000746000000, 0x0000000746000000|100%|HS|  |TAMS 0x0000000745e00000| PB 0x0000000745e00000| Complete 
|  32|0x0000000746000000, 0x0000000746200000, 0x0000000746200000|100%| O|  |TAMS 0x0000000746000000| PB 0x0000000746000000| Untracked 
|  33|0x0000000746200000, 0x0000000746400000, 0x0000000746400000|100%| O|  |TAMS 0x0000000746200000| PB 0x0000000746200000| Untracked 
|  34|0x0000000746400000, 0x0000000746600000, 0x0000000746600000|100%| O|  |TAMS 0x0000000746400000| PB 0x0000000746400000| Untracked 
|  35|0x0000000746600000, 0x0000000746800000, 0x0000000746800000|100%| O|  |TAMS 0x0000000746600000| PB 0x0000000746600000| Untracked 
|  36|0x0000000746800000, 0x0000000746a00000, 0x0000000746a00000|100%| O|  |TAMS 0x0000000746800000| PB 0x0000000746800000| Untracked 
|  37|0x0000000746a00000, 0x0000000746c00000, 0x0000000746c00000|100%| O|  |TAMS 0x0000000746a00000| PB 0x0000000746a00000| Untracked 
|  38|0x0000000746c00000, 0x0000000746e00000, 0x0000000746e00000|100%| O|  |TAMS 0x0000000746c00000| PB 0x0000000746c00000| Untracked 
|  39|0x0000000746e00000, 0x0000000747000000, 0x0000000747000000|100%| O|  |TAMS 0x0000000746e00000| PB 0x0000000746e00000| Untracked 
|  40|0x0000000747000000, 0x0000000747200000, 0x0000000747200000|100%| O|  |TAMS 0x0000000747000000| PB 0x0000000747000000| Untracked 
|  41|0x0000000747200000, 0x0000000747400000, 0x0000000747400000|100%| O|  |TAMS 0x0000000747200000| PB 0x0000000747200000| Untracked 
|  42|0x0000000747400000, 0x0000000747600000, 0x0000000747600000|100%| O|  |TAMS 0x0000000747400000| PB 0x0000000747400000| Untracked 
|  43|0x0000000747600000, 0x0000000747800000, 0x0000000747800000|100%| O|  |TAMS 0x0000000747600000| PB 0x0000000747600000| Untracked 
|  44|0x0000000747800000, 0x0000000747a00000, 0x0000000747a00000|100%| O|  |TAMS 0x0000000747800000| PB 0x0000000747800000| Untracked 
|  45|0x0000000747a00000, 0x0000000747c00000, 0x0000000747c00000|100%| O|  |TAMS 0x0000000747a00000| PB 0x0000000747a00000| Untracked 
|  46|0x0000000747c00000, 0x0000000747e00000, 0x0000000747e00000|100%| O|  |TAMS 0x0000000747c00000| PB 0x0000000747c00000| Untracked 
|  47|0x0000000747e00000, 0x0000000748000000, 0x0000000748000000|100%|HS|  |TAMS 0x0000000747e00000| PB 0x0000000747e00000| Complete 
|  48|0x0000000748000000, 0x0000000748200000, 0x0000000748200000|100%|HS|  |TAMS 0x0000000748000000| PB 0x0000000748000000| Complete 
|  49|0x0000000748200000, 0x0000000748400000, 0x0000000748400000|100%| O|  |TAMS 0x0000000748200000| PB 0x0000000748200000| Untracked 
|  50|0x0000000748400000, 0x0000000748600000, 0x0000000748600000|100%| O|  |TAMS 0x0000000748400000| PB 0x0000000748400000| Untracked 
|  51|0x0000000748600000, 0x0000000748800000, 0x0000000748800000|100%| O|  |TAMS 0x0000000748600000| PB 0x0000000748600000| Untracked 
|  52|0x0000000748800000, 0x0000000748a00000, 0x0000000748a00000|100%| O|  |TAMS 0x0000000748800000| PB 0x0000000748800000| Untracked 
|  53|0x0000000748a00000, 0x0000000748c00000, 0x0000000748c00000|100%| O|  |TAMS 0x0000000748a00000| PB 0x0000000748a00000| Untracked 
|  54|0x0000000748c00000, 0x0000000748e00000, 0x0000000748e00000|100%| O|  |TAMS 0x0000000748c00000| PB 0x0000000748c00000| Untracked 
|  55|0x0000000748e00000, 0x0000000749000000, 0x0000000749000000|100%| O|  |TAMS 0x0000000748e00000| PB 0x0000000748e00000| Untracked 
|  56|0x0000000749000000, 0x0000000749200000, 0x0000000749200000|100%| O|  |TAMS 0x0000000749000000| PB 0x0000000749000000| Untracked 
|  57|0x0000000749200000, 0x0000000749400000, 0x0000000749400000|100%| O|  |TAMS 0x0000000749200000| PB 0x0000000749200000| Untracked 
|  58|0x0000000749400000, 0x0000000749600000, 0x0000000749600000|100%| O|  |TAMS 0x0000000749400000| PB 0x0000000749400000| Untracked 
|  59|0x0000000749600000, 0x0000000749800000, 0x0000000749800000|100%| O|  |TAMS 0x0000000749600000| PB 0x0000000749600000| Untracked 
|  60|0x0000000749800000, 0x0000000749a00000, 0x0000000749a00000|100%| O|  |TAMS 0x0000000749800000| PB 0x0000000749800000| Untracked 
|  61|0x0000000749a00000, 0x0000000749c00000, 0x0000000749c00000|100%| O|  |TAMS 0x0000000749a00000| PB 0x0000000749a00000| Untracked 
|  62|0x0000000749c00000, 0x0000000749e00000, 0x0000000749e00000|100%| O|  |TAMS 0x0000000749c00000| PB 0x0000000749c00000| Untracked 
|  63|0x0000000749e00000, 0x000000074a000000, 0x000000074a000000|100%| O|  |TAMS 0x0000000749e00000| PB 0x0000000749e00000| Untracked 
|  64|0x000000074a000000, 0x000000074a200000, 0x000000074a200000|100%| O|  |TAMS 0x000000074a000000| PB 0x000000074a000000| Untracked 
|  65|0x000000074a200000, 0x000000074a400000, 0x000000074a400000|100%| O|  |TAMS 0x000000074a200000| PB 0x000000074a200000| Untracked 
|  66|0x000000074a400000, 0x000000074a600000, 0x000000074a600000|100%| O|  |TAMS 0x000000074a400000| PB 0x000000074a400000| Untracked 
|  67|0x000000074a600000, 0x000000074a800000, 0x000000074a800000|100%| O|  |TAMS 0x000000074a600000| PB 0x000000074a600000| Untracked 
|  68|0x000000074a800000, 0x000000074aa00000, 0x000000074aa00000|100%| O|  |TAMS 0x000000074a800000| PB 0x000000074a800000| Untracked 
|  69|0x000000074aa00000, 0x000000074ac00000, 0x000000074ac00000|100%| O|  |TAMS 0x000000074aa00000| PB 0x000000074aa00000| Untracked 
|  70|0x000000074ac00000, 0x000000074ae00000, 0x000000074ae00000|100%| O|  |TAMS 0x000000074ac00000| PB 0x000000074ac00000| Untracked 
|  71|0x000000074ae00000, 0x000000074b000000, 0x000000074b000000|100%| O|  |TAMS 0x000000074ae00000| PB 0x000000074ae00000| Untracked 
|  72|0x000000074b000000, 0x000000074b200000, 0x000000074b200000|100%| O|  |TAMS 0x000000074b000000| PB 0x000000074b000000| Untracked 
|  73|0x000000074b200000, 0x000000074b400000, 0x000000074b400000|100%| O|  |TAMS 0x000000074b200000| PB 0x000000074b200000| Untracked 
|  74|0x000000074b400000, 0x000000074b600000, 0x000000074b600000|100%| O|  |TAMS 0x000000074b400000| PB 0x000000074b400000| Untracked 
|  75|0x000000074b600000, 0x000000074b800000, 0x000000074b800000|100%| O|  |TAMS 0x000000074b600000| PB 0x000000074b600000| Untracked 
|  76|0x000000074b800000, 0x000000074ba00000, 0x000000074ba00000|100%| O|  |TAMS 0x000000074b800000| PB 0x000000074b800000| Untracked 
|  77|0x000000074ba00000, 0x000000074bc00000, 0x000000074bc00000|100%| O|  |TAMS 0x000000074ba00000| PB 0x000000074ba00000| Untracked 
|  78|0x000000074bc00000, 0x000000074be00000, 0x000000074be00000|100%| O|  |TAMS 0x000000074bc00000| PB 0x000000074bc00000| Untracked 
|  79|0x000000074be00000, 0x000000074c000000, 0x000000074c000000|100%| O|  |TAMS 0x000000074be00000| PB 0x000000074be00000| Untracked 
|  80|0x000000074c000000, 0x000000074c200000, 0x000000074c200000|100%| O|  |TAMS 0x000000074c000000| PB 0x000000074c000000| Untracked 
|  81|0x000000074c200000, 0x000000074c400000, 0x000000074c400000|100%| O|  |TAMS 0x000000074c200000| PB 0x000000074c200000| Untracked 
|  82|0x000000074c400000, 0x000000074c600000, 0x000000074c600000|100%| O|  |TAMS 0x000000074c400000| PB 0x000000074c400000| Untracked 
|  83|0x000000074c600000, 0x000000074c800000, 0x000000074c800000|100%| O|  |TAMS 0x000000074c600000| PB 0x000000074c600000| Untracked 
|  84|0x000000074c800000, 0x000000074ca00000, 0x000000074ca00000|100%| O|  |TAMS 0x000000074c800000| PB 0x000000074c800000| Untracked 
|  85|0x000000074ca00000, 0x000000074cc00000, 0x000000074cc00000|100%| O|  |TAMS 0x000000074ca00000| PB 0x000000074ca00000| Untracked 
|  86|0x000000074cc00000, 0x000000074ce00000, 0x000000074ce00000|100%| O|  |TAMS 0x000000074cc00000| PB 0x000000074cc00000| Untracked 
|  87|0x000000074ce00000, 0x000000074d000000, 0x000000074d000000|100%| O|  |TAMS 0x000000074ce00000| PB 0x000000074ce00000| Untracked 
|  88|0x000000074d000000, 0x000000074d200000, 0x000000074d200000|100%| O|  |TAMS 0x000000074d000000| PB 0x000000074d000000| Untracked 
|  89|0x000000074d200000, 0x000000074d400000, 0x000000074d400000|100%| O|  |TAMS 0x000000074d200000| PB 0x000000074d200000| Untracked 
|  90|0x000000074d400000, 0x000000074d600000, 0x000000074d600000|100%| O|  |TAMS 0x000000074d400000| PB 0x000000074d400000| Untracked 
|  91|0x000000074d600000, 0x000000074d800000, 0x000000074d800000|100%| O|  |TAMS 0x000000074d600000| PB 0x000000074d600000| Untracked 
|  92|0x000000074d800000, 0x000000074da00000, 0x000000074da00000|100%| O|  |TAMS 0x000000074d800000| PB 0x000000074d800000| Untracked 
|  93|0x000000074da00000, 0x000000074dc00000, 0x000000074dc00000|100%| O|  |TAMS 0x000000074da00000| PB 0x000000074da00000| Untracked 
|  94|0x000000074dc00000, 0x000000074de00000, 0x000000074de00000|100%| O|  |TAMS 0x000000074dc00000| PB 0x000000074dc00000| Untracked 
|  95|0x000000074de00000, 0x000000074e000000, 0x000000074e000000|100%| O|  |TAMS 0x000000074de00000| PB 0x000000074de00000| Untracked 
|  96|0x000000074e000000, 0x000000074e200000, 0x000000074e200000|100%| O|  |TAMS 0x000000074e000000| PB 0x000000074e000000| Untracked 
|  97|0x000000074e200000, 0x000000074e400000, 0x000000074e400000|100%| O|  |TAMS 0x000000074e200000| PB 0x000000074e200000| Untracked 
|  98|0x000000074e400000, 0x000000074e600000, 0x000000074e600000|100%| O|  |TAMS 0x000000074e400000| PB 0x000000074e400000| Untracked 
|  99|0x000000074e600000, 0x000000074e800000, 0x000000074e800000|100%| O|  |TAMS 0x000000074e600000| PB 0x000000074e600000| Untracked 
| 100|0x000000074e800000, 0x000000074ea00000, 0x000000074ea00000|100%| O|  |TAMS 0x000000074e800000| PB 0x000000074e800000| Untracked 
| 101|0x000000074ea00000, 0x000000074ec00000, 0x000000074ec00000|100%|HS|  |TAMS 0x000000074ea00000| PB 0x000000074ea00000| Complete 
| 102|0x000000074ec00000, 0x000000074ee00000, 0x000000074ee00000|100%|HS|  |TAMS 0x000000074ec00000| PB 0x000000074ec00000| Complete 
| 103|0x000000074ee00000, 0x000000074f000000, 0x000000074f000000|100%| O|  |TAMS 0x000000074ee00000| PB 0x000000074ee00000| Untracked 
| 104|0x000000074f000000, 0x000000074f200000, 0x000000074f200000|100%| O|  |TAMS 0x000000074f000000| PB 0x000000074f000000| Untracked 
| 105|0x000000074f200000, 0x000000074f400000, 0x000000074f400000|100%| O|  |TAMS 0x000000074f200000| PB 0x000000074f200000| Untracked 
| 106|0x000000074f400000, 0x000000074f600000, 0x000000074f600000|100%| O|  |TAMS 0x000000074f400000| PB 0x000000074f400000| Untracked 
| 107|0x000000074f600000, 0x000000074f800000, 0x000000074f800000|100%| O|  |TAMS 0x000000074f600000| PB 0x000000074f600000| Untracked 
| 108|0x000000074f800000, 0x000000074fa00000, 0x000000074fa00000|100%| O|  |TAMS 0x000000074f800000| PB 0x000000074f800000| Untracked 
| 109|0x000000074fa00000, 0x000000074fc00000, 0x000000074fc00000|100%| O|  |TAMS 0x000000074fa00000| PB 0x000000074fa00000| Untracked 
| 110|0x000000074fc00000, 0x000000074fe00000, 0x000000074fe00000|100%| O|  |TAMS 0x000000074fc00000| PB 0x000000074fc00000| Untracked 
| 111|0x000000074fe00000, 0x0000000750000000, 0x0000000750000000|100%| O|  |TAMS 0x000000074fe00000| PB 0x000000074fe00000| Untracked 
| 112|0x0000000750000000, 0x0000000750200000, 0x0000000750200000|100%| O|  |TAMS 0x0000000750000000| PB 0x0000000750000000| Untracked 
| 113|0x0000000750200000, 0x0000000750400000, 0x0000000750400000|100%|HS|  |TAMS 0x0000000750200000| PB 0x0000000750200000| Complete 
| 114|0x0000000750400000, 0x0000000750600000, 0x0000000750600000|100%| O|Cm|TAMS 0x0000000750400000| PB 0x0000000750400000| Complete 
| 115|0x0000000750600000, 0x0000000750800000, 0x0000000750800000|100%| O|  |TAMS 0x0000000750600000| PB 0x0000000750600000| Untracked 
| 116|0x0000000750800000, 0x0000000750a00000, 0x0000000750a00000|100%| O|  |TAMS 0x0000000750800000| PB 0x0000000750800000| Untracked 
| 117|0x0000000750a00000, 0x0000000750c00000, 0x0000000750c00000|100%| O|  |TAMS 0x0000000750a00000| PB 0x0000000750a00000| Untracked 
| 118|0x0000000750c00000, 0x0000000750e00000, 0x0000000750e00000|100%| O|  |TAMS 0x0000000750c00000| PB 0x0000000750c00000| Untracked 
| 119|0x0000000750e00000, 0x0000000751000000, 0x0000000751000000|100%| O|  |TAMS 0x0000000750e00000| PB 0x0000000750e00000| Untracked 
| 120|0x0000000751000000, 0x0000000751200000, 0x0000000751200000|100%| O|  |TAMS 0x0000000751000000| PB 0x0000000751000000| Untracked 
| 121|0x0000000751200000, 0x0000000751400000, 0x0000000751400000|100%| O|  |TAMS 0x0000000751200000| PB 0x0000000751200000| Untracked 
| 122|0x0000000751400000, 0x0000000751600000, 0x0000000751600000|100%| O|  |TAMS 0x0000000751400000| PB 0x0000000751400000| Untracked 
| 123|0x0000000751600000, 0x0000000751800000, 0x0000000751800000|100%| O|  |TAMS 0x0000000751600000| PB 0x0000000751600000| Untracked 
| 124|0x0000000751800000, 0x0000000751a00000, 0x0000000751a00000|100%| O|  |TAMS 0x0000000751800000| PB 0x0000000751800000| Untracked 
| 125|0x0000000751a00000, 0x0000000751c00000, 0x0000000751c00000|100%| O|  |TAMS 0x0000000751a00000| PB 0x0000000751a00000| Untracked 
| 126|0x0000000751c00000, 0x0000000751e00000, 0x0000000751e00000|100%| O|  |TAMS 0x0000000751c00000| PB 0x0000000751c00000| Untracked 
| 127|0x0000000751e00000, 0x0000000752000000, 0x0000000752000000|100%| O|  |TAMS 0x0000000751e00000| PB 0x0000000751e00000| Untracked 
| 128|0x0000000752000000, 0x0000000752200000, 0x0000000752200000|100%| O|  |TAMS 0x0000000752000000| PB 0x0000000752000000| Untracked 
| 129|0x0000000752200000, 0x0000000752400000, 0x0000000752400000|100%| O|  |TAMS 0x0000000752200000| PB 0x0000000752200000| Untracked 
| 130|0x0000000752400000, 0x0000000752600000, 0x0000000752600000|100%| O|  |TAMS 0x0000000752400000| PB 0x0000000752400000| Untracked 
| 131|0x0000000752600000, 0x0000000752800000, 0x0000000752800000|100%| O|  |TAMS 0x0000000752600000| PB 0x0000000752600000| Untracked 
| 132|0x0000000752800000, 0x0000000752a00000, 0x0000000752a00000|100%| O|  |TAMS 0x0000000752800000| PB 0x0000000752800000| Untracked 
| 133|0x0000000752a00000, 0x0000000752c00000, 0x0000000752c00000|100%| O|  |TAMS 0x0000000752a00000| PB 0x0000000752a00000| Untracked 
| 134|0x0000000752c00000, 0x0000000752e00000, 0x0000000752e00000|100%| O|  |TAMS 0x0000000752c00000| PB 0x0000000752c00000| Untracked 
| 135|0x0000000752e00000, 0x0000000753000000, 0x0000000753000000|100%| O|  |TAMS 0x0000000752e00000| PB 0x0000000752e00000| Untracked 
| 136|0x0000000753000000, 0x0000000753200000, 0x0000000753200000|100%| O|  |TAMS 0x0000000753000000| PB 0x0000000753000000| Untracked 
| 137|0x0000000753200000, 0x0000000753400000, 0x0000000753400000|100%| O|  |TAMS 0x0000000753200000| PB 0x0000000753200000| Untracked 
| 138|0x0000000753400000, 0x0000000753600000, 0x0000000753600000|100%| O|  |TAMS 0x0000000753400000| PB 0x0000000753400000| Untracked 
| 139|0x0000000753600000, 0x0000000753800000, 0x0000000753800000|100%| O|  |TAMS 0x0000000753600000| PB 0x0000000753600000| Untracked 
| 140|0x0000000753800000, 0x0000000753a00000, 0x0000000753a00000|100%| O|  |TAMS 0x0000000753800000| PB 0x0000000753800000| Untracked 
| 141|0x0000000753a00000, 0x0000000753c00000, 0x0000000753c00000|100%| O|  |TAMS 0x0000000753a00000| PB 0x0000000753a00000| Untracked 
| 142|0x0000000753c00000, 0x0000000753e00000, 0x0000000753e00000|100%| O|  |TAMS 0x0000000753c00000| PB 0x0000000753c00000| Untracked 
| 143|0x0000000753e00000, 0x0000000754000000, 0x0000000754000000|100%| O|  |TAMS 0x0000000753e00000| PB 0x0000000753e00000| Untracked 
| 144|0x0000000754000000, 0x0000000754200000, 0x0000000754200000|100%| O|  |TAMS 0x0000000754000000| PB 0x0000000754000000| Untracked 
| 145|0x0000000754200000, 0x0000000754400000, 0x0000000754400000|100%| O|  |TAMS 0x0000000754200000| PB 0x0000000754200000| Untracked 
| 146|0x0000000754400000, 0x0000000754600000, 0x0000000754600000|100%| O|  |TAMS 0x0000000754400000| PB 0x0000000754400000| Untracked 
| 147|0x0000000754600000, 0x0000000754800000, 0x0000000754800000|100%| O|  |TAMS 0x0000000754600000| PB 0x0000000754600000| Untracked 
| 148|0x0000000754800000, 0x0000000754a00000, 0x0000000754a00000|100%| O|  |TAMS 0x0000000754800000| PB 0x0000000754800000| Untracked 
| 149|0x0000000754a00000, 0x0000000754c00000, 0x0000000754c00000|100%| O|  |TAMS 0x0000000754a00000| PB 0x0000000754a00000| Untracked 
| 150|0x0000000754c00000, 0x0000000754e00000, 0x0000000754e00000|100%| O|  |TAMS 0x0000000754c00000| PB 0x0000000754c00000| Untracked 
| 151|0x0000000754e00000, 0x0000000755000000, 0x0000000755000000|100%| O|  |TAMS 0x0000000754e00000| PB 0x0000000754e00000| Untracked 
| 152|0x0000000755000000, 0x0000000755200000, 0x0000000755200000|100%| O|  |TAMS 0x0000000755000000| PB 0x0000000755000000| Untracked 
| 153|0x0000000755200000, 0x0000000755400000, 0x0000000755400000|100%| O|  |TAMS 0x0000000755200000| PB 0x0000000755200000| Untracked 
| 154|0x0000000755400000, 0x0000000755600000, 0x0000000755600000|100%| O|  |TAMS 0x0000000755400000| PB 0x0000000755400000| Untracked 
| 155|0x0000000755600000, 0x0000000755800000, 0x0000000755800000|100%| O|  |TAMS 0x0000000755600000| PB 0x0000000755600000| Untracked 
| 156|0x0000000755800000, 0x0000000755a00000, 0x0000000755a00000|100%| O|  |TAMS 0x0000000755800000| PB 0x0000000755800000| Untracked 
| 157|0x0000000755a00000, 0x0000000755c00000, 0x0000000755c00000|100%| O|  |TAMS 0x0000000755a00000| PB 0x0000000755a00000| Untracked 
| 158|0x0000000755c00000, 0x0000000755e00000, 0x0000000755e00000|100%| O|  |TAMS 0x0000000755c00000| PB 0x0000000755c00000| Untracked 
| 159|0x0000000755e00000, 0x0000000756000000, 0x0000000756000000|100%| O|  |TAMS 0x0000000755e00000| PB 0x0000000755e00000| Untracked 
| 160|0x0000000756000000, 0x0000000756200000, 0x0000000756200000|100%| O|  |TAMS 0x0000000756000000| PB 0x0000000756000000| Untracked 
| 161|0x0000000756200000, 0x0000000756400000, 0x0000000756400000|100%| O|  |TAMS 0x0000000756200000| PB 0x0000000756200000| Untracked 
| 162|0x0000000756400000, 0x0000000756600000, 0x0000000756600000|100%| O|  |TAMS 0x0000000756400000| PB 0x0000000756400000| Untracked 
| 163|0x0000000756600000, 0x0000000756800000, 0x0000000756800000|100%| O|  |TAMS 0x0000000756600000| PB 0x0000000756600000| Untracked 
| 164|0x0000000756800000, 0x0000000756a00000, 0x0000000756a00000|100%| O|  |TAMS 0x0000000756800000| PB 0x0000000756800000| Untracked 
| 165|0x0000000756a00000, 0x0000000756c00000, 0x0000000756c00000|100%| O|  |TAMS 0x0000000756a00000| PB 0x0000000756a00000| Untracked 
| 166|0x0000000756c00000, 0x0000000756e00000, 0x0000000756e00000|100%| O|  |TAMS 0x0000000756c00000| PB 0x0000000756c00000| Untracked 
| 167|0x0000000756e00000, 0x0000000757000000, 0x0000000757000000|100%| O|  |TAMS 0x0000000756e00000| PB 0x0000000756e00000| Untracked 
| 168|0x0000000757000000, 0x0000000757200000, 0x0000000757200000|100%| O|  |TAMS 0x0000000757000000| PB 0x0000000757000000| Untracked 
| 169|0x0000000757200000, 0x0000000757400000, 0x0000000757400000|100%| O|  |TAMS 0x0000000757200000| PB 0x0000000757200000| Untracked 
| 170|0x0000000757400000, 0x0000000757600000, 0x0000000757600000|100%| O|Cm|TAMS 0x0000000757400000| PB 0x0000000757400000| Complete 
| 171|0x0000000757600000, 0x0000000757800000, 0x0000000757800000|100%| O|  |TAMS 0x0000000757600000| PB 0x0000000757600000| Untracked 
| 172|0x0000000757800000, 0x0000000757a00000, 0x0000000757a00000|100%| O|  |TAMS 0x0000000757800000| PB 0x0000000757800000| Untracked 
| 173|0x0000000757a00000, 0x0000000757c00000, 0x0000000757c00000|100%| O|  |TAMS 0x0000000757a00000| PB 0x0000000757a00000| Untracked 
| 174|0x0000000757c00000, 0x0000000757e00000, 0x0000000757e00000|100%| O|  |TAMS 0x0000000757c00000| PB 0x0000000757c00000| Untracked 
| 175|0x0000000757e00000, 0x0000000758000000, 0x0000000758000000|100%| O|  |TAMS 0x0000000757e00000| PB 0x0000000757e00000| Untracked 
| 176|0x0000000758000000, 0x0000000758200000, 0x0000000758200000|100%| O|  |TAMS 0x0000000758000000| PB 0x0000000758000000| Untracked 
| 177|0x0000000758200000, 0x0000000758400000, 0x0000000758400000|100%| O|  |TAMS 0x0000000758200000| PB 0x0000000758200000| Untracked 
| 178|0x0000000758400000, 0x0000000758600000, 0x0000000758600000|100%| O|  |TAMS 0x0000000758400000| PB 0x0000000758400000| Untracked 
| 179|0x0000000758600000, 0x0000000758800000, 0x0000000758800000|100%| O|  |TAMS 0x0000000758600000| PB 0x0000000758600000| Untracked 
| 180|0x0000000758800000, 0x0000000758a00000, 0x0000000758a00000|100%| O|  |TAMS 0x0000000758800000| PB 0x0000000758800000| Untracked 
| 181|0x0000000758a00000, 0x0000000758c00000, 0x0000000758c00000|100%| O|  |TAMS 0x0000000758a00000| PB 0x0000000758a00000| Untracked 
| 182|0x0000000758c00000, 0x0000000758e00000, 0x0000000758e00000|100%| O|  |TAMS 0x0000000758c00000| PB 0x0000000758c00000| Untracked 
| 183|0x0000000758e00000, 0x0000000759000000, 0x0000000759000000|100%| O|  |TAMS 0x0000000758e00000| PB 0x0000000758e00000| Untracked 
| 184|0x0000000759000000, 0x0000000759200000, 0x0000000759200000|100%|HS|  |TAMS 0x0000000759000000| PB 0x0000000759000000| Complete 
| 185|0x0000000759200000, 0x0000000759400000, 0x0000000759400000|100%|HC|  |TAMS 0x0000000759200000| PB 0x0000000759200000| Complete 
| 186|0x0000000759400000, 0x0000000759600000, 0x0000000759600000|100%|HC|  |TAMS 0x0000000759400000| PB 0x0000000759400000| Complete 
| 187|0x0000000759600000, 0x0000000759800000, 0x0000000759800000|100%|HS|  |TAMS 0x0000000759600000| PB 0x0000000759600000| Complete 
| 188|0x0000000759800000, 0x0000000759a00000, 0x0000000759a00000|100%|HC|  |TAMS 0x0000000759800000| PB 0x0000000759800000| Complete 
| 189|0x0000000759a00000, 0x0000000759c00000, 0x0000000759c00000|100%|HC|  |TAMS 0x0000000759a00000| PB 0x0000000759a00000| Complete 
| 190|0x0000000759c00000, 0x0000000759e00000, 0x0000000759e00000|100%| O|  |TAMS 0x0000000759c00000| PB 0x0000000759c00000| Untracked 
| 191|0x0000000759e00000, 0x000000075a000000, 0x000000075a000000|100%| O|  |TAMS 0x0000000759e00000| PB 0x0000000759e00000| Untracked 
| 192|0x000000075a000000, 0x000000075a200000, 0x000000075a200000|100%| O|  |TAMS 0x000000075a000000| PB 0x000000075a000000| Untracked 
| 193|0x000000075a200000, 0x000000075a400000, 0x000000075a400000|100%| O|  |TAMS 0x000000075a200000| PB 0x000000075a200000| Untracked 
| 194|0x000000075a400000, 0x000000075a600000, 0x000000075a600000|100%| O|  |TAMS 0x000000075a400000| PB 0x000000075a400000| Untracked 
| 195|0x000000075a600000, 0x000000075a800000, 0x000000075a800000|100%| O|  |TAMS 0x000000075a600000| PB 0x000000075a600000| Untracked 
| 196|0x000000075a800000, 0x000000075aa00000, 0x000000075aa00000|100%| O|  |TAMS 0x000000075a800000| PB 0x000000075a800000| Untracked 
| 197|0x000000075aa00000, 0x000000075ac00000, 0x000000075ac00000|100%| O|  |TAMS 0x000000075aa00000| PB 0x000000075aa00000| Untracked 
| 198|0x000000075ac00000, 0x000000075ae00000, 0x000000075ae00000|100%| O|  |TAMS 0x000000075ac00000| PB 0x000000075ac00000| Untracked 
| 199|0x000000075ae00000, 0x000000075b000000, 0x000000075b000000|100%| O|  |TAMS 0x000000075ae00000| PB 0x000000075ae00000| Untracked 
| 200|0x000000075b000000, 0x000000075b200000, 0x000000075b200000|100%| O|  |TAMS 0x000000075b000000| PB 0x000000075b000000| Untracked 
| 201|0x000000075b200000, 0x000000075b400000, 0x000000075b400000|100%| O|  |TAMS 0x000000075b200000| PB 0x000000075b200000| Untracked 
| 202|0x000000075b400000, 0x000000075b600000, 0x000000075b600000|100%| O|  |TAMS 0x000000075b400000| PB 0x000000075b400000| Untracked 
| 203|0x000000075b600000, 0x000000075b800000, 0x000000075b800000|100%| O|  |TAMS 0x000000075b600000| PB 0x000000075b600000| Untracked 
| 204|0x000000075b800000, 0x000000075ba00000, 0x000000075ba00000|100%| O|  |TAMS 0x000000075b800000| PB 0x000000075b800000| Untracked 
| 205|0x000000075ba00000, 0x000000075bc00000, 0x000000075bc00000|100%| O|  |TAMS 0x000000075ba00000| PB 0x000000075ba00000| Untracked 
| 206|0x000000075bc00000, 0x000000075be00000, 0x000000075be00000|100%| O|  |TAMS 0x000000075bc00000| PB 0x000000075bc00000| Untracked 
| 207|0x000000075be00000, 0x000000075c000000, 0x000000075c000000|100%| O|  |TAMS 0x000000075be00000| PB 0x000000075be00000| Untracked 
| 208|0x000000075c000000, 0x000000075c200000, 0x000000075c200000|100%| O|  |TAMS 0x000000075c000000| PB 0x000000075c000000| Untracked 
| 209|0x000000075c200000, 0x000000075c400000, 0x000000075c400000|100%| O|  |TAMS 0x000000075c200000| PB 0x000000075c200000| Untracked 
| 210|0x000000075c400000, 0x000000075c600000, 0x000000075c600000|100%| O|  |TAMS 0x000000075c400000| PB 0x000000075c400000| Untracked 
| 211|0x000000075c600000, 0x000000075c800000, 0x000000075c800000|100%| O|  |TAMS 0x000000075c600000| PB 0x000000075c600000| Untracked 
| 212|0x000000075c800000, 0x000000075ca00000, 0x000000075ca00000|100%| O|  |TAMS 0x000000075c800000| PB 0x000000075c800000| Untracked 
| 213|0x000000075ca00000, 0x000000075cc00000, 0x000000075cc00000|100%| O|  |TAMS 0x000000075ca00000| PB 0x000000075ca00000| Untracked 
| 214|0x000000075cc00000, 0x000000075ce00000, 0x000000075ce00000|100%| O|  |TAMS 0x000000075cc00000| PB 0x000000075cc00000| Untracked 
| 215|0x000000075ce00000, 0x000000075d000000, 0x000000075d000000|100%| O|  |TAMS 0x000000075ce00000| PB 0x000000075ce00000| Untracked 
| 216|0x000000075d000000, 0x000000075d200000, 0x000000075d200000|100%| O|  |TAMS 0x000000075d000000| PB 0x000000075d000000| Untracked 
| 217|0x000000075d200000, 0x000000075d400000, 0x000000075d400000|100%| O|  |TAMS 0x000000075d200000| PB 0x000000075d200000| Untracked 
| 218|0x000000075d400000, 0x000000075d600000, 0x000000075d600000|100%| O|  |TAMS 0x000000075d400000| PB 0x000000075d400000| Untracked 
| 219|0x000000075d600000, 0x000000075d800000, 0x000000075d800000|100%| O|  |TAMS 0x000000075d600000| PB 0x000000075d600000| Untracked 
| 220|0x000000075d800000, 0x000000075da00000, 0x000000075da00000|100%| O|  |TAMS 0x000000075d800000| PB 0x000000075d800000| Untracked 
| 221|0x000000075da00000, 0x000000075dc00000, 0x000000075dc00000|100%| O|  |TAMS 0x000000075da00000| PB 0x000000075da00000| Untracked 
| 222|0x000000075dc00000, 0x000000075de00000, 0x000000075de00000|100%| O|  |TAMS 0x000000075dc00000| PB 0x000000075dc00000| Untracked 
| 223|0x000000075de00000, 0x000000075e000000, 0x000000075e000000|100%| O|  |TAMS 0x000000075de00000| PB 0x000000075de00000| Untracked 
| 224|0x000000075e000000, 0x000000075e200000, 0x000000075e200000|100%| O|  |TAMS 0x000000075e000000| PB 0x000000075e000000| Untracked 
| 225|0x000000075e200000, 0x000000075e400000, 0x000000075e400000|100%| O|  |TAMS 0x000000075e200000| PB 0x000000075e200000| Untracked 
| 226|0x000000075e400000, 0x000000075e600000, 0x000000075e600000|100%| O|  |TAMS 0x000000075e400000| PB 0x000000075e400000| Untracked 
| 227|0x000000075e600000, 0x000000075e800000, 0x000000075e800000|100%| O|  |TAMS 0x000000075e600000| PB 0x000000075e600000| Untracked 
| 228|0x000000075e800000, 0x000000075ea00000, 0x000000075ea00000|100%| O|  |TAMS 0x000000075e800000| PB 0x000000075e800000| Untracked 
| 229|0x000000075ea00000, 0x000000075ec00000, 0x000000075ec00000|100%| O|  |TAMS 0x000000075ea00000| PB 0x000000075ea00000| Untracked 
| 230|0x000000075ec00000, 0x000000075ee00000, 0x000000075ee00000|100%| O|  |TAMS 0x000000075ec00000| PB 0x000000075ec00000| Untracked 
| 231|0x000000075ee00000, 0x000000075f000000, 0x000000075f000000|100%| O|  |TAMS 0x000000075ee00000| PB 0x000000075ee00000| Untracked 
| 232|0x000000075f000000, 0x000000075f200000, 0x000000075f200000|100%| O|  |TAMS 0x000000075f000000| PB 0x000000075f000000| Untracked 
| 233|0x000000075f200000, 0x000000075f400000, 0x000000075f400000|100%| O|  |TAMS 0x000000075f200000| PB 0x000000075f200000| Untracked 
| 234|0x000000075f400000, 0x000000075f600000, 0x000000075f600000|100%| O|  |TAMS 0x000000075f400000| PB 0x000000075f400000| Untracked 
| 235|0x000000075f600000, 0x000000075f800000, 0x000000075f800000|100%| O|  |TAMS 0x000000075f600000| PB 0x000000075f600000| Untracked 
| 236|0x000000075f800000, 0x000000075fa00000, 0x000000075fa00000|100%| O|  |TAMS 0x000000075f800000| PB 0x000000075f800000| Untracked 
| 237|0x000000075fa00000, 0x000000075fc00000, 0x000000075fc00000|100%| O|  |TAMS 0x000000075fa00000| PB 0x000000075fa00000| Untracked 
| 238|0x000000075fc00000, 0x000000075fe00000, 0x000000075fe00000|100%| O|  |TAMS 0x000000075fc00000| PB 0x000000075fc00000| Untracked 
| 239|0x000000075fe00000, 0x0000000760000000, 0x0000000760000000|100%| O|  |TAMS 0x000000075fe00000| PB 0x000000075fe00000| Untracked 
| 240|0x0000000760000000, 0x0000000760200000, 0x0000000760200000|100%| O|  |TAMS 0x0000000760000000| PB 0x0000000760000000| Untracked 
| 241|0x0000000760200000, 0x0000000760400000, 0x0000000760400000|100%| O|  |TAMS 0x0000000760200000| PB 0x0000000760200000| Untracked 
| 242|0x0000000760400000, 0x0000000760600000, 0x0000000760600000|100%| O|  |TAMS 0x0000000760400000| PB 0x0000000760400000| Untracked 
| 243|0x0000000760600000, 0x0000000760800000, 0x0000000760800000|100%| O|  |TAMS 0x0000000760600000| PB 0x0000000760600000| Untracked 
| 244|0x0000000760800000, 0x0000000760a00000, 0x0000000760a00000|100%| O|  |TAMS 0x0000000760800000| PB 0x0000000760800000| Untracked 
| 245|0x0000000760a00000, 0x0000000760c00000, 0x0000000760c00000|100%| O|  |TAMS 0x0000000760a00000| PB 0x0000000760a00000| Untracked 
| 246|0x0000000760c00000, 0x0000000760e00000, 0x0000000760e00000|100%| O|  |TAMS 0x0000000760c00000| PB 0x0000000760c00000| Untracked 
| 247|0x0000000760e00000, 0x0000000761000000, 0x0000000761000000|100%| O|  |TAMS 0x0000000760e00000| PB 0x0000000760e00000| Untracked 
| 248|0x0000000761000000, 0x0000000761200000, 0x0000000761200000|100%| O|  |TAMS 0x0000000761000000| PB 0x0000000761000000| Untracked 
| 249|0x0000000761200000, 0x0000000761400000, 0x0000000761400000|100%| O|  |TAMS 0x0000000761200000| PB 0x0000000761200000| Untracked 
| 250|0x0000000761400000, 0x0000000761600000, 0x0000000761600000|100%| O|  |TAMS 0x0000000761400000| PB 0x0000000761400000| Untracked 
| 251|0x0000000761600000, 0x0000000761800000, 0x0000000761800000|100%| O|  |TAMS 0x0000000761600000| PB 0x0000000761600000| Untracked 
| 252|0x0000000761800000, 0x0000000761a00000, 0x0000000761a00000|100%|HS|  |TAMS 0x0000000761800000| PB 0x0000000761800000| Complete 
| 253|0x0000000761a00000, 0x0000000761c00000, 0x0000000761c00000|100%| O|  |TAMS 0x0000000761a00000| PB 0x0000000761a00000| Untracked 
| 254|0x0000000761c00000, 0x0000000761e00000, 0x0000000761e00000|100%| O|  |TAMS 0x0000000761c00000| PB 0x0000000761c00000| Untracked 
| 255|0x0000000761e00000, 0x0000000762000000, 0x0000000762000000|100%| O|  |TAMS 0x0000000761e00000| PB 0x0000000761e00000| Untracked 
| 256|0x0000000762000000, 0x0000000762200000, 0x0000000762200000|100%| O|  |TAMS 0x0000000762000000| PB 0x0000000762000000| Untracked 
| 257|0x0000000762200000, 0x0000000762400000, 0x0000000762400000|100%| O|  |TAMS 0x0000000762200000| PB 0x0000000762200000| Untracked 
| 258|0x0000000762400000, 0x0000000762600000, 0x0000000762600000|100%| O|  |TAMS 0x0000000762400000| PB 0x0000000762400000| Untracked 
| 259|0x0000000762600000, 0x0000000762800000, 0x0000000762800000|100%| O|  |TAMS 0x0000000762600000| PB 0x0000000762600000| Untracked 
| 260|0x0000000762800000, 0x0000000762a00000, 0x0000000762a00000|100%| O|  |TAMS 0x0000000762800000| PB 0x0000000762800000| Untracked 
| 261|0x0000000762a00000, 0x0000000762c00000, 0x0000000762c00000|100%| O|  |TAMS 0x0000000762a00000| PB 0x0000000762a00000| Untracked 
| 262|0x0000000762c00000, 0x0000000762e00000, 0x0000000762e00000|100%| O|  |TAMS 0x0000000762c00000| PB 0x0000000762c00000| Untracked 
| 263|0x0000000762e00000, 0x0000000763000000, 0x0000000763000000|100%|HS|  |TAMS 0x0000000762e00000| PB 0x0000000762e00000| Complete 
| 264|0x0000000763000000, 0x0000000763200000, 0x0000000763200000|100%|HS|  |TAMS 0x0000000763000000| PB 0x0000000763000000| Complete 
| 265|0x0000000763200000, 0x0000000763400000, 0x0000000763400000|100%|HC|  |TAMS 0x0000000763200000| PB 0x0000000763200000| Complete 
| 266|0x0000000763400000, 0x0000000763600000, 0x0000000763600000|100%|HC|  |TAMS 0x0000000763400000| PB 0x0000000763400000| Complete 
| 267|0x0000000763600000, 0x0000000763800000, 0x0000000763800000|100%| O|  |TAMS 0x0000000763600000| PB 0x0000000763600000| Untracked 
| 268|0x0000000763800000, 0x0000000763a00000, 0x0000000763a00000|100%| O|  |TAMS 0x0000000763800000| PB 0x0000000763800000| Untracked 
| 269|0x0000000763a00000, 0x0000000763c00000, 0x0000000763c00000|100%| O|  |TAMS 0x0000000763a00000| PB 0x0000000763a00000| Untracked 
| 270|0x0000000763c00000, 0x0000000763e00000, 0x0000000763e00000|100%| O|  |TAMS 0x0000000763c00000| PB 0x0000000763c00000| Untracked 
| 271|0x0000000763e00000, 0x0000000764000000, 0x0000000764000000|100%| O|  |TAMS 0x0000000763e00000| PB 0x0000000763e00000| Untracked 
| 272|0x0000000764000000, 0x0000000764200000, 0x0000000764200000|100%| O|  |TAMS 0x0000000764000000| PB 0x0000000764000000| Untracked 
| 273|0x0000000764200000, 0x0000000764400000, 0x0000000764400000|100%| O|  |TAMS 0x0000000764200000| PB 0x0000000764200000| Untracked 
| 274|0x0000000764400000, 0x0000000764600000, 0x0000000764600000|100%| O|  |TAMS 0x0000000764400000| PB 0x0000000764400000| Untracked 
| 275|0x0000000764600000, 0x0000000764800000, 0x0000000764800000|100%| O|  |TAMS 0x0000000764600000| PB 0x0000000764600000| Untracked 
| 276|0x0000000764800000, 0x0000000764a00000, 0x0000000764a00000|100%| O|  |TAMS 0x0000000764800000| PB 0x0000000764800000| Untracked 
| 277|0x0000000764a00000, 0x0000000764c00000, 0x0000000764c00000|100%| O|  |TAMS 0x0000000764a00000| PB 0x0000000764a00000| Untracked 
| 278|0x0000000764c00000, 0x0000000764e00000, 0x0000000764e00000|100%| O|  |TAMS 0x0000000764c00000| PB 0x0000000764c00000| Untracked 
| 279|0x0000000764e00000, 0x0000000765000000, 0x0000000765000000|100%| O|  |TAMS 0x0000000764e00000| PB 0x0000000764e00000| Untracked 
| 280|0x0000000765000000, 0x0000000765200000, 0x0000000765200000|100%| O|  |TAMS 0x0000000765000000| PB 0x0000000765000000| Untracked 
| 281|0x0000000765200000, 0x0000000765400000, 0x0000000765400000|100%| O|  |TAMS 0x0000000765200000| PB 0x0000000765200000| Untracked 
| 282|0x0000000765400000, 0x0000000765600000, 0x0000000765600000|100%| O|  |TAMS 0x0000000765400000| PB 0x0000000765400000| Untracked 
| 283|0x0000000765600000, 0x0000000765800000, 0x0000000765800000|100%| O|  |TAMS 0x0000000765600000| PB 0x0000000765600000| Untracked 
| 284|0x0000000765800000, 0x0000000765a00000, 0x0000000765a00000|100%| O|  |TAMS 0x0000000765800000| PB 0x0000000765800000| Untracked 
| 285|0x0000000765a00000, 0x0000000765c00000, 0x0000000765c00000|100%| O|  |TAMS 0x0000000765a00000| PB 0x0000000765a00000| Untracked 
| 286|0x0000000765c00000, 0x0000000765e00000, 0x0000000765e00000|100%| O|  |TAMS 0x0000000765c00000| PB 0x0000000765c00000| Untracked 
| 287|0x0000000765e00000, 0x0000000766000000, 0x0000000766000000|100%| O|  |TAMS 0x0000000765e00000| PB 0x0000000765e00000| Untracked 
| 288|0x0000000766000000, 0x0000000766200000, 0x0000000766200000|100%| O|  |TAMS 0x0000000766000000| PB 0x0000000766000000| Untracked 
| 289|0x0000000766200000, 0x0000000766400000, 0x0000000766400000|100%| O|  |TAMS 0x0000000766200000| PB 0x0000000766200000| Untracked 
| 290|0x0000000766400000, 0x0000000766600000, 0x0000000766600000|100%| O|  |TAMS 0x0000000766400000| PB 0x0000000766400000| Untracked 
| 291|0x0000000766600000, 0x0000000766800000, 0x0000000766800000|100%| O|  |TAMS 0x0000000766600000| PB 0x0000000766600000| Untracked 
| 292|0x0000000766800000, 0x0000000766a00000, 0x0000000766a00000|100%| O|  |TAMS 0x0000000766800000| PB 0x0000000766800000| Untracked 
| 293|0x0000000766a00000, 0x0000000766c00000, 0x0000000766c00000|100%| O|  |TAMS 0x0000000766a00000| PB 0x0000000766a00000| Untracked 
| 294|0x0000000766c00000, 0x0000000766e00000, 0x0000000766e00000|100%| O|  |TAMS 0x0000000766c00000| PB 0x0000000766c00000| Untracked 
| 295|0x0000000766e00000, 0x0000000767000000, 0x0000000767000000|100%| O|  |TAMS 0x0000000766e00000| PB 0x0000000766e00000| Untracked 
| 296|0x0000000767000000, 0x0000000767200000, 0x0000000767200000|100%| O|Cm|TAMS 0x0000000767000000| PB 0x0000000767000000| Complete 
| 297|0x0000000767200000, 0x0000000767400000, 0x0000000767400000|100%| O|  |TAMS 0x0000000767200000| PB 0x0000000767200000| Untracked 
| 298|0x0000000767400000, 0x0000000767600000, 0x0000000767600000|100%| O|  |TAMS 0x0000000767400000| PB 0x0000000767400000| Untracked 
| 299|0x0000000767600000, 0x0000000767800000, 0x0000000767800000|100%| O|  |TAMS 0x0000000767600000| PB 0x0000000767600000| Untracked 
| 300|0x0000000767800000, 0x0000000767a00000, 0x0000000767a00000|100%| O|  |TAMS 0x0000000767800000| PB 0x0000000767800000| Untracked 
| 301|0x0000000767a00000, 0x0000000767c00000, 0x0000000767c00000|100%| O|  |TAMS 0x0000000767a00000| PB 0x0000000767a00000| Untracked 
| 302|0x0000000767c00000, 0x0000000767e00000, 0x0000000767e00000|100%| O|  |TAMS 0x0000000767c00000| PB 0x0000000767c00000| Untracked 
| 303|0x0000000767e00000, 0x0000000768000000, 0x0000000768000000|100%| O|  |TAMS 0x0000000767e00000| PB 0x0000000767e00000| Untracked 
| 304|0x0000000768000000, 0x0000000768200000, 0x0000000768200000|100%| O|  |TAMS 0x0000000768000000| PB 0x0000000768000000| Untracked 
| 305|0x0000000768200000, 0x0000000768400000, 0x0000000768400000|100%| O|  |TAMS 0x0000000768200000| PB 0x0000000768200000| Untracked 
| 306|0x0000000768400000, 0x0000000768600000, 0x0000000768600000|100%| O|  |TAMS 0x0000000768400000| PB 0x0000000768400000| Untracked 
| 307|0x0000000768600000, 0x0000000768800000, 0x0000000768800000|100%| O|  |TAMS 0x0000000768600000| PB 0x0000000768600000| Untracked 
| 308|0x0000000768800000, 0x0000000768a00000, 0x0000000768a00000|100%| O|  |TAMS 0x0000000768800000| PB 0x0000000768800000| Untracked 
| 309|0x0000000768a00000, 0x0000000768c00000, 0x0000000768c00000|100%| O|  |TAMS 0x0000000768a00000| PB 0x0000000768a00000| Untracked 
| 310|0x0000000768c00000, 0x0000000768e00000, 0x0000000768e00000|100%| O|  |TAMS 0x0000000768c00000| PB 0x0000000768c00000| Untracked 
| 311|0x0000000768e00000, 0x0000000769000000, 0x0000000769000000|100%| O|  |TAMS 0x0000000768e00000| PB 0x0000000768e00000| Untracked 
| 312|0x0000000769000000, 0x0000000769200000, 0x0000000769200000|100%| O|  |TAMS 0x0000000769000000| PB 0x0000000769000000| Untracked 
| 313|0x0000000769200000, 0x0000000769400000, 0x0000000769400000|100%| O|  |TAMS 0x0000000769200000| PB 0x0000000769200000| Untracked 
| 314|0x0000000769400000, 0x0000000769600000, 0x0000000769600000|100%| O|  |TAMS 0x0000000769400000| PB 0x0000000769400000| Untracked 
| 315|0x0000000769600000, 0x0000000769800000, 0x0000000769800000|100%| O|  |TAMS 0x0000000769600000| PB 0x0000000769600000| Untracked 
| 316|0x0000000769800000, 0x0000000769a00000, 0x0000000769a00000|100%| O|  |TAMS 0x0000000769800000| PB 0x0000000769800000| Untracked 
| 317|0x0000000769a00000, 0x0000000769c00000, 0x0000000769c00000|100%| O|  |TAMS 0x0000000769a00000| PB 0x0000000769a00000| Untracked 
| 318|0x0000000769c00000, 0x0000000769e00000, 0x0000000769e00000|100%| O|  |TAMS 0x0000000769c00000| PB 0x0000000769c00000| Untracked 
| 319|0x0000000769e00000, 0x000000076a000000, 0x000000076a000000|100%| O|  |TAMS 0x0000000769e00000| PB 0x0000000769e00000| Untracked 
| 320|0x000000076a000000, 0x000000076a200000, 0x000000076a200000|100%| O|  |TAMS 0x000000076a000000| PB 0x000000076a000000| Untracked 
| 321|0x000000076a200000, 0x000000076a400000, 0x000000076a400000|100%| O|  |TAMS 0x000000076a200000| PB 0x000000076a200000| Untracked 
| 322|0x000000076a400000, 0x000000076a600000, 0x000000076a600000|100%| O|  |TAMS 0x000000076a400000| PB 0x000000076a400000| Untracked 
| 323|0x000000076a600000, 0x000000076a800000, 0x000000076a800000|100%| O|  |TAMS 0x000000076a600000| PB 0x000000076a600000| Untracked 
| 324|0x000000076a800000, 0x000000076aa00000, 0x000000076aa00000|100%| O|  |TAMS 0x000000076a800000| PB 0x000000076a800000| Untracked 
| 325|0x000000076aa00000, 0x000000076ac00000, 0x000000076ac00000|100%| O|  |TAMS 0x000000076aa00000| PB 0x000000076aa00000| Untracked 
| 326|0x000000076ac00000, 0x000000076ae00000, 0x000000076ae00000|100%| O|  |TAMS 0x000000076ac00000| PB 0x000000076ac00000| Untracked 
| 327|0x000000076ae00000, 0x000000076b000000, 0x000000076b000000|100%| O|  |TAMS 0x000000076ae00000| PB 0x000000076ae00000| Untracked 
| 328|0x000000076b000000, 0x000000076b200000, 0x000000076b200000|100%| O|  |TAMS 0x000000076b000000| PB 0x000000076b000000| Untracked 
| 329|0x000000076b200000, 0x000000076b400000, 0x000000076b400000|100%| O|  |TAMS 0x000000076b200000| PB 0x000000076b200000| Untracked 
| 330|0x000000076b400000, 0x000000076b600000, 0x000000076b600000|100%| O|  |TAMS 0x000000076b400000| PB 0x000000076b400000| Untracked 
| 331|0x000000076b600000, 0x000000076b800000, 0x000000076b800000|100%|HS|  |TAMS 0x000000076b600000| PB 0x000000076b600000| Complete 
| 332|0x000000076b800000, 0x000000076ba00000, 0x000000076ba00000|100%|HS|  |TAMS 0x000000076b800000| PB 0x000000076b800000| Complete 
| 333|0x000000076ba00000, 0x000000076bc00000, 0x000000076bc00000|100%| O|  |TAMS 0x000000076ba00000| PB 0x000000076ba00000| Untracked 
| 334|0x000000076bc00000, 0x000000076be00000, 0x000000076be00000|100%| O|  |TAMS 0x000000076bc00000| PB 0x000000076bc00000| Untracked 
| 335|0x000000076be00000, 0x000000076c000000, 0x000000076c000000|100%| O|  |TAMS 0x000000076be00000| PB 0x000000076be00000| Untracked 
| 336|0x000000076c000000, 0x000000076c200000, 0x000000076c200000|100%| O|  |TAMS 0x000000076c000000| PB 0x000000076c000000| Untracked 
| 337|0x000000076c200000, 0x000000076c400000, 0x000000076c400000|100%| O|  |TAMS 0x000000076c200000| PB 0x000000076c200000| Untracked 
| 338|0x000000076c400000, 0x000000076c600000, 0x000000076c600000|100%| O|  |TAMS 0x000000076c400000| PB 0x000000076c400000| Untracked 
| 339|0x000000076c600000, 0x000000076c800000, 0x000000076c800000|100%| O|  |TAMS 0x000000076c600000| PB 0x000000076c600000| Untracked 
| 340|0x000000076c800000, 0x000000076ca00000, 0x000000076ca00000|100%| O|  |TAMS 0x000000076c800000| PB 0x000000076c800000| Untracked 
| 341|0x000000076ca00000, 0x000000076cc00000, 0x000000076cc00000|100%| O|  |TAMS 0x000000076ca00000| PB 0x000000076ca00000| Untracked 
| 342|0x000000076cc00000, 0x000000076ce00000, 0x000000076ce00000|100%| O|  |TAMS 0x000000076cc00000| PB 0x000000076cc00000| Untracked 
| 343|0x000000076ce00000, 0x000000076d000000, 0x000000076d000000|100%|HS|  |TAMS 0x000000076ce00000| PB 0x000000076ce00000| Complete 
| 344|0x000000076d000000, 0x000000076d200000, 0x000000076d200000|100%| O|  |TAMS 0x000000076d000000| PB 0x000000076d000000| Untracked 
| 345|0x000000076d200000, 0x000000076d400000, 0x000000076d400000|100%| O|  |TAMS 0x000000076d200000| PB 0x000000076d200000| Untracked 
| 346|0x000000076d400000, 0x000000076d600000, 0x000000076d600000|100%|HS|  |TAMS 0x000000076d400000| PB 0x000000076d400000| Complete 
| 347|0x000000076d600000, 0x000000076d800000, 0x000000076d800000|100%| O|  |TAMS 0x000000076d600000| PB 0x000000076d600000| Untracked 
| 348|0x000000076d800000, 0x000000076da00000, 0x000000076da00000|100%|HS|  |TAMS 0x000000076d800000| PB 0x000000076d800000| Complete 
| 349|0x000000076da00000, 0x000000076dc00000, 0x000000076dc00000|100%| O|Cm|TAMS 0x000000076da00000| PB 0x000000076da00000| Complete 
| 350|0x000000076dc00000, 0x000000076de00000, 0x000000076de00000|100%|HS|  |TAMS 0x000000076dc00000| PB 0x000000076dc00000| Complete 
| 351|0x000000076de00000, 0x000000076e000000, 0x000000076e000000|100%| O|  |TAMS 0x000000076de00000| PB 0x000000076de00000| Untracked 
| 352|0x000000076e000000, 0x000000076e200000, 0x000000076e200000|100%| O|  |TAMS 0x000000076e000000| PB 0x000000076e000000| Untracked 
| 353|0x000000076e200000, 0x000000076e400000, 0x000000076e400000|100%| O|  |TAMS 0x000000076e200000| PB 0x000000076e200000| Untracked 
| 354|0x000000076e400000, 0x000000076e600000, 0x000000076e600000|100%| O|  |TAMS 0x000000076e400000| PB 0x000000076e400000| Untracked 
| 355|0x000000076e600000, 0x000000076e800000, 0x000000076e800000|100%| O|  |TAMS 0x000000076e600000| PB 0x000000076e600000| Untracked 
| 356|0x000000076e800000, 0x000000076ea00000, 0x000000076ea00000|100%| O|  |TAMS 0x000000076e800000| PB 0x000000076e800000| Untracked 
| 357|0x000000076ea00000, 0x000000076ec00000, 0x000000076ec00000|100%| O|  |TAMS 0x000000076ea00000| PB 0x000000076ea00000| Untracked 
| 358|0x000000076ec00000, 0x000000076ee00000, 0x000000076ee00000|100%| O|  |TAMS 0x000000076ec00000| PB 0x000000076ec00000| Untracked 
| 359|0x000000076ee00000, 0x000000076f000000, 0x000000076f000000|100%| O|  |TAMS 0x000000076ee00000| PB 0x000000076ee00000| Untracked 
| 360|0x000000076f000000, 0x000000076f200000, 0x000000076f200000|100%| O|  |TAMS 0x000000076f000000| PB 0x000000076f000000| Untracked 
| 361|0x000000076f200000, 0x000000076f400000, 0x000000076f400000|100%| O|  |TAMS 0x000000076f200000| PB 0x000000076f200000| Untracked 
| 362|0x000000076f400000, 0x000000076f600000, 0x000000076f600000|100%| O|  |TAMS 0x000000076f400000| PB 0x000000076f400000| Untracked 
| 363|0x000000076f600000, 0x000000076f800000, 0x000000076f800000|100%| O|  |TAMS 0x000000076f600000| PB 0x000000076f600000| Untracked 
| 364|0x000000076f800000, 0x000000076fa00000, 0x000000076fa00000|100%| O|  |TAMS 0x000000076f800000| PB 0x000000076f800000| Untracked 
| 365|0x000000076fa00000, 0x000000076fc00000, 0x000000076fc00000|100%| O|  |TAMS 0x000000076fa00000| PB 0x000000076fa00000| Untracked 
| 366|0x000000076fc00000, 0x000000076fe00000, 0x000000076fe00000|100%|HS|  |TAMS 0x000000076fc00000| PB 0x000000076fc00000| Complete 
| 367|0x000000076fe00000, 0x0000000770000000, 0x0000000770000000|100%|HS|  |TAMS 0x000000076fe00000| PB 0x000000076fe00000| Complete 
| 368|0x0000000770000000, 0x0000000770200000, 0x0000000770200000|100%|HC|  |TAMS 0x0000000770000000| PB 0x0000000770000000| Complete 
| 369|0x0000000770200000, 0x0000000770400000, 0x0000000770400000|100%|HC|  |TAMS 0x0000000770200000| PB 0x0000000770200000| Complete 
| 370|0x0000000770400000, 0x0000000770600000, 0x0000000770600000|100%|HC|  |TAMS 0x0000000770400000| PB 0x0000000770400000| Complete 
| 371|0x0000000770600000, 0x0000000770800000, 0x0000000770800000|100%|HC|  |TAMS 0x0000000770600000| PB 0x0000000770600000| Complete 
| 372|0x0000000770800000, 0x0000000770a00000, 0x0000000770a00000|100%|HC|  |TAMS 0x0000000770800000| PB 0x0000000770800000| Complete 
| 373|0x0000000770a00000, 0x0000000770c00000, 0x0000000770c00000|100%| O|  |TAMS 0x0000000770a00000| PB 0x0000000770a00000| Untracked 
| 374|0x0000000770c00000, 0x0000000770e00000, 0x0000000770e00000|100%| O|  |TAMS 0x0000000770c00000| PB 0x0000000770c00000| Untracked 
| 375|0x0000000770e00000, 0x0000000771000000, 0x0000000771000000|100%| O|  |TAMS 0x0000000770e00000| PB 0x0000000770e00000| Untracked 
| 376|0x0000000771000000, 0x0000000771200000, 0x0000000771200000|100%| O|  |TAMS 0x0000000771000000| PB 0x0000000771000000| Untracked 
| 377|0x0000000771200000, 0x0000000771400000, 0x0000000771400000|100%| O|  |TAMS 0x0000000771200000| PB 0x0000000771200000| Untracked 
| 378|0x0000000771400000, 0x0000000771600000, 0x0000000771600000|100%| O|  |TAMS 0x0000000771400000| PB 0x0000000771400000| Untracked 
| 379|0x0000000771600000, 0x0000000771800000, 0x0000000771800000|100%| O|  |TAMS 0x0000000771600000| PB 0x0000000771600000| Untracked 
| 380|0x0000000771800000, 0x0000000771a00000, 0x0000000771a00000|100%| O|Cm|TAMS 0x0000000771800000| PB 0x0000000771800000| Complete 
| 381|0x0000000771a00000, 0x0000000771c00000, 0x0000000771c00000|100%| O|  |TAMS 0x0000000771a00000| PB 0x0000000771a00000| Untracked 
| 382|0x0000000771c00000, 0x0000000771e00000, 0x0000000771e00000|100%|HS|  |TAMS 0x0000000771c00000| PB 0x0000000771c00000| Complete 
| 383|0x0000000771e00000, 0x0000000772000000, 0x0000000772000000|100%| O|  |TAMS 0x0000000771e00000| PB 0x0000000771e00000| Untracked 
| 384|0x0000000772000000, 0x0000000772200000, 0x0000000772200000|100%| O|  |TAMS 0x0000000772000000| PB 0x0000000772000000| Untracked 
| 385|0x0000000772200000, 0x0000000772400000, 0x0000000772400000|100%| O|  |TAMS 0x0000000772200000| PB 0x0000000772200000| Untracked 
| 386|0x0000000772400000, 0x0000000772600000, 0x0000000772600000|100%| O|  |TAMS 0x0000000772400000| PB 0x0000000772400000| Untracked 
| 387|0x0000000772600000, 0x0000000772800000, 0x0000000772800000|100%| O|  |TAMS 0x0000000772600000| PB 0x0000000772600000| Untracked 
| 388|0x0000000772800000, 0x0000000772a00000, 0x0000000772a00000|100%| O|  |TAMS 0x0000000772800000| PB 0x0000000772800000| Untracked 
| 389|0x0000000772a00000, 0x0000000772c00000, 0x0000000772c00000|100%| O|  |TAMS 0x0000000772a00000| PB 0x0000000772a00000| Untracked 
| 390|0x0000000772c00000, 0x0000000772e00000, 0x0000000772e00000|100%| O|  |TAMS 0x0000000772c00000| PB 0x0000000772c00000| Untracked 
| 391|0x0000000772e00000, 0x0000000773000000, 0x0000000773000000|100%| O|  |TAMS 0x0000000772e00000| PB 0x0000000772e00000| Untracked 
| 392|0x0000000773000000, 0x0000000773200000, 0x0000000773200000|100%| O|  |TAMS 0x0000000773000000| PB 0x0000000773000000| Untracked 
| 393|0x0000000773200000, 0x0000000773400000, 0x0000000773400000|100%|HS|  |TAMS 0x0000000773200000| PB 0x0000000773200000| Complete 
| 394|0x0000000773400000, 0x0000000773600000, 0x0000000773600000|100%|HS|  |TAMS 0x0000000773400000| PB 0x0000000773400000| Complete 
| 395|0x0000000773600000, 0x0000000773800000, 0x0000000773800000|100%| O|  |TAMS 0x0000000773600000| PB 0x0000000773600000| Untracked 
| 396|0x0000000773800000, 0x0000000773a00000, 0x0000000773a00000|100%| O|  |TAMS 0x0000000773800000| PB 0x0000000773800000| Untracked 
| 397|0x0000000773a00000, 0x0000000773c00000, 0x0000000773c00000|100%| O|  |TAMS 0x0000000773a00000| PB 0x0000000773a00000| Untracked 
| 398|0x0000000773c00000, 0x0000000773e00000, 0x0000000773e00000|100%| O|  |TAMS 0x0000000773c00000| PB 0x0000000773c00000| Untracked 
| 399|0x0000000773e00000, 0x0000000774000000, 0x0000000774000000|100%| O|  |TAMS 0x0000000773e00000| PB 0x0000000773e00000| Untracked 
| 400|0x0000000774000000, 0x0000000774200000, 0x0000000774200000|100%|HS|  |TAMS 0x0000000774000000| PB 0x0000000774000000| Complete 
| 401|0x0000000774200000, 0x0000000774400000, 0x0000000774400000|100%| O|  |TAMS 0x0000000774200000| PB 0x0000000774200000| Untracked 
| 402|0x0000000774400000, 0x0000000774600000, 0x0000000774600000|100%| O|  |TAMS 0x0000000774400000| PB 0x0000000774400000| Untracked 
| 403|0x0000000774600000, 0x0000000774800000, 0x0000000774800000|100%| O|  |TAMS 0x0000000774600000| PB 0x0000000774600000| Untracked 
| 404|0x0000000774800000, 0x0000000774a00000, 0x0000000774a00000|100%| O|  |TAMS 0x0000000774800000| PB 0x0000000774800000| Untracked 
| 405|0x0000000774a00000, 0x0000000774c00000, 0x0000000774c00000|100%| O|  |TAMS 0x0000000774a00000| PB 0x0000000774a00000| Untracked 
| 406|0x0000000774c00000, 0x0000000774e00000, 0x0000000774e00000|100%| O|  |TAMS 0x0000000774c00000| PB 0x0000000774c00000| Untracked 
| 407|0x0000000774e00000, 0x0000000775000000, 0x0000000775000000|100%| O|  |TAMS 0x0000000774e00000| PB 0x0000000774e00000| Untracked 
| 408|0x0000000775000000, 0x0000000775200000, 0x0000000775200000|100%| O|  |TAMS 0x0000000775000000| PB 0x0000000775000000| Untracked 
| 409|0x0000000775200000, 0x0000000775400000, 0x0000000775400000|100%| O|  |TAMS 0x0000000775200000| PB 0x0000000775200000| Untracked 
| 410|0x0000000775400000, 0x0000000775600000, 0x0000000775600000|100%| O|  |TAMS 0x0000000775400000| PB 0x0000000775400000| Untracked 
| 411|0x0000000775600000, 0x0000000775800000, 0x0000000775800000|100%| O|  |TAMS 0x0000000775600000| PB 0x0000000775600000| Untracked 
| 412|0x0000000775800000, 0x0000000775a00000, 0x0000000775a00000|100%| O|  |TAMS 0x0000000775800000| PB 0x0000000775800000| Untracked 
| 413|0x0000000775a00000, 0x0000000775c00000, 0x0000000775c00000|100%| O|  |TAMS 0x0000000775a00000| PB 0x0000000775a00000| Untracked 
| 414|0x0000000775c00000, 0x0000000775e00000, 0x0000000775e00000|100%| O|  |TAMS 0x0000000775c00000| PB 0x0000000775c00000| Untracked 
| 415|0x0000000775e00000, 0x0000000776000000, 0x0000000776000000|100%| O|  |TAMS 0x0000000775e00000| PB 0x0000000775e00000| Untracked 
| 416|0x0000000776000000, 0x0000000776200000, 0x0000000776200000|100%| O|  |TAMS 0x0000000776000000| PB 0x0000000776000000| Untracked 
| 417|0x0000000776200000, 0x0000000776400000, 0x0000000776400000|100%| O|  |TAMS 0x0000000776200000| PB 0x0000000776200000| Untracked 
| 418|0x0000000776400000, 0x0000000776600000, 0x0000000776600000|100%| O|Cm|TAMS 0x0000000776400000| PB 0x0000000776400000| Complete 
| 419|0x0000000776600000, 0x0000000776800000, 0x0000000776800000|100%| O|  |TAMS 0x0000000776600000| PB 0x0000000776600000| Untracked 
| 420|0x0000000776800000, 0x0000000776a00000, 0x0000000776a00000|100%|HS|  |TAMS 0x0000000776800000| PB 0x0000000776800000| Complete 
| 421|0x0000000776a00000, 0x0000000776c00000, 0x0000000776c00000|100%| O|  |TAMS 0x0000000776a00000| PB 0x0000000776a00000| Untracked 
| 422|0x0000000776c00000, 0x0000000776e00000, 0x0000000776e00000|100%| O|  |TAMS 0x0000000776c00000| PB 0x0000000776c00000| Untracked 
| 423|0x0000000776e00000, 0x0000000777000000, 0x0000000777000000|100%| O|  |TAMS 0x0000000776e00000| PB 0x0000000776e00000| Untracked 
| 424|0x0000000777000000, 0x0000000777200000, 0x0000000777200000|100%|HS|  |TAMS 0x0000000777000000| PB 0x0000000777000000| Complete 
| 425|0x0000000777200000, 0x0000000777400000, 0x0000000777400000|100%|HS|  |TAMS 0x0000000777200000| PB 0x0000000777200000| Complete 
| 426|0x0000000777400000, 0x0000000777600000, 0x0000000777600000|100%|HS|  |TAMS 0x0000000777400000| PB 0x0000000777400000| Complete 
| 427|0x0000000777600000, 0x0000000777800000, 0x0000000777800000|100%| O|  |TAMS 0x0000000777600000| PB 0x0000000777600000| Untracked 
| 428|0x0000000777800000, 0x0000000777a00000, 0x0000000777a00000|100%| O|  |TAMS 0x0000000777800000| PB 0x0000000777800000| Untracked 
| 429|0x0000000777a00000, 0x0000000777c00000, 0x0000000777c00000|100%| O|  |TAMS 0x0000000777a00000| PB 0x0000000777a00000| Untracked 
| 430|0x0000000777c00000, 0x0000000777e00000, 0x0000000777e00000|100%| O|  |TAMS 0x0000000777c00000| PB 0x0000000777c00000| Untracked 
| 431|0x0000000777e00000, 0x0000000778000000, 0x0000000778000000|100%| O|  |TAMS 0x0000000777e00000| PB 0x0000000777e00000| Untracked 
| 432|0x0000000778000000, 0x0000000778200000, 0x0000000778200000|100%| O|  |TAMS 0x0000000778000000| PB 0x0000000778000000| Untracked 
| 433|0x0000000778200000, 0x0000000778400000, 0x0000000778400000|100%| O|  |TAMS 0x0000000778200000| PB 0x0000000778200000| Untracked 
| 434|0x0000000778400000, 0x0000000778600000, 0x0000000778600000|100%| O|  |TAMS 0x0000000778400000| PB 0x0000000778400000| Untracked 
| 435|0x0000000778600000, 0x0000000778800000, 0x0000000778800000|100%| O|  |TAMS 0x0000000778600000| PB 0x0000000778600000| Untracked 
| 436|0x0000000778800000, 0x0000000778a00000, 0x0000000778a00000|100%| O|  |TAMS 0x0000000778800000| PB 0x0000000778800000| Untracked 
| 437|0x0000000778a00000, 0x0000000778c00000, 0x0000000778c00000|100%| O|  |TAMS 0x0000000778a00000| PB 0x0000000778a00000| Untracked 
| 438|0x0000000778c00000, 0x0000000778e00000, 0x0000000778e00000|100%| O|  |TAMS 0x0000000778c00000| PB 0x0000000778c00000| Untracked 
| 439|0x0000000778e00000, 0x0000000779000000, 0x0000000779000000|100%| O|  |TAMS 0x0000000778e00000| PB 0x0000000778e00000| Untracked 
| 440|0x0000000779000000, 0x0000000779200000, 0x0000000779200000|100%| O|  |TAMS 0x0000000779000000| PB 0x0000000779000000| Untracked 
| 441|0x0000000779200000, 0x0000000779400000, 0x0000000779400000|100%| O|  |TAMS 0x0000000779200000| PB 0x0000000779200000| Untracked 
| 442|0x0000000779400000, 0x0000000779600000, 0x0000000779600000|100%| O|  |TAMS 0x0000000779400000| PB 0x0000000779400000| Untracked 
| 443|0x0000000779600000, 0x0000000779800000, 0x0000000779800000|100%|HS|  |TAMS 0x0000000779600000| PB 0x0000000779600000| Complete 
| 444|0x0000000779800000, 0x0000000779a00000, 0x0000000779a00000|100%| O|  |TAMS 0x0000000779800000| PB 0x0000000779800000| Untracked 
| 445|0x0000000779a00000, 0x0000000779c00000, 0x0000000779c00000|100%|HS|  |TAMS 0x0000000779a00000| PB 0x0000000779a00000| Complete 
| 446|0x0000000779c00000, 0x0000000779e00000, 0x0000000779e00000|100%|HS|  |TAMS 0x0000000779c00000| PB 0x0000000779c00000| Complete 
| 447|0x0000000779e00000, 0x000000077a000000, 0x000000077a000000|100%| O|  |TAMS 0x0000000779e00000| PB 0x0000000779e00000| Untracked 
| 448|0x000000077a000000, 0x000000077a200000, 0x000000077a200000|100%| O|  |TAMS 0x000000077a000000| PB 0x000000077a000000| Untracked 
| 449|0x000000077a200000, 0x000000077a400000, 0x000000077a400000|100%| O|  |TAMS 0x000000077a200000| PB 0x000000077a200000| Untracked 
| 450|0x000000077a400000, 0x000000077a600000, 0x000000077a600000|100%| O|  |TAMS 0x000000077a400000| PB 0x000000077a400000| Untracked 
| 451|0x000000077a600000, 0x000000077a800000, 0x000000077a800000|100%| O|  |TAMS 0x000000077a600000| PB 0x000000077a600000| Untracked 
| 452|0x000000077a800000, 0x000000077aa00000, 0x000000077aa00000|100%| O|  |TAMS 0x000000077a800000| PB 0x000000077a800000| Untracked 
| 453|0x000000077aa00000, 0x000000077ac00000, 0x000000077ac00000|100%| O|  |TAMS 0x000000077aa00000| PB 0x000000077aa00000| Untracked 
| 454|0x000000077ac00000, 0x000000077ae00000, 0x000000077ae00000|100%| O|  |TAMS 0x000000077ac00000| PB 0x000000077ac00000| Untracked 
| 455|0x000000077ae00000, 0x000000077b000000, 0x000000077b000000|100%| O|  |TAMS 0x000000077ae00000| PB 0x000000077ae00000| Untracked 
| 456|0x000000077b000000, 0x000000077b200000, 0x000000077b200000|100%| O|  |TAMS 0x000000077b000000| PB 0x000000077b000000| Untracked 
| 457|0x000000077b200000, 0x000000077b400000, 0x000000077b400000|100%| O|  |TAMS 0x000000077b200000| PB 0x000000077b200000| Untracked 
| 458|0x000000077b400000, 0x000000077b600000, 0x000000077b600000|100%| O|  |TAMS 0x000000077b400000| PB 0x000000077b400000| Untracked 
| 459|0x000000077b600000, 0x000000077b800000, 0x000000077b800000|100%|HS|  |TAMS 0x000000077b600000| PB 0x000000077b600000| Complete 
| 460|0x000000077b800000, 0x000000077ba00000, 0x000000077ba00000|100%|HS|  |TAMS 0x000000077b800000| PB 0x000000077b800000| Complete 
| 461|0x000000077ba00000, 0x000000077bc00000, 0x000000077bc00000|100%| O|  |TAMS 0x000000077ba00000| PB 0x000000077ba00000| Untracked 
| 462|0x000000077bc00000, 0x000000077be00000, 0x000000077be00000|100%| O|  |TAMS 0x000000077bc00000| PB 0x000000077bc00000| Untracked 
| 463|0x000000077be00000, 0x000000077c000000, 0x000000077c000000|100%| O|  |TAMS 0x000000077be00000| PB 0x000000077be00000| Untracked 
| 464|0x000000077c000000, 0x000000077c200000, 0x000000077c200000|100%| O|Cm|TAMS 0x000000077c000000| PB 0x000000077c000000| Complete 
| 465|0x000000077c200000, 0x000000077c400000, 0x000000077c400000|100%| O|  |TAMS 0x000000077c200000| PB 0x000000077c200000| Untracked 
| 466|0x000000077c400000, 0x000000077c600000, 0x000000077c600000|100%|HS|  |TAMS 0x000000077c400000| PB 0x000000077c400000| Complete 
| 467|0x000000077c600000, 0x000000077c800000, 0x000000077c800000|100%|HS|  |TAMS 0x000000077c600000| PB 0x000000077c600000| Complete 
| 468|0x000000077c800000, 0x000000077ca00000, 0x000000077ca00000|100%| O|  |TAMS 0x000000077c800000| PB 0x000000077c800000| Untracked 
| 469|0x000000077ca00000, 0x000000077cc00000, 0x000000077cc00000|100%| O|  |TAMS 0x000000077ca00000| PB 0x000000077ca00000| Untracked 
| 470|0x000000077cc00000, 0x000000077ce00000, 0x000000077ce00000|100%| O|  |TAMS 0x000000077cc00000| PB 0x000000077cc00000| Untracked 
| 471|0x000000077ce00000, 0x000000077d000000, 0x000000077d000000|100%| O|  |TAMS 0x000000077ce00000| PB 0x000000077ce00000| Untracked 
| 472|0x000000077d000000, 0x000000077d200000, 0x000000077d200000|100%| O|  |TAMS 0x000000077d000000| PB 0x000000077d000000| Untracked 
| 473|0x000000077d200000, 0x000000077d400000, 0x000000077d400000|100%| O|  |TAMS 0x000000077d200000| PB 0x000000077d200000| Untracked 
| 474|0x000000077d400000, 0x000000077d600000, 0x000000077d600000|100%| O|  |TAMS 0x000000077d400000| PB 0x000000077d400000| Untracked 
| 475|0x000000077d600000, 0x000000077d800000, 0x000000077d800000|100%|HS|  |TAMS 0x000000077d600000| PB 0x000000077d600000| Complete 
| 476|0x000000077d800000, 0x000000077da00000, 0x000000077da00000|100%| O|  |TAMS 0x000000077d800000| PB 0x000000077d800000| Untracked 
| 477|0x000000077da00000, 0x000000077dc00000, 0x000000077dc00000|100%|HS|  |TAMS 0x000000077da00000| PB 0x000000077da00000| Complete 
| 478|0x000000077dc00000, 0x000000077de00000, 0x000000077de00000|100%|HS|  |TAMS 0x000000077dc00000| PB 0x000000077dc00000| Complete 
| 479|0x000000077de00000, 0x000000077e000000, 0x000000077e000000|100%|HS|  |TAMS 0x000000077de00000| PB 0x000000077de00000| Complete 
| 480|0x000000077e000000, 0x000000077e200000, 0x000000077e200000|100%|HS|  |TAMS 0x000000077e000000| PB 0x000000077e000000| Complete 
| 481|0x000000077e200000, 0x000000077e400000, 0x000000077e400000|100%|HS|  |TAMS 0x000000077e200000| PB 0x000000077e200000| Complete 
| 482|0x000000077e400000, 0x000000077e600000, 0x000000077e600000|100%|HS|  |TAMS 0x000000077e400000| PB 0x000000077e400000| Complete 
| 483|0x000000077e600000, 0x000000077e800000, 0x000000077e800000|100%|HS|  |TAMS 0x000000077e600000| PB 0x000000077e600000| Complete 
| 484|0x000000077e800000, 0x000000077ea00000, 0x000000077ea00000|100%|HS|  |TAMS 0x000000077e800000| PB 0x000000077e800000| Complete 
| 485|0x000000077ea00000, 0x000000077ec00000, 0x000000077ec00000|100%|HS|  |TAMS 0x000000077ea00000| PB 0x000000077ea00000| Complete 
| 486|0x000000077ec00000, 0x000000077ee00000, 0x000000077ee00000|100%|HS|  |TAMS 0x000000077ec00000| PB 0x000000077ec00000| Complete 
| 487|0x000000077ee00000, 0x000000077f000000, 0x000000077f000000|100%|HS|  |TAMS 0x000000077ee00000| PB 0x000000077ee00000| Complete 
| 488|0x000000077f000000, 0x000000077f200000, 0x000000077f200000|100%|HS|  |TAMS 0x000000077f000000| PB 0x000000077f000000| Complete 
| 489|0x000000077f200000, 0x000000077f400000, 0x000000077f400000|100%|HS|  |TAMS 0x000000077f200000| PB 0x000000077f200000| Complete 
| 490|0x000000077f400000, 0x000000077f600000, 0x000000077f600000|100%|HS|  |TAMS 0x000000077f400000| PB 0x000000077f400000| Complete 
| 491|0x000000077f600000, 0x000000077f800000, 0x000000077f800000|100%|HS|  |TAMS 0x000000077f600000| PB 0x000000077f600000| Complete 
| 492|0x000000077f800000, 0x000000077fa00000, 0x000000077fa00000|100%|HS|  |TAMS 0x000000077f800000| PB 0x000000077f800000| Complete 
| 493|0x000000077fa00000, 0x000000077fc00000, 0x000000077fc00000|100%|HS|  |TAMS 0x000000077fa00000| PB 0x000000077fa00000| Complete 
| 494|0x000000077fc00000, 0x000000077fe00000, 0x000000077fe00000|100%|HS|  |TAMS 0x000000077fc00000| PB 0x000000077fc00000| Complete 
| 495|0x000000077fe00000, 0x0000000780000000, 0x0000000780000000|100%|HS|  |TAMS 0x000000077fe00000| PB 0x000000077fe00000| Complete 
| 496|0x0000000780000000, 0x0000000780200000, 0x0000000780200000|100%|HS|  |TAMS 0x0000000780000000| PB 0x0000000780000000| Complete 
| 497|0x0000000780200000, 0x0000000780400000, 0x0000000780400000|100%|HS|  |TAMS 0x0000000780200000| PB 0x0000000780200000| Complete 
| 498|0x0000000780400000, 0x0000000780600000, 0x0000000780600000|100%|HS|  |TAMS 0x0000000780400000| PB 0x0000000780400000| Complete 
| 499|0x0000000780600000, 0x0000000780800000, 0x0000000780800000|100%|HS|  |TAMS 0x0000000780600000| PB 0x0000000780600000| Complete 
| 500|0x0000000780800000, 0x0000000780a00000, 0x0000000780a00000|100%|HS|  |TAMS 0x0000000780800000| PB 0x0000000780800000| Complete 
| 501|0x0000000780a00000, 0x0000000780c00000, 0x0000000780c00000|100%|HS|  |TAMS 0x0000000780a00000| PB 0x0000000780a00000| Complete 
| 502|0x0000000780c00000, 0x0000000780e00000, 0x0000000780e00000|100%|HS|  |TAMS 0x0000000780c00000| PB 0x0000000780c00000| Complete 
| 503|0x0000000780e00000, 0x0000000781000000, 0x0000000781000000|100%|HS|  |TAMS 0x0000000780e00000| PB 0x0000000780e00000| Complete 
| 504|0x0000000781000000, 0x0000000781200000, 0x0000000781200000|100%|HS|  |TAMS 0x0000000781000000| PB 0x0000000781000000| Complete 
| 505|0x0000000781200000, 0x0000000781400000, 0x0000000781400000|100%|HS|  |TAMS 0x0000000781200000| PB 0x0000000781200000| Complete 
| 506|0x0000000781400000, 0x0000000781600000, 0x0000000781600000|100%|HS|  |TAMS 0x0000000781400000| PB 0x0000000781400000| Complete 
| 507|0x0000000781600000, 0x0000000781800000, 0x0000000781800000|100%|HS|  |TAMS 0x0000000781600000| PB 0x0000000781600000| Complete 
| 508|0x0000000781800000, 0x0000000781a00000, 0x0000000781a00000|100%|HS|  |TAMS 0x0000000781800000| PB 0x0000000781800000| Complete 
| 509|0x0000000781a00000, 0x0000000781c00000, 0x0000000781c00000|100%|HS|  |TAMS 0x0000000781a00000| PB 0x0000000781a00000| Complete 
| 510|0x0000000781c00000, 0x0000000781e00000, 0x0000000781e00000|100%|HS|  |TAMS 0x0000000781c00000| PB 0x0000000781c00000| Complete 
| 511|0x0000000781e00000, 0x0000000782000000, 0x0000000782000000|100%|HS|  |TAMS 0x0000000781e00000| PB 0x0000000781e00000| Complete 
| 512|0x0000000782000000, 0x0000000782200000, 0x0000000782200000|100%|HS|  |TAMS 0x0000000782000000| PB 0x0000000782000000| Complete 
| 513|0x0000000782200000, 0x0000000782400000, 0x0000000782400000|100%|HS|  |TAMS 0x0000000782200000| PB 0x0000000782200000| Complete 
| 514|0x0000000782400000, 0x0000000782600000, 0x0000000782600000|100%|HS|  |TAMS 0x0000000782400000| PB 0x0000000782400000| Complete 
| 515|0x0000000782600000, 0x0000000782800000, 0x0000000782800000|100%|HS|  |TAMS 0x0000000782600000| PB 0x0000000782600000| Complete 
| 516|0x0000000782800000, 0x0000000782a00000, 0x0000000782a00000|100%|HS|  |TAMS 0x0000000782800000| PB 0x0000000782800000| Complete 
| 517|0x0000000782a00000, 0x0000000782c00000, 0x0000000782c00000|100%|HS|  |TAMS 0x0000000782a00000| PB 0x0000000782a00000| Complete 
| 518|0x0000000782c00000, 0x0000000782e00000, 0x0000000782e00000|100%|HS|  |TAMS 0x0000000782c00000| PB 0x0000000782c00000| Complete 
| 519|0x0000000782e00000, 0x0000000783000000, 0x0000000783000000|100%|HS|  |TAMS 0x0000000782e00000| PB 0x0000000782e00000| Complete 
| 520|0x0000000783000000, 0x0000000783200000, 0x0000000783200000|100%|HS|  |TAMS 0x0000000783000000| PB 0x0000000783000000| Complete 
| 521|0x0000000783200000, 0x0000000783400000, 0x0000000783400000|100%|HS|  |TAMS 0x0000000783200000| PB 0x0000000783200000| Complete 
| 522|0x0000000783400000, 0x0000000783600000, 0x0000000783600000|100%|HS|  |TAMS 0x0000000783400000| PB 0x0000000783400000| Complete 
| 523|0x0000000783600000, 0x0000000783800000, 0x0000000783800000|100%|HS|  |TAMS 0x0000000783600000| PB 0x0000000783600000| Complete 
| 524|0x0000000783800000, 0x0000000783a00000, 0x0000000783a00000|100%|HS|  |TAMS 0x0000000783800000| PB 0x0000000783800000| Complete 
| 525|0x0000000783a00000, 0x0000000783c00000, 0x0000000783c00000|100%|HS|  |TAMS 0x0000000783a00000| PB 0x0000000783a00000| Complete 
| 526|0x0000000783c00000, 0x0000000783e00000, 0x0000000783e00000|100%|HS|  |TAMS 0x0000000783c00000| PB 0x0000000783c00000| Complete 
| 527|0x0000000783e00000, 0x0000000784000000, 0x0000000784000000|100%|HS|  |TAMS 0x0000000783e00000| PB 0x0000000783e00000| Complete 
| 528|0x0000000784000000, 0x0000000784200000, 0x0000000784200000|100%|HS|  |TAMS 0x0000000784000000| PB 0x0000000784000000| Complete 
| 529|0x0000000784200000, 0x0000000784400000, 0x0000000784400000|100%|HS|  |TAMS 0x0000000784200000| PB 0x0000000784200000| Complete 
| 530|0x0000000784400000, 0x0000000784600000, 0x0000000784600000|100%|HS|  |TAMS 0x0000000784400000| PB 0x0000000784400000| Complete 
| 531|0x0000000784600000, 0x0000000784800000, 0x0000000784800000|100%|HS|  |TAMS 0x0000000784600000| PB 0x0000000784600000| Complete 
| 532|0x0000000784800000, 0x0000000784a00000, 0x0000000784a00000|100%|HS|  |TAMS 0x0000000784800000| PB 0x0000000784800000| Complete 
| 533|0x0000000784a00000, 0x0000000784c00000, 0x0000000784c00000|100%|HS|  |TAMS 0x0000000784a00000| PB 0x0000000784a00000| Complete 
| 534|0x0000000784c00000, 0x0000000784e00000, 0x0000000784e00000|100%|HS|  |TAMS 0x0000000784c00000| PB 0x0000000784c00000| Complete 
| 535|0x0000000784e00000, 0x0000000785000000, 0x0000000785000000|100%|HS|  |TAMS 0x0000000784e00000| PB 0x0000000784e00000| Complete 
| 536|0x0000000785000000, 0x0000000785200000, 0x0000000785200000|100%|HS|  |TAMS 0x0000000785000000| PB 0x0000000785000000| Complete 
| 537|0x0000000785200000, 0x0000000785400000, 0x0000000785400000|100%|HS|  |TAMS 0x0000000785200000| PB 0x0000000785200000| Complete 
| 538|0x0000000785400000, 0x0000000785600000, 0x0000000785600000|100%|HS|  |TAMS 0x0000000785400000| PB 0x0000000785400000| Complete 
| 539|0x0000000785600000, 0x0000000785800000, 0x0000000785800000|100%|HS|  |TAMS 0x0000000785600000| PB 0x0000000785600000| Complete 
| 540|0x0000000785800000, 0x0000000785a00000, 0x0000000785a00000|100%|HS|  |TAMS 0x0000000785800000| PB 0x0000000785800000| Complete 
| 541|0x0000000785a00000, 0x0000000785c00000, 0x0000000785c00000|100%|HS|  |TAMS 0x0000000785a00000| PB 0x0000000785a00000| Complete 
| 542|0x0000000785c00000, 0x0000000785e00000, 0x0000000785e00000|100%|HS|  |TAMS 0x0000000785c00000| PB 0x0000000785c00000| Complete 
| 543|0x0000000785e00000, 0x0000000786000000, 0x0000000786000000|100%|HS|  |TAMS 0x0000000785e00000| PB 0x0000000785e00000| Complete 
| 544|0x0000000786000000, 0x0000000786200000, 0x0000000786200000|100%|HS|  |TAMS 0x0000000786000000| PB 0x0000000786000000| Complete 
| 545|0x0000000786200000, 0x0000000786400000, 0x0000000786400000|100%|HS|  |TAMS 0x0000000786200000| PB 0x0000000786200000| Complete 
| 546|0x0000000786400000, 0x0000000786600000, 0x0000000786600000|100%|HS|  |TAMS 0x0000000786400000| PB 0x0000000786400000| Complete 
| 547|0x0000000786600000, 0x0000000786800000, 0x0000000786800000|100%|HS|  |TAMS 0x0000000786600000| PB 0x0000000786600000| Complete 
| 548|0x0000000786800000, 0x0000000786a00000, 0x0000000786a00000|100%|HS|  |TAMS 0x0000000786800000| PB 0x0000000786800000| Complete 
| 549|0x0000000786a00000, 0x0000000786c00000, 0x0000000786c00000|100%|HS|  |TAMS 0x0000000786a00000| PB 0x0000000786a00000| Complete 
| 550|0x0000000786c00000, 0x0000000786e00000, 0x0000000786e00000|100%|HS|  |TAMS 0x0000000786c00000| PB 0x0000000786c00000| Complete 
| 551|0x0000000786e00000, 0x0000000787000000, 0x0000000787000000|100%|HS|  |TAMS 0x0000000786e00000| PB 0x0000000786e00000| Complete 
| 552|0x0000000787000000, 0x0000000787200000, 0x0000000787200000|100%|HS|  |TAMS 0x0000000787000000| PB 0x0000000787000000| Complete 
| 553|0x0000000787200000, 0x0000000787400000, 0x0000000787400000|100%|HS|  |TAMS 0x0000000787200000| PB 0x0000000787200000| Complete 
| 554|0x0000000787400000, 0x0000000787600000, 0x0000000787600000|100%|HS|  |TAMS 0x0000000787400000| PB 0x0000000787400000| Complete 
| 555|0x0000000787600000, 0x0000000787800000, 0x0000000787800000|100%|HS|  |TAMS 0x0000000787600000| PB 0x0000000787600000| Complete 
| 556|0x0000000787800000, 0x0000000787a00000, 0x0000000787a00000|100%|HS|  |TAMS 0x0000000787800000| PB 0x0000000787800000| Complete 
| 557|0x0000000787a00000, 0x0000000787c00000, 0x0000000787c00000|100%|HS|  |TAMS 0x0000000787a00000| PB 0x0000000787a00000| Complete 
| 558|0x0000000787c00000, 0x0000000787e00000, 0x0000000787e00000|100%|HS|  |TAMS 0x0000000787c00000| PB 0x0000000787c00000| Complete 
| 559|0x0000000787e00000, 0x0000000788000000, 0x0000000788000000|100%|HS|  |TAMS 0x0000000787e00000| PB 0x0000000787e00000| Complete 
| 560|0x0000000788000000, 0x0000000788200000, 0x0000000788200000|100%|HS|  |TAMS 0x0000000788000000| PB 0x0000000788000000| Complete 
| 561|0x0000000788200000, 0x0000000788400000, 0x0000000788400000|100%|HS|  |TAMS 0x0000000788200000| PB 0x0000000788200000| Complete 
| 562|0x0000000788400000, 0x0000000788600000, 0x0000000788600000|100%|HS|  |TAMS 0x0000000788400000| PB 0x0000000788400000| Complete 
| 563|0x0000000788600000, 0x0000000788800000, 0x0000000788800000|100%|HS|  |TAMS 0x0000000788600000| PB 0x0000000788600000| Complete 
| 564|0x0000000788800000, 0x0000000788a00000, 0x0000000788a00000|100%|HS|  |TAMS 0x0000000788800000| PB 0x0000000788800000| Complete 
| 565|0x0000000788a00000, 0x0000000788c00000, 0x0000000788c00000|100%|HS|  |TAMS 0x0000000788a00000| PB 0x0000000788a00000| Complete 
| 566|0x0000000788c00000, 0x0000000788e00000, 0x0000000788e00000|100%|HS|  |TAMS 0x0000000788c00000| PB 0x0000000788c00000| Complete 
| 567|0x0000000788e00000, 0x0000000789000000, 0x0000000789000000|100%|HS|  |TAMS 0x0000000788e00000| PB 0x0000000788e00000| Complete 
| 568|0x0000000789000000, 0x0000000789200000, 0x0000000789200000|100%|HS|  |TAMS 0x0000000789000000| PB 0x0000000789000000| Complete 
| 569|0x0000000789200000, 0x0000000789400000, 0x0000000789400000|100%|HS|  |TAMS 0x0000000789200000| PB 0x0000000789200000| Complete 
| 570|0x0000000789400000, 0x0000000789600000, 0x0000000789600000|100%|HS|  |TAMS 0x0000000789400000| PB 0x0000000789400000| Complete 
| 571|0x0000000789600000, 0x0000000789800000, 0x0000000789800000|100%|HS|  |TAMS 0x0000000789600000| PB 0x0000000789600000| Complete 
| 572|0x0000000789800000, 0x0000000789a00000, 0x0000000789a00000|100%|HS|  |TAMS 0x0000000789800000| PB 0x0000000789800000| Complete 
| 573|0x0000000789a00000, 0x0000000789c00000, 0x0000000789c00000|100%|HS|  |TAMS 0x0000000789a00000| PB 0x0000000789a00000| Complete 
| 574|0x0000000789c00000, 0x0000000789e00000, 0x0000000789e00000|100%|HS|  |TAMS 0x0000000789c00000| PB 0x0000000789c00000| Complete 
| 575|0x0000000789e00000, 0x000000078a000000, 0x000000078a000000|100%|HS|  |TAMS 0x0000000789e00000| PB 0x0000000789e00000| Complete 
| 576|0x000000078a000000, 0x000000078a200000, 0x000000078a200000|100%|HS|  |TAMS 0x000000078a000000| PB 0x000000078a000000| Complete 
| 577|0x000000078a200000, 0x000000078a400000, 0x000000078a400000|100%|HS|  |TAMS 0x000000078a200000| PB 0x000000078a200000| Complete 
| 578|0x000000078a400000, 0x000000078a600000, 0x000000078a600000|100%|HS|  |TAMS 0x000000078a400000| PB 0x000000078a400000| Complete 
| 579|0x000000078a600000, 0x000000078a800000, 0x000000078a800000|100%|HS|  |TAMS 0x000000078a600000| PB 0x000000078a600000| Complete 
| 580|0x000000078a800000, 0x000000078aa00000, 0x000000078aa00000|100%|HS|  |TAMS 0x000000078a800000| PB 0x000000078a800000| Complete 
| 581|0x000000078aa00000, 0x000000078ac00000, 0x000000078ac00000|100%|HS|  |TAMS 0x000000078aa00000| PB 0x000000078aa00000| Complete 
| 582|0x000000078ac00000, 0x000000078ae00000, 0x000000078ae00000|100%|HS|  |TAMS 0x000000078ac00000| PB 0x000000078ac00000| Complete 
| 583|0x000000078ae00000, 0x000000078b000000, 0x000000078b000000|100%|HS|  |TAMS 0x000000078ae00000| PB 0x000000078ae00000| Complete 
| 584|0x000000078b000000, 0x000000078b200000, 0x000000078b200000|100%|HS|  |TAMS 0x000000078b000000| PB 0x000000078b000000| Complete 
| 585|0x000000078b200000, 0x000000078b400000, 0x000000078b400000|100%|HS|  |TAMS 0x000000078b200000| PB 0x000000078b200000| Complete 
| 586|0x000000078b400000, 0x000000078b600000, 0x000000078b600000|100%|HS|  |TAMS 0x000000078b400000| PB 0x000000078b400000| Complete 
| 587|0x000000078b600000, 0x000000078b800000, 0x000000078b800000|100%|HS|  |TAMS 0x000000078b600000| PB 0x000000078b600000| Complete 
| 588|0x000000078b800000, 0x000000078ba00000, 0x000000078ba00000|100%|HS|  |TAMS 0x000000078b800000| PB 0x000000078b800000| Complete 
| 589|0x000000078ba00000, 0x000000078bc00000, 0x000000078bc00000|100%|HS|  |TAMS 0x000000078ba00000| PB 0x000000078ba00000| Complete 
| 590|0x000000078bc00000, 0x000000078be00000, 0x000000078be00000|100%|HS|  |TAMS 0x000000078bc00000| PB 0x000000078bc00000| Complete 
| 591|0x000000078be00000, 0x000000078c000000, 0x000000078c000000|100%|HS|  |TAMS 0x000000078be00000| PB 0x000000078be00000| Complete 
| 592|0x000000078c000000, 0x000000078c200000, 0x000000078c200000|100%|HC|  |TAMS 0x000000078c000000| PB 0x000000078c000000| Complete 
| 593|0x000000078c200000, 0x000000078c400000, 0x000000078c400000|100%|HS|  |TAMS 0x000000078c200000| PB 0x000000078c200000| Complete 
| 594|0x000000078c400000, 0x000000078c600000, 0x000000078c600000|100%|HS|  |TAMS 0x000000078c400000| PB 0x000000078c400000| Complete 
| 595|0x000000078c600000, 0x000000078c800000, 0x000000078c800000|100%|HS|  |TAMS 0x000000078c600000| PB 0x000000078c600000| Complete 
| 596|0x000000078c800000, 0x000000078ca00000, 0x000000078ca00000|100%|HS|  |TAMS 0x000000078c800000| PB 0x000000078c800000| Complete 
| 597|0x000000078ca00000, 0x000000078cc00000, 0x000000078cc00000|100%|HS|  |TAMS 0x000000078ca00000| PB 0x000000078ca00000| Complete 
| 598|0x000000078cc00000, 0x000000078ce00000, 0x000000078ce00000|100%|HS|  |TAMS 0x000000078cc00000| PB 0x000000078cc00000| Complete 
| 599|0x000000078ce00000, 0x000000078d000000, 0x000000078d000000|100%|HS|  |TAMS 0x000000078ce00000| PB 0x000000078ce00000| Complete 
| 600|0x000000078d000000, 0x000000078d200000, 0x000000078d200000|100%|HS|  |TAMS 0x000000078d000000| PB 0x000000078d000000| Complete 
| 601|0x000000078d200000, 0x000000078d400000, 0x000000078d400000|100%|HS|  |TAMS 0x000000078d200000| PB 0x000000078d200000| Complete 
| 602|0x000000078d400000, 0x000000078d600000, 0x000000078d600000|100%|HS|  |TAMS 0x000000078d400000| PB 0x000000078d400000| Complete 
| 603|0x000000078d600000, 0x000000078d800000, 0x000000078d800000|100%|HS|  |TAMS 0x000000078d600000| PB 0x000000078d600000| Complete 
| 604|0x000000078d800000, 0x000000078da00000, 0x000000078da00000|100%|HS|  |TAMS 0x000000078d800000| PB 0x000000078d800000| Complete 
| 605|0x000000078da00000, 0x000000078dc00000, 0x000000078dc00000|100%|HS|  |TAMS 0x000000078da00000| PB 0x000000078da00000| Complete 
| 606|0x000000078dc00000, 0x000000078de00000, 0x000000078de00000|100%|HS|  |TAMS 0x000000078dc00000| PB 0x000000078dc00000| Complete 
| 607|0x000000078de00000, 0x000000078e000000, 0x000000078e000000|100%|HS|  |TAMS 0x000000078de00000| PB 0x000000078de00000| Complete 
| 608|0x000000078e000000, 0x000000078e200000, 0x000000078e200000|100%|HS|  |TAMS 0x000000078e000000| PB 0x000000078e000000| Complete 
| 609|0x000000078e200000, 0x000000078e400000, 0x000000078e400000|100%|HS|  |TAMS 0x000000078e200000| PB 0x000000078e200000| Complete 
| 610|0x000000078e400000, 0x000000078e600000, 0x000000078e600000|100%|HS|  |TAMS 0x000000078e400000| PB 0x000000078e400000| Complete 
| 611|0x000000078e600000, 0x000000078e800000, 0x000000078e800000|100%|HS|  |TAMS 0x000000078e600000| PB 0x000000078e600000| Complete 
| 612|0x000000078e800000, 0x000000078ea00000, 0x000000078ea00000|100%|HS|  |TAMS 0x000000078e800000| PB 0x000000078e800000| Complete 
| 613|0x000000078ea00000, 0x000000078ec00000, 0x000000078ec00000|100%|HS|  |TAMS 0x000000078ea00000| PB 0x000000078ea00000| Complete 
| 614|0x000000078ec00000, 0x000000078ee00000, 0x000000078ee00000|100%|HS|  |TAMS 0x000000078ec00000| PB 0x000000078ec00000| Complete 
| 615|0x000000078ee00000, 0x000000078f000000, 0x000000078f000000|100%|HS|  |TAMS 0x000000078ee00000| PB 0x000000078ee00000| Complete 
| 616|0x000000078f000000, 0x000000078f200000, 0x000000078f200000|100%|HS|  |TAMS 0x000000078f000000| PB 0x000000078f000000| Complete 
| 617|0x000000078f200000, 0x000000078f400000, 0x000000078f400000|100%|HS|  |TAMS 0x000000078f200000| PB 0x000000078f200000| Complete 
| 618|0x000000078f400000, 0x000000078f600000, 0x000000078f600000|100%|HS|  |TAMS 0x000000078f400000| PB 0x000000078f400000| Complete 
| 619|0x000000078f600000, 0x000000078f800000, 0x000000078f800000|100%|HS|  |TAMS 0x000000078f600000| PB 0x000000078f600000| Complete 
| 620|0x000000078f800000, 0x000000078fa00000, 0x000000078fa00000|100%|HS|  |TAMS 0x000000078f800000| PB 0x000000078f800000| Complete 
| 621|0x000000078fa00000, 0x000000078fc00000, 0x000000078fc00000|100%|HS|  |TAMS 0x000000078fa00000| PB 0x000000078fa00000| Complete 
| 622|0x000000078fc00000, 0x000000078fe00000, 0x000000078fe00000|100%|HS|  |TAMS 0x000000078fc00000| PB 0x000000078fc00000| Complete 
| 623|0x000000078fe00000, 0x0000000790000000, 0x0000000790000000|100%|HS|  |TAMS 0x000000078fe00000| PB 0x000000078fe00000| Complete 
| 624|0x0000000790000000, 0x0000000790200000, 0x0000000790200000|100%|HS|  |TAMS 0x0000000790000000| PB 0x0000000790000000| Complete 
| 625|0x0000000790200000, 0x0000000790400000, 0x0000000790400000|100%|HS|  |TAMS 0x0000000790200000| PB 0x0000000790200000| Complete 
| 626|0x0000000790400000, 0x0000000790600000, 0x0000000790600000|100%|HS|  |TAMS 0x0000000790400000| PB 0x0000000790400000| Complete 
| 627|0x0000000790600000, 0x0000000790800000, 0x0000000790800000|100%|HS|  |TAMS 0x0000000790600000| PB 0x0000000790600000| Complete 
| 628|0x0000000790800000, 0x0000000790a00000, 0x0000000790a00000|100%|HS|  |TAMS 0x0000000790800000| PB 0x0000000790800000| Complete 
| 629|0x0000000790a00000, 0x0000000790c00000, 0x0000000790c00000|100%|HS|  |TAMS 0x0000000790a00000| PB 0x0000000790a00000| Complete 
| 630|0x0000000790c00000, 0x0000000790e00000, 0x0000000790e00000|100%|HS|  |TAMS 0x0000000790c00000| PB 0x0000000790c00000| Complete 
| 631|0x0000000790e00000, 0x0000000791000000, 0x0000000791000000|100%|HS|  |TAMS 0x0000000790e00000| PB 0x0000000790e00000| Complete 
| 632|0x0000000791000000, 0x0000000791200000, 0x0000000791200000|100%|HS|  |TAMS 0x0000000791000000| PB 0x0000000791000000| Complete 
| 633|0x0000000791200000, 0x0000000791400000, 0x0000000791400000|100%|HS|  |TAMS 0x0000000791200000| PB 0x0000000791200000| Complete 
| 634|0x0000000791400000, 0x0000000791600000, 0x0000000791600000|100%|HS|  |TAMS 0x0000000791400000| PB 0x0000000791400000| Complete 
| 635|0x0000000791600000, 0x0000000791800000, 0x0000000791800000|100%|HS|  |TAMS 0x0000000791600000| PB 0x0000000791600000| Complete 
| 636|0x0000000791800000, 0x0000000791a00000, 0x0000000791a00000|100%|HS|  |TAMS 0x0000000791800000| PB 0x0000000791800000| Complete 
| 637|0x0000000791a00000, 0x0000000791c00000, 0x0000000791c00000|100%|HS|  |TAMS 0x0000000791a00000| PB 0x0000000791a00000| Complete 
| 638|0x0000000791c00000, 0x0000000791e00000, 0x0000000791e00000|100%|HS|  |TAMS 0x0000000791c00000| PB 0x0000000791c00000| Complete 
| 639|0x0000000791e00000, 0x0000000792000000, 0x0000000792000000|100%|HS|  |TAMS 0x0000000791e00000| PB 0x0000000791e00000| Complete 
| 640|0x0000000792000000, 0x0000000792200000, 0x0000000792200000|100%|HS|  |TAMS 0x0000000792000000| PB 0x0000000792000000| Complete 
| 641|0x0000000792200000, 0x0000000792400000, 0x0000000792400000|100%|HS|  |TAMS 0x0000000792200000| PB 0x0000000792200000| Complete 
| 642|0x0000000792400000, 0x0000000792600000, 0x0000000792600000|100%|HS|  |TAMS 0x0000000792400000| PB 0x0000000792400000| Complete 
| 643|0x0000000792600000, 0x0000000792800000, 0x0000000792800000|100%|HS|  |TAMS 0x0000000792600000| PB 0x0000000792600000| Complete 
| 644|0x0000000792800000, 0x0000000792a00000, 0x0000000792a00000|100%|HS|  |TAMS 0x0000000792800000| PB 0x0000000792800000| Complete 
| 645|0x0000000792a00000, 0x0000000792c00000, 0x0000000792c00000|100%|HS|  |TAMS 0x0000000792a00000| PB 0x0000000792a00000| Complete 
| 646|0x0000000792c00000, 0x0000000792e00000, 0x0000000792e00000|100%|HS|  |TAMS 0x0000000792c00000| PB 0x0000000792c00000| Complete 
| 647|0x0000000792e00000, 0x0000000793000000, 0x0000000793000000|100%|HS|  |TAMS 0x0000000792e00000| PB 0x0000000792e00000| Complete 
| 648|0x0000000793000000, 0x0000000793200000, 0x0000000793200000|100%|HS|  |TAMS 0x0000000793000000| PB 0x0000000793000000| Complete 
| 649|0x0000000793200000, 0x0000000793400000, 0x0000000793400000|100%|HS|  |TAMS 0x0000000793200000| PB 0x0000000793200000| Complete 
| 650|0x0000000793400000, 0x0000000793600000, 0x0000000793600000|100%|HS|  |TAMS 0x0000000793400000| PB 0x0000000793400000| Complete 
| 651|0x0000000793600000, 0x0000000793800000, 0x0000000793800000|100%|HS|  |TAMS 0x0000000793600000| PB 0x0000000793600000| Complete 
| 652|0x0000000793800000, 0x0000000793a00000, 0x0000000793a00000|100%|HS|  |TAMS 0x0000000793800000| PB 0x0000000793800000| Complete 
| 653|0x0000000793a00000, 0x0000000793c00000, 0x0000000793c00000|100%|HS|  |TAMS 0x0000000793a00000| PB 0x0000000793a00000| Complete 
| 654|0x0000000793c00000, 0x0000000793e00000, 0x0000000793e00000|100%|HS|  |TAMS 0x0000000793c00000| PB 0x0000000793c00000| Complete 
| 655|0x0000000793e00000, 0x0000000794000000, 0x0000000794000000|100%|HS|  |TAMS 0x0000000793e00000| PB 0x0000000793e00000| Complete 
| 656|0x0000000794000000, 0x0000000794200000, 0x0000000794200000|100%|HS|  |TAMS 0x0000000794000000| PB 0x0000000794000000| Complete 
| 657|0x0000000794200000, 0x0000000794400000, 0x0000000794400000|100%|HS|  |TAMS 0x0000000794200000| PB 0x0000000794200000| Complete 
| 658|0x0000000794400000, 0x0000000794600000, 0x0000000794600000|100%|HS|  |TAMS 0x0000000794400000| PB 0x0000000794400000| Complete 
| 659|0x0000000794600000, 0x0000000794800000, 0x0000000794800000|100%|HS|  |TAMS 0x0000000794600000| PB 0x0000000794600000| Complete 
| 660|0x0000000794800000, 0x0000000794a00000, 0x0000000794a00000|100%|HS|  |TAMS 0x0000000794800000| PB 0x0000000794800000| Complete 
| 661|0x0000000794a00000, 0x0000000794c00000, 0x0000000794c00000|100%|HS|  |TAMS 0x0000000794a00000| PB 0x0000000794a00000| Complete 
| 662|0x0000000794c00000, 0x0000000794e00000, 0x0000000794e00000|100%|HS|  |TAMS 0x0000000794c00000| PB 0x0000000794c00000| Complete 
| 663|0x0000000794e00000, 0x0000000795000000, 0x0000000795000000|100%|HS|  |TAMS 0x0000000794e00000| PB 0x0000000794e00000| Complete 
| 664|0x0000000795000000, 0x0000000795200000, 0x0000000795200000|100%|HS|  |TAMS 0x0000000795000000| PB 0x0000000795000000| Complete 
| 665|0x0000000795200000, 0x0000000795400000, 0x0000000795400000|100%|HS|  |TAMS 0x0000000795200000| PB 0x0000000795200000| Complete 
| 666|0x0000000795400000, 0x0000000795600000, 0x0000000795600000|100%|HS|  |TAMS 0x0000000795400000| PB 0x0000000795400000| Complete 
| 667|0x0000000795600000, 0x0000000795800000, 0x0000000795800000|100%|HS|  |TAMS 0x0000000795600000| PB 0x0000000795600000| Complete 
| 668|0x0000000795800000, 0x0000000795a00000, 0x0000000795a00000|100%|HS|  |TAMS 0x0000000795800000| PB 0x0000000795800000| Complete 
| 669|0x0000000795a00000, 0x0000000795c00000, 0x0000000795c00000|100%|HS|  |TAMS 0x0000000795a00000| PB 0x0000000795a00000| Complete 
| 670|0x0000000795c00000, 0x0000000795e00000, 0x0000000795e00000|100%|HS|  |TAMS 0x0000000795c00000| PB 0x0000000795c00000| Complete 
| 671|0x0000000795e00000, 0x0000000796000000, 0x0000000796000000|100%|HS|  |TAMS 0x0000000795e00000| PB 0x0000000795e00000| Complete 
| 672|0x0000000796000000, 0x0000000796000000, 0x0000000796200000|  0%| F|  |TAMS 0x0000000796000000| PB 0x0000000796000000| Untracked 
| 673|0x0000000796200000, 0x0000000796200000, 0x0000000796400000|  0%| F|  |TAMS 0x0000000796200000| PB 0x0000000796200000| Untracked 
| 674|0x0000000796400000, 0x0000000796400000, 0x0000000796600000|  0%| F|  |TAMS 0x0000000796400000| PB 0x0000000796400000| Untracked 
| 675|0x0000000796600000, 0x0000000796600000, 0x0000000796800000|  0%| F|  |TAMS 0x0000000796600000| PB 0x0000000796600000| Untracked 
| 676|0x0000000796800000, 0x0000000796800000, 0x0000000796a00000|  0%| F|  |TAMS 0x0000000796800000| PB 0x0000000796800000| Untracked 
| 677|0x0000000796a00000, 0x0000000796a00000, 0x0000000796c00000|  0%| F|  |TAMS 0x0000000796a00000| PB 0x0000000796a00000| Untracked 
| 678|0x0000000796c00000, 0x0000000796c00000, 0x0000000796e00000|  0%| F|  |TAMS 0x0000000796c00000| PB 0x0000000796c00000| Untracked 
| 679|0x0000000796e00000, 0x0000000796e00000, 0x0000000797000000|  0%| F|  |TAMS 0x0000000796e00000| PB 0x0000000796e00000| Untracked 
| 680|0x0000000797000000, 0x0000000797000000, 0x0000000797200000|  0%| F|  |TAMS 0x0000000797000000| PB 0x0000000797000000| Untracked 
| 681|0x0000000797200000, 0x0000000797200000, 0x0000000797400000|  0%| F|  |TAMS 0x0000000797200000| PB 0x0000000797200000| Untracked 
| 682|0x0000000797400000, 0x0000000797400000, 0x0000000797600000|  0%| F|  |TAMS 0x0000000797400000| PB 0x0000000797400000| Untracked 
| 683|0x0000000797600000, 0x0000000797600000, 0x0000000797800000|  0%| F|  |TAMS 0x0000000797600000| PB 0x0000000797600000| Untracked 
| 684|0x0000000797800000, 0x0000000797800000, 0x0000000797a00000|  0%| F|  |TAMS 0x0000000797800000| PB 0x0000000797800000| Untracked 
| 685|0x0000000797a00000, 0x0000000797a00000, 0x0000000797c00000|  0%| F|  |TAMS 0x0000000797a00000| PB 0x0000000797a00000| Untracked 
| 686|0x0000000797c00000, 0x0000000797c00000, 0x0000000797e00000|  0%| F|  |TAMS 0x0000000797c00000| PB 0x0000000797c00000| Untracked 
| 687|0x0000000797e00000, 0x0000000797e00000, 0x0000000798000000|  0%| F|  |TAMS 0x0000000797e00000| PB 0x0000000797e00000| Untracked 
| 688|0x0000000798000000, 0x0000000798000000, 0x0000000798200000|  0%| F|  |TAMS 0x0000000798000000| PB 0x0000000798000000| Untracked 
| 689|0x0000000798200000, 0x0000000798200000, 0x0000000798400000|  0%| F|  |TAMS 0x0000000798200000| PB 0x0000000798200000| Untracked 
| 690|0x0000000798400000, 0x0000000798400000, 0x0000000798600000|  0%| F|  |TAMS 0x0000000798400000| PB 0x0000000798400000| Untracked 
| 691|0x0000000798600000, 0x0000000798600000, 0x0000000798800000|  0%| F|  |TAMS 0x0000000798600000| PB 0x0000000798600000| Untracked 
| 692|0x0000000798800000, 0x0000000798800000, 0x0000000798a00000|  0%| F|  |TAMS 0x0000000798800000| PB 0x0000000798800000| Untracked 
| 693|0x0000000798a00000, 0x0000000798a00000, 0x0000000798c00000|  0%| F|  |TAMS 0x0000000798a00000| PB 0x0000000798a00000| Untracked 
| 694|0x0000000798c00000, 0x0000000798c00000, 0x0000000798e00000|  0%| F|  |TAMS 0x0000000798c00000| PB 0x0000000798c00000| Untracked 
| 695|0x0000000798e00000, 0x0000000798e00000, 0x0000000799000000|  0%| F|  |TAMS 0x0000000798e00000| PB 0x0000000798e00000| Untracked 
| 696|0x0000000799000000, 0x0000000799000000, 0x0000000799200000|  0%| F|  |TAMS 0x0000000799000000| PB 0x0000000799000000| Untracked 
| 697|0x0000000799200000, 0x0000000799200000, 0x0000000799400000|  0%| F|  |TAMS 0x0000000799200000| PB 0x0000000799200000| Untracked 
| 698|0x0000000799400000, 0x0000000799400000, 0x0000000799600000|  0%| F|  |TAMS 0x0000000799400000| PB 0x0000000799400000| Untracked 
| 699|0x0000000799600000, 0x0000000799600000, 0x0000000799800000|  0%| F|  |TAMS 0x0000000799600000| PB 0x0000000799600000| Untracked 
| 700|0x0000000799800000, 0x0000000799800000, 0x0000000799a00000|  0%| F|  |TAMS 0x0000000799800000| PB 0x0000000799800000| Untracked 
| 701|0x0000000799a00000, 0x0000000799a00000, 0x0000000799c00000|  0%| F|  |TAMS 0x0000000799a00000| PB 0x0000000799a00000| Untracked 
| 702|0x0000000799c00000, 0x0000000799c00000, 0x0000000799e00000|  0%| F|  |TAMS 0x0000000799c00000| PB 0x0000000799c00000| Untracked 
| 703|0x0000000799e00000, 0x0000000799e00000, 0x000000079a000000|  0%| F|  |TAMS 0x0000000799e00000| PB 0x0000000799e00000| Untracked 
| 704|0x000000079a000000, 0x000000079a000000, 0x000000079a200000|  0%| F|  |TAMS 0x000000079a000000| PB 0x000000079a000000| Untracked 
| 705|0x000000079a200000, 0x000000079a200000, 0x000000079a400000|  0%| F|  |TAMS 0x000000079a200000| PB 0x000000079a200000| Untracked 
| 706|0x000000079a400000, 0x000000079a400000, 0x000000079a600000|  0%| F|  |TAMS 0x000000079a400000| PB 0x000000079a400000| Untracked 
| 707|0x000000079a600000, 0x000000079a600000, 0x000000079a800000|  0%| F|  |TAMS 0x000000079a600000| PB 0x000000079a600000| Untracked 
| 708|0x000000079a800000, 0x000000079a800000, 0x000000079aa00000|  0%| F|  |TAMS 0x000000079a800000| PB 0x000000079a800000| Untracked 
| 709|0x000000079aa00000, 0x000000079aa00000, 0x000000079ac00000|  0%| F|  |TAMS 0x000000079aa00000| PB 0x000000079aa00000| Untracked 
| 710|0x000000079ac00000, 0x000000079ac00000, 0x000000079ae00000|  0%| F|  |TAMS 0x000000079ac00000| PB 0x000000079ac00000| Untracked 
| 711|0x000000079ae00000, 0x000000079ae00000, 0x000000079b000000|  0%| F|  |TAMS 0x000000079ae00000| PB 0x000000079ae00000| Untracked 
| 712|0x000000079b000000, 0x000000079b000000, 0x000000079b200000|  0%| F|  |TAMS 0x000000079b000000| PB 0x000000079b000000| Untracked 
| 713|0x000000079b200000, 0x000000079b200000, 0x000000079b400000|  0%| F|  |TAMS 0x000000079b200000| PB 0x000000079b200000| Untracked 
| 714|0x000000079b400000, 0x000000079b400000, 0x000000079b600000|  0%| F|  |TAMS 0x000000079b400000| PB 0x000000079b400000| Untracked 
| 715|0x000000079b600000, 0x000000079b600000, 0x000000079b800000|  0%| F|  |TAMS 0x000000079b600000| PB 0x000000079b600000| Untracked 
| 716|0x000000079b800000, 0x000000079b800000, 0x000000079ba00000|  0%| F|  |TAMS 0x000000079b800000| PB 0x000000079b800000| Untracked 
| 717|0x000000079ba00000, 0x000000079ba00000, 0x000000079bc00000|  0%| F|  |TAMS 0x000000079ba00000| PB 0x000000079ba00000| Untracked 
| 718|0x000000079bc00000, 0x000000079bc00000, 0x000000079be00000|  0%| F|  |TAMS 0x000000079bc00000| PB 0x000000079bc00000| Untracked 
| 719|0x000000079be00000, 0x000000079be00000, 0x000000079c000000|  0%| F|  |TAMS 0x000000079be00000| PB 0x000000079be00000| Untracked 
| 720|0x000000079c000000, 0x000000079c000000, 0x000000079c200000|  0%| F|  |TAMS 0x000000079c000000| PB 0x000000079c000000| Untracked 
| 721|0x000000079c200000, 0x000000079c200000, 0x000000079c400000|  0%| F|  |TAMS 0x000000079c200000| PB 0x000000079c200000| Untracked 
| 722|0x000000079c400000, 0x000000079c400000, 0x000000079c600000|  0%| F|  |TAMS 0x000000079c400000| PB 0x000000079c400000| Untracked 
| 723|0x000000079c600000, 0x000000079c600000, 0x000000079c800000|  0%| F|  |TAMS 0x000000079c600000| PB 0x000000079c600000| Untracked 
| 724|0x000000079c800000, 0x000000079c800000, 0x000000079ca00000|  0%| F|  |TAMS 0x000000079c800000| PB 0x000000079c800000| Untracked 
| 725|0x000000079ca00000, 0x000000079ca00000, 0x000000079cc00000|  0%| F|  |TAMS 0x000000079ca00000| PB 0x000000079ca00000| Untracked 
| 726|0x000000079cc00000, 0x000000079cc00000, 0x000000079ce00000|  0%| F|  |TAMS 0x000000079cc00000| PB 0x000000079cc00000| Untracked 
| 727|0x000000079ce00000, 0x000000079ce00000, 0x000000079d000000|  0%| F|  |TAMS 0x000000079ce00000| PB 0x000000079ce00000| Untracked 
| 728|0x000000079d000000, 0x000000079d000000, 0x000000079d200000|  0%| F|  |TAMS 0x000000079d000000| PB 0x000000079d000000| Untracked 
| 729|0x000000079d200000, 0x000000079d200000, 0x000000079d400000|  0%| F|  |TAMS 0x000000079d200000| PB 0x000000079d200000| Untracked 
| 730|0x000000079d400000, 0x000000079d400000, 0x000000079d600000|  0%| F|  |TAMS 0x000000079d400000| PB 0x000000079d400000| Untracked 
| 731|0x000000079d600000, 0x000000079d600000, 0x000000079d800000|  0%| F|  |TAMS 0x000000079d600000| PB 0x000000079d600000| Untracked 
| 732|0x000000079d800000, 0x000000079d800000, 0x000000079da00000|  0%| F|  |TAMS 0x000000079d800000| PB 0x000000079d800000| Untracked 
| 733|0x000000079da00000, 0x000000079da00000, 0x000000079dc00000|  0%| F|  |TAMS 0x000000079da00000| PB 0x000000079da00000| Untracked 
| 734|0x000000079dc00000, 0x000000079dc00000, 0x000000079de00000|  0%| F|  |TAMS 0x000000079dc00000| PB 0x000000079dc00000| Untracked 
| 735|0x000000079de00000, 0x000000079de00000, 0x000000079e000000|  0%| F|  |TAMS 0x000000079de00000| PB 0x000000079de00000| Untracked 
| 736|0x000000079e000000, 0x000000079e000000, 0x000000079e200000|  0%| F|  |TAMS 0x000000079e000000| PB 0x000000079e000000| Untracked 
| 737|0x000000079e200000, 0x000000079e200000, 0x000000079e400000|  0%| F|  |TAMS 0x000000079e200000| PB 0x000000079e200000| Untracked 
| 738|0x000000079e400000, 0x000000079e400000, 0x000000079e600000|  0%| F|  |TAMS 0x000000079e400000| PB 0x000000079e400000| Untracked 
| 739|0x000000079e600000, 0x000000079e600000, 0x000000079e800000|  0%| F|  |TAMS 0x000000079e600000| PB 0x000000079e600000| Untracked 
| 740|0x000000079e800000, 0x000000079e800000, 0x000000079ea00000|  0%| F|  |TAMS 0x000000079e800000| PB 0x000000079e800000| Untracked 
| 741|0x000000079ea00000, 0x000000079ea00000, 0x000000079ec00000|  0%| F|  |TAMS 0x000000079ea00000| PB 0x000000079ea00000| Untracked 
| 742|0x000000079ec00000, 0x000000079ec00000, 0x000000079ee00000|  0%| F|  |TAMS 0x000000079ec00000| PB 0x000000079ec00000| Untracked 
| 743|0x000000079ee00000, 0x000000079ee00000, 0x000000079f000000|  0%| F|  |TAMS 0x000000079ee00000| PB 0x000000079ee00000| Untracked 
| 744|0x000000079f000000, 0x000000079f000000, 0x000000079f200000|  0%| F|  |TAMS 0x000000079f000000| PB 0x000000079f000000| Untracked 
| 745|0x000000079f200000, 0x000000079f200000, 0x000000079f400000|  0%| F|  |TAMS 0x000000079f200000| PB 0x000000079f200000| Untracked 
| 746|0x000000079f400000, 0x000000079f400000, 0x000000079f600000|  0%| F|  |TAMS 0x000000079f400000| PB 0x000000079f400000| Untracked 
| 747|0x000000079f600000, 0x000000079f600000, 0x000000079f800000|  0%| F|  |TAMS 0x000000079f600000| PB 0x000000079f600000| Untracked 
| 748|0x000000079f800000, 0x000000079f800000, 0x000000079fa00000|  0%| F|  |TAMS 0x000000079f800000| PB 0x000000079f800000| Untracked 
| 749|0x000000079fa00000, 0x000000079fa00000, 0x000000079fc00000|  0%| F|  |TAMS 0x000000079fa00000| PB 0x000000079fa00000| Untracked 
| 750|0x000000079fc00000, 0x000000079fc00000, 0x000000079fe00000|  0%| F|  |TAMS 0x000000079fc00000| PB 0x000000079fc00000| Untracked 
| 751|0x000000079fe00000, 0x000000079fe00000, 0x00000007a0000000|  0%| F|  |TAMS 0x000000079fe00000| PB 0x000000079fe00000| Untracked 
| 752|0x00000007a0000000, 0x00000007a0000000, 0x00000007a0200000|  0%| F|  |TAMS 0x00000007a0000000| PB 0x00000007a0000000| Untracked 
| 753|0x00000007a0200000, 0x00000007a0200000, 0x00000007a0400000|  0%| F|  |TAMS 0x00000007a0200000| PB 0x00000007a0200000| Untracked 
| 754|0x00000007a0400000, 0x00000007a0400000, 0x00000007a0600000|  0%| F|  |TAMS 0x00000007a0400000| PB 0x00000007a0400000| Untracked 
| 755|0x00000007a0600000, 0x00000007a0600000, 0x00000007a0800000|  0%| F|  |TAMS 0x00000007a0600000| PB 0x00000007a0600000| Untracked 
| 756|0x00000007a0800000, 0x00000007a0800000, 0x00000007a0a00000|  0%| F|  |TAMS 0x00000007a0800000| PB 0x00000007a0800000| Untracked 
| 757|0x00000007a0a00000, 0x00000007a0a00000, 0x00000007a0c00000|  0%| F|  |TAMS 0x00000007a0a00000| PB 0x00000007a0a00000| Untracked 
| 758|0x00000007a0c00000, 0x00000007a0c00000, 0x00000007a0e00000|  0%| F|  |TAMS 0x00000007a0c00000| PB 0x00000007a0c00000| Untracked 
| 759|0x00000007a0e00000, 0x00000007a0e00000, 0x00000007a1000000|  0%| F|  |TAMS 0x00000007a0e00000| PB 0x00000007a0e00000| Untracked 
| 760|0x00000007a1000000, 0x00000007a1000000, 0x00000007a1200000|  0%| F|  |TAMS 0x00000007a1000000| PB 0x00000007a1000000| Untracked 
| 761|0x00000007a1200000, 0x00000007a1200000, 0x00000007a1400000|  0%| F|  |TAMS 0x00000007a1200000| PB 0x00000007a1200000| Untracked 
| 762|0x00000007a1400000, 0x00000007a1400000, 0x00000007a1600000|  0%| F|  |TAMS 0x00000007a1400000| PB 0x00000007a1400000| Untracked 
| 763|0x00000007a1600000, 0x00000007a1600000, 0x00000007a1800000|  0%| F|  |TAMS 0x00000007a1600000| PB 0x00000007a1600000| Untracked 
| 764|0x00000007a1800000, 0x00000007a1800000, 0x00000007a1a00000|  0%| F|  |TAMS 0x00000007a1800000| PB 0x00000007a1800000| Untracked 
| 765|0x00000007a1a00000, 0x00000007a1a00000, 0x00000007a1c00000|  0%| F|  |TAMS 0x00000007a1a00000| PB 0x00000007a1a00000| Untracked 
| 766|0x00000007a1c00000, 0x00000007a1c00000, 0x00000007a1e00000|  0%| F|  |TAMS 0x00000007a1c00000| PB 0x00000007a1c00000| Untracked 
| 767|0x00000007a1e00000, 0x00000007a1e00000, 0x00000007a2000000|  0%| F|  |TAMS 0x00000007a1e00000| PB 0x00000007a1e00000| Untracked 
| 768|0x00000007a2000000, 0x00000007a2000000, 0x00000007a2200000|  0%| F|  |TAMS 0x00000007a2000000| PB 0x00000007a2000000| Untracked 
| 769|0x00000007a2200000, 0x00000007a2200000, 0x00000007a2400000|  0%| F|  |TAMS 0x00000007a2200000| PB 0x00000007a2200000| Untracked 
| 770|0x00000007a2400000, 0x00000007a2400000, 0x00000007a2600000|  0%| F|  |TAMS 0x00000007a2400000| PB 0x00000007a2400000| Untracked 
| 771|0x00000007a2600000, 0x00000007a2600000, 0x00000007a2800000|  0%| F|  |TAMS 0x00000007a2600000| PB 0x00000007a2600000| Untracked 
| 772|0x00000007a2800000, 0x00000007a2800000, 0x00000007a2a00000|  0%| F|  |TAMS 0x00000007a2800000| PB 0x00000007a2800000| Untracked 
| 773|0x00000007a2a00000, 0x00000007a2a00000, 0x00000007a2c00000|  0%| F|  |TAMS 0x00000007a2a00000| PB 0x00000007a2a00000| Untracked 
| 774|0x00000007a2c00000, 0x00000007a2c00000, 0x00000007a2e00000|  0%| F|  |TAMS 0x00000007a2c00000| PB 0x00000007a2c00000| Untracked 
| 775|0x00000007a2e00000, 0x00000007a2e00000, 0x00000007a3000000|  0%| F|  |TAMS 0x00000007a2e00000| PB 0x00000007a2e00000| Untracked 
| 776|0x00000007a3000000, 0x00000007a3000000, 0x00000007a3200000|  0%| F|  |TAMS 0x00000007a3000000| PB 0x00000007a3000000| Untracked 
| 777|0x00000007a3200000, 0x00000007a3200000, 0x00000007a3400000|  0%| F|  |TAMS 0x00000007a3200000| PB 0x00000007a3200000| Untracked 
| 778|0x00000007a3400000, 0x00000007a3400000, 0x00000007a3600000|  0%| F|  |TAMS 0x00000007a3400000| PB 0x00000007a3400000| Untracked 
| 779|0x00000007a3600000, 0x00000007a3600000, 0x00000007a3800000|  0%| F|  |TAMS 0x00000007a3600000| PB 0x00000007a3600000| Untracked 
| 780|0x00000007a3800000, 0x00000007a3800000, 0x00000007a3a00000|  0%| F|  |TAMS 0x00000007a3800000| PB 0x00000007a3800000| Untracked 
| 781|0x00000007a3a00000, 0x00000007a3a00000, 0x00000007a3c00000|  0%| F|  |TAMS 0x00000007a3a00000| PB 0x00000007a3a00000| Untracked 
| 782|0x00000007a3c00000, 0x00000007a3c00000, 0x00000007a3e00000|  0%| F|  |TAMS 0x00000007a3c00000| PB 0x00000007a3c00000| Untracked 
| 783|0x00000007a3e00000, 0x00000007a3e00000, 0x00000007a4000000|  0%| F|  |TAMS 0x00000007a3e00000| PB 0x00000007a3e00000| Untracked 
| 784|0x00000007a4000000, 0x00000007a4000000, 0x00000007a4200000|  0%| F|  |TAMS 0x00000007a4000000| PB 0x00000007a4000000| Untracked 
| 785|0x00000007a4200000, 0x00000007a4200000, 0x00000007a4400000|  0%| F|  |TAMS 0x00000007a4200000| PB 0x00000007a4200000| Untracked 
| 786|0x00000007a4400000, 0x00000007a4400000, 0x00000007a4600000|  0%| F|  |TAMS 0x00000007a4400000| PB 0x00000007a4400000| Untracked 
| 787|0x00000007a4600000, 0x00000007a4600000, 0x00000007a4800000|  0%| F|  |TAMS 0x00000007a4600000| PB 0x00000007a4600000| Untracked 
| 788|0x00000007a4800000, 0x00000007a4800000, 0x00000007a4a00000|  0%| F|  |TAMS 0x00000007a4800000| PB 0x00000007a4800000| Untracked 
| 789|0x00000007a4a00000, 0x00000007a4a00000, 0x00000007a4c00000|  0%| F|  |TAMS 0x00000007a4a00000| PB 0x00000007a4a00000| Untracked 
| 790|0x00000007a4c00000, 0x00000007a4c00000, 0x00000007a4e00000|  0%| F|  |TAMS 0x00000007a4c00000| PB 0x00000007a4c00000| Untracked 
| 791|0x00000007a4e00000, 0x00000007a4e00000, 0x00000007a5000000|  0%| F|  |TAMS 0x00000007a4e00000| PB 0x00000007a4e00000| Untracked 
| 792|0x00000007a5000000, 0x00000007a5000000, 0x00000007a5200000|  0%| F|  |TAMS 0x00000007a5000000| PB 0x00000007a5000000| Untracked 
| 793|0x00000007a5200000, 0x00000007a5200000, 0x00000007a5400000|  0%| F|  |TAMS 0x00000007a5200000| PB 0x00000007a5200000| Untracked 
| 794|0x00000007a5400000, 0x00000007a5400000, 0x00000007a5600000|  0%| F|  |TAMS 0x00000007a5400000| PB 0x00000007a5400000| Untracked 
| 795|0x00000007a5600000, 0x00000007a5600000, 0x00000007a5800000|  0%| F|  |TAMS 0x00000007a5600000| PB 0x00000007a5600000| Untracked 
| 796|0x00000007a5800000, 0x00000007a5800000, 0x00000007a5a00000|  0%| F|  |TAMS 0x00000007a5800000| PB 0x00000007a5800000| Untracked 
| 797|0x00000007a5a00000, 0x00000007a5a00000, 0x00000007a5c00000|  0%| F|  |TAMS 0x00000007a5a00000| PB 0x00000007a5a00000| Untracked 
| 798|0x00000007a5c00000, 0x00000007a5c00000, 0x00000007a5e00000|  0%| F|  |TAMS 0x00000007a5c00000| PB 0x00000007a5c00000| Untracked 
| 799|0x00000007a5e00000, 0x00000007a5e00000, 0x00000007a6000000|  0%| F|  |TAMS 0x00000007a5e00000| PB 0x00000007a5e00000| Untracked 
| 800|0x00000007a6000000, 0x00000007a6000000, 0x00000007a6200000|  0%| F|  |TAMS 0x00000007a6000000| PB 0x00000007a6000000| Untracked 
| 801|0x00000007a6200000, 0x00000007a6200000, 0x00000007a6400000|  0%| F|  |TAMS 0x00000007a6200000| PB 0x00000007a6200000| Untracked 
| 802|0x00000007a6400000, 0x00000007a6400000, 0x00000007a6600000|  0%| F|  |TAMS 0x00000007a6400000| PB 0x00000007a6400000| Untracked 
| 803|0x00000007a6600000, 0x00000007a6600000, 0x00000007a6800000|  0%| F|  |TAMS 0x00000007a6600000| PB 0x00000007a6600000| Untracked 
| 804|0x00000007a6800000, 0x00000007a6800000, 0x00000007a6a00000|  0%| F|  |TAMS 0x00000007a6800000| PB 0x00000007a6800000| Untracked 
| 805|0x00000007a6a00000, 0x00000007a6a00000, 0x00000007a6c00000|  0%| F|  |TAMS 0x00000007a6a00000| PB 0x00000007a6a00000| Untracked 
| 806|0x00000007a6c00000, 0x00000007a6c00000, 0x00000007a6e00000|  0%| F|  |TAMS 0x00000007a6c00000| PB 0x00000007a6c00000| Untracked 
| 807|0x00000007a6e00000, 0x00000007a6e00000, 0x00000007a7000000|  0%| F|  |TAMS 0x00000007a6e00000| PB 0x00000007a6e00000| Untracked 
| 808|0x00000007a7000000, 0x00000007a7000000, 0x00000007a7200000|  0%| F|  |TAMS 0x00000007a7000000| PB 0x00000007a7000000| Untracked 
| 809|0x00000007a7200000, 0x00000007a7200000, 0x00000007a7400000|  0%| F|  |TAMS 0x00000007a7200000| PB 0x00000007a7200000| Untracked 
| 810|0x00000007a7400000, 0x00000007a7400000, 0x00000007a7600000|  0%| F|  |TAMS 0x00000007a7400000| PB 0x00000007a7400000| Untracked 
| 811|0x00000007a7600000, 0x00000007a7600000, 0x00000007a7800000|  0%| F|  |TAMS 0x00000007a7600000| PB 0x00000007a7600000| Untracked 
| 812|0x00000007a7800000, 0x00000007a7800000, 0x00000007a7a00000|  0%| F|  |TAMS 0x00000007a7800000| PB 0x00000007a7800000| Untracked 
| 813|0x00000007a7a00000, 0x00000007a7a00000, 0x00000007a7c00000|  0%| F|  |TAMS 0x00000007a7a00000| PB 0x00000007a7a00000| Untracked 
| 814|0x00000007a7c00000, 0x00000007a7c00000, 0x00000007a7e00000|  0%| F|  |TAMS 0x00000007a7c00000| PB 0x00000007a7c00000| Untracked 
| 815|0x00000007a7e00000, 0x00000007a7e00000, 0x00000007a8000000|  0%| F|  |TAMS 0x00000007a7e00000| PB 0x00000007a7e00000| Untracked 
| 816|0x00000007a8000000, 0x00000007a8000000, 0x00000007a8200000|  0%| F|  |TAMS 0x00000007a8000000| PB 0x00000007a8000000| Untracked 
| 817|0x00000007a8200000, 0x00000007a8200000, 0x00000007a8400000|  0%| F|  |TAMS 0x00000007a8200000| PB 0x00000007a8200000| Untracked 
| 818|0x00000007a8400000, 0x00000007a8400000, 0x00000007a8600000|  0%| F|  |TAMS 0x00000007a8400000| PB 0x00000007a8400000| Untracked 
| 819|0x00000007a8600000, 0x00000007a8600000, 0x00000007a8800000|  0%| F|  |TAMS 0x00000007a8600000| PB 0x00000007a8600000| Untracked 
| 820|0x00000007a8800000, 0x00000007a8800000, 0x00000007a8a00000|  0%| F|  |TAMS 0x00000007a8800000| PB 0x00000007a8800000| Untracked 
| 821|0x00000007a8a00000, 0x00000007a8a00000, 0x00000007a8c00000|  0%| F|  |TAMS 0x00000007a8a00000| PB 0x00000007a8a00000| Untracked 
| 822|0x00000007a8c00000, 0x00000007a8c00000, 0x00000007a8e00000|  0%| F|  |TAMS 0x00000007a8c00000| PB 0x00000007a8c00000| Untracked 
| 823|0x00000007a8e00000, 0x00000007a8e00000, 0x00000007a9000000|  0%| F|  |TAMS 0x00000007a8e00000| PB 0x00000007a8e00000| Untracked 
| 824|0x00000007a9000000, 0x00000007a9000000, 0x00000007a9200000|  0%| F|  |TAMS 0x00000007a9000000| PB 0x00000007a9000000| Untracked 
| 825|0x00000007a9200000, 0x00000007a9200000, 0x00000007a9400000|  0%| F|  |TAMS 0x00000007a9200000| PB 0x00000007a9200000| Untracked 
| 826|0x00000007a9400000, 0x00000007a9400000, 0x00000007a9600000|  0%| F|  |TAMS 0x00000007a9400000| PB 0x00000007a9400000| Untracked 
| 827|0x00000007a9600000, 0x00000007a9600000, 0x00000007a9800000|  0%| F|  |TAMS 0x00000007a9600000| PB 0x00000007a9600000| Untracked 
| 828|0x00000007a9800000, 0x00000007a9800000, 0x00000007a9a00000|  0%| F|  |TAMS 0x00000007a9800000| PB 0x00000007a9800000| Untracked 
| 829|0x00000007a9a00000, 0x00000007a9a00000, 0x00000007a9c00000|  0%| F|  |TAMS 0x00000007a9a00000| PB 0x00000007a9a00000| Untracked 
| 830|0x00000007a9c00000, 0x00000007a9c00000, 0x00000007a9e00000|  0%| F|  |TAMS 0x00000007a9c00000| PB 0x00000007a9c00000| Untracked 
| 831|0x00000007a9e00000, 0x00000007a9e00000, 0x00000007aa000000|  0%| F|  |TAMS 0x00000007a9e00000| PB 0x00000007a9e00000| Untracked 
| 832|0x00000007aa000000, 0x00000007aa000000, 0x00000007aa200000|  0%| F|  |TAMS 0x00000007aa000000| PB 0x00000007aa000000| Untracked 
| 833|0x00000007aa200000, 0x00000007aa200000, 0x00000007aa400000|  0%| F|  |TAMS 0x00000007aa200000| PB 0x00000007aa200000| Untracked 
| 834|0x00000007aa400000, 0x00000007aa400000, 0x00000007aa600000|  0%| F|  |TAMS 0x00000007aa400000| PB 0x00000007aa400000| Untracked 
| 835|0x00000007aa600000, 0x00000007aa600000, 0x00000007aa800000|  0%| F|  |TAMS 0x00000007aa600000| PB 0x00000007aa600000| Untracked 
| 836|0x00000007aa800000, 0x00000007aa800000, 0x00000007aaa00000|  0%| F|  |TAMS 0x00000007aa800000| PB 0x00000007aa800000| Untracked 
| 837|0x00000007aaa00000, 0x00000007aaa09c90, 0x00000007aac00000|  1%| E|  |TAMS 0x00000007aaa00000| PB 0x00000007aaa00000| Complete 
| 838|0x00000007aac00000, 0x00000007aae00000, 0x00000007aae00000|100%| E|CS|TAMS 0x00000007aac00000| PB 0x00000007aac00000| Complete 
| 839|0x00000007aae00000, 0x00000007ab000000, 0x00000007ab000000|100%| E|CS|TAMS 0x00000007aae00000| PB 0x00000007aae00000| Complete 
| 840|0x00000007ab000000, 0x00000007ab200000, 0x00000007ab200000|100%| E|CS|TAMS 0x00000007ab000000| PB 0x00000007ab000000| Complete 
| 841|0x00000007ab200000, 0x00000007ab400000, 0x00000007ab400000|100%| E|CS|TAMS 0x00000007ab200000| PB 0x00000007ab200000| Complete 
| 842|0x00000007ab400000, 0x00000007ab600000, 0x00000007ab600000|100%| E|CS|TAMS 0x00000007ab400000| PB 0x00000007ab400000| Complete 
| 843|0x00000007ab600000, 0x00000007ab800000, 0x00000007ab800000|100%| E|CS|TAMS 0x00000007ab600000| PB 0x00000007ab600000| Complete 
| 844|0x00000007ab800000, 0x00000007aba00000, 0x00000007aba00000|100%| E|CS|TAMS 0x00000007ab800000| PB 0x00000007ab800000| Complete 
| 845|0x00000007aba00000, 0x00000007abc00000, 0x00000007abc00000|100%| E|CS|TAMS 0x00000007aba00000| PB 0x00000007aba00000| Complete 
| 846|0x00000007abc00000, 0x00000007abe00000, 0x00000007abe00000|100%| E|CS|TAMS 0x00000007abc00000| PB 0x00000007abc00000| Complete 
| 847|0x00000007abe00000, 0x00000007ac000000, 0x00000007ac000000|100%| E|CS|TAMS 0x00000007abe00000| PB 0x00000007abe00000| Complete 
| 848|0x00000007ac000000, 0x00000007ac200000, 0x00000007ac200000|100%| E|CS|TAMS 0x00000007ac000000| PB 0x00000007ac000000| Complete 
| 849|0x00000007ac200000, 0x00000007ac400000, 0x00000007ac400000|100%| E|CS|TAMS 0x00000007ac200000| PB 0x00000007ac200000| Complete 
| 850|0x00000007ac400000, 0x00000007ac600000, 0x00000007ac600000|100%| O|  |TAMS 0x00000007ac400000| PB 0x00000007ac400000| Untracked 
| 851|0x00000007ac600000, 0x00000007ac800000, 0x00000007ac800000|100%| O|  |TAMS 0x00000007ac600000| PB 0x00000007ac600000| Untracked 
| 852|0x00000007ac800000, 0x00000007aca00000, 0x00000007aca00000|100%| O|  |TAMS 0x00000007ac800000| PB 0x00000007ac800000| Untracked 
| 853|0x00000007aca00000, 0x00000007acc00000, 0x00000007acc00000|100%| O|  |TAMS 0x00000007aca00000| PB 0x00000007aca00000| Untracked 
| 854|0x00000007acc00000, 0x00000007ace00000, 0x00000007ace00000|100%| O|  |TAMS 0x00000007acc00000| PB 0x00000007acc00000| Untracked 
| 855|0x00000007ace00000, 0x00000007ad000000, 0x00000007ad000000|100%| O|  |TAMS 0x00000007ace00000| PB 0x00000007ace00000| Untracked 
| 856|0x00000007ad000000, 0x00000007ad200000, 0x00000007ad200000|100%| E|CS|TAMS 0x00000007ad000000| PB 0x00000007ad000000| Complete 
| 857|0x00000007ad200000, 0x00000007ad400000, 0x00000007ad400000|100%| E|CS|TAMS 0x00000007ad200000| PB 0x00000007ad200000| Complete 
| 858|0x00000007ad400000, 0x00000007ad600000, 0x00000007ad600000|100%| E|CS|TAMS 0x00000007ad400000| PB 0x00000007ad400000| Complete 
| 859|0x00000007ad600000, 0x00000007ad800000, 0x00000007ad800000|100%| E|CS|TAMS 0x00000007ad600000| PB 0x00000007ad600000| Complete 
| 860|0x00000007ad800000, 0x00000007ada00000, 0x00000007ada00000|100%| E|CS|TAMS 0x00000007ad800000| PB 0x00000007ad800000| Complete 
| 861|0x00000007ada00000, 0x00000007adc00000, 0x00000007adc00000|100%| E|CS|TAMS 0x00000007ada00000| PB 0x00000007ada00000| Complete 
| 862|0x00000007adc00000, 0x00000007ade00000, 0x00000007ade00000|100%| E|CS|TAMS 0x00000007adc00000| PB 0x00000007adc00000| Complete 
| 863|0x00000007ade00000, 0x00000007ae000000, 0x00000007ae000000|100%| E|CS|TAMS 0x00000007ade00000| PB 0x00000007ade00000| Complete 
| 864|0x00000007ae000000, 0x00000007ae200000, 0x00000007ae200000|100%| E|CS|TAMS 0x00000007ae000000| PB 0x00000007ae000000| Complete 
| 865|0x00000007ae200000, 0x00000007ae400000, 0x00000007ae400000|100%| E|CS|TAMS 0x00000007ae200000| PB 0x00000007ae200000| Complete 
| 866|0x00000007ae400000, 0x00000007ae600000, 0x00000007ae600000|100%| E|CS|TAMS 0x00000007ae400000| PB 0x00000007ae400000| Complete 
| 867|0x00000007ae600000, 0x00000007ae800000, 0x00000007ae800000|100%| E|CS|TAMS 0x00000007ae600000| PB 0x00000007ae600000| Complete 
| 868|0x00000007ae800000, 0x00000007aea00000, 0x00000007aea00000|100%| E|CS|TAMS 0x00000007ae800000| PB 0x00000007ae800000| Complete 
| 869|0x00000007aea00000, 0x00000007aec00000, 0x00000007aec00000|100%| E|CS|TAMS 0x00000007aea00000| PB 0x00000007aea00000| Complete 
| 870|0x00000007aec00000, 0x00000007aee00000, 0x00000007aee00000|100%| E|CS|TAMS 0x00000007aec00000| PB 0x00000007aec00000| Complete 
| 871|0x00000007aee00000, 0x00000007af000000, 0x00000007af000000|100%| E|CS|TAMS 0x00000007aee00000| PB 0x00000007aee00000| Complete 
| 872|0x00000007af000000, 0x00000007af200000, 0x00000007af200000|100%| E|CS|TAMS 0x00000007af000000| PB 0x00000007af000000| Complete 
| 873|0x00000007af200000, 0x00000007af400000, 0x00000007af400000|100%| E|CS|TAMS 0x00000007af200000| PB 0x00000007af200000| Complete 
| 874|0x00000007af400000, 0x00000007af600000, 0x00000007af600000|100%| E|CS|TAMS 0x00000007af400000| PB 0x00000007af400000| Complete 
| 875|0x00000007af600000, 0x00000007af800000, 0x00000007af800000|100%| E|CS|TAMS 0x00000007af600000| PB 0x00000007af600000| Complete 
| 876|0x00000007af800000, 0x00000007afa00000, 0x00000007afa00000|100%| E|CS|TAMS 0x00000007af800000| PB 0x00000007af800000| Complete 
| 877|0x00000007afa00000, 0x00000007afc00000, 0x00000007afc00000|100%| E|CS|TAMS 0x00000007afa00000| PB 0x00000007afa00000| Complete 
| 878|0x00000007afc00000, 0x00000007afe00000, 0x00000007afe00000|100%| E|CS|TAMS 0x00000007afc00000| PB 0x00000007afc00000| Complete 
| 879|0x00000007afe00000, 0x00000007b0000000, 0x00000007b0000000|100%| E|CS|TAMS 0x00000007afe00000| PB 0x00000007afe00000| Complete 
| 880|0x00000007b0000000, 0x00000007b0200000, 0x00000007b0200000|100%| E|CS|TAMS 0x00000007b0000000| PB 0x00000007b0000000| Complete 
| 881|0x00000007b0200000, 0x00000007b0400000, 0x00000007b0400000|100%| E|CS|TAMS 0x00000007b0200000| PB 0x00000007b0200000| Complete 
| 882|0x00000007b0400000, 0x00000007b0600000, 0x00000007b0600000|100%| E|CS|TAMS 0x00000007b0400000| PB 0x00000007b0400000| Complete 
| 883|0x00000007b0600000, 0x00000007b0800000, 0x00000007b0800000|100%| E|CS|TAMS 0x00000007b0600000| PB 0x00000007b0600000| Complete 
| 884|0x00000007b0800000, 0x00000007b0a00000, 0x00000007b0a00000|100%| E|CS|TAMS 0x00000007b0800000| PB 0x00000007b0800000| Complete 
| 885|0x00000007b0a00000, 0x00000007b0c00000, 0x00000007b0c00000|100%| E|CS|TAMS 0x00000007b0a00000| PB 0x00000007b0a00000| Complete 
| 886|0x00000007b0c00000, 0x00000007b0e00000, 0x00000007b0e00000|100%|HS|  |TAMS 0x00000007b0c00000| PB 0x00000007b0c00000| Complete 
| 887|0x00000007b0e00000, 0x00000007b1000000, 0x00000007b1000000|100%| E|CS|TAMS 0x00000007b0e00000| PB 0x00000007b0e00000| Complete 
| 888|0x00000007b1000000, 0x00000007b1200000, 0x00000007b1200000|100%|HS|  |TAMS 0x00000007b1000000| PB 0x00000007b1000000| Complete 
| 889|0x00000007b1200000, 0x00000007b1400000, 0x00000007b1400000|100%| E|CS|TAMS 0x00000007b1200000| PB 0x00000007b1200000| Complete 
| 890|0x00000007b1400000, 0x00000007b1600000, 0x00000007b1600000|100%| E|CS|TAMS 0x00000007b1400000| PB 0x00000007b1400000| Complete 
| 891|0x00000007b1600000, 0x00000007b1800000, 0x00000007b1800000|100%| E|CS|TAMS 0x00000007b1600000| PB 0x00000007b1600000| Complete 
| 892|0x00000007b1800000, 0x00000007b1a00000, 0x00000007b1a00000|100%| E|CS|TAMS 0x00000007b1800000| PB 0x00000007b1800000| Complete 
| 893|0x00000007b1a00000, 0x00000007b1c00000, 0x00000007b1c00000|100%| E|CS|TAMS 0x00000007b1a00000| PB 0x00000007b1a00000| Complete 
| 894|0x00000007b1c00000, 0x00000007b1e00000, 0x00000007b1e00000|100%| E|CS|TAMS 0x00000007b1c00000| PB 0x00000007b1c00000| Complete 
| 895|0x00000007b1e00000, 0x00000007b2000000, 0x00000007b2000000|100%| E|CS|TAMS 0x00000007b1e00000| PB 0x00000007b1e00000| Complete 
| 896|0x00000007b2000000, 0x00000007b2200000, 0x00000007b2200000|100%| E|CS|TAMS 0x00000007b2000000| PB 0x00000007b2000000| Complete 
| 897|0x00000007b2200000, 0x00000007b2400000, 0x00000007b2400000|100%| E|CS|TAMS 0x00000007b2200000| PB 0x00000007b2200000| Complete 
| 898|0x00000007b2400000, 0x00000007b2600000, 0x00000007b2600000|100%| E|CS|TAMS 0x00000007b2400000| PB 0x00000007b2400000| Complete 
| 899|0x00000007b2600000, 0x00000007b2800000, 0x00000007b2800000|100%| E|CS|TAMS 0x00000007b2600000| PB 0x00000007b2600000| Complete 
| 900|0x00000007b2800000, 0x00000007b2a00000, 0x00000007b2a00000|100%| E|CS|TAMS 0x00000007b2800000| PB 0x00000007b2800000| Complete 
| 901|0x00000007b2a00000, 0x00000007b2c00000, 0x00000007b2c00000|100%| E|CS|TAMS 0x00000007b2a00000| PB 0x00000007b2a00000| Complete 
| 902|0x00000007b2c00000, 0x00000007b2e00000, 0x00000007b2e00000|100%| E|CS|TAMS 0x00000007b2c00000| PB 0x00000007b2c00000| Complete 
| 903|0x00000007b2e00000, 0x00000007b3000000, 0x00000007b3000000|100%| E|CS|TAMS 0x00000007b2e00000| PB 0x00000007b2e00000| Complete 
| 904|0x00000007b3000000, 0x00000007b3200000, 0x00000007b3200000|100%| E|CS|TAMS 0x00000007b3000000| PB 0x00000007b3000000| Complete 
| 905|0x00000007b3200000, 0x00000007b3400000, 0x00000007b3400000|100%| E|CS|TAMS 0x00000007b3200000| PB 0x00000007b3200000| Complete 
| 906|0x00000007b3400000, 0x00000007b3600000, 0x00000007b3600000|100%| E|CS|TAMS 0x00000007b3400000| PB 0x00000007b3400000| Complete 
| 907|0x00000007b3600000, 0x00000007b3800000, 0x00000007b3800000|100%| E|CS|TAMS 0x00000007b3600000| PB 0x00000007b3600000| Complete 
| 908|0x00000007b3800000, 0x00000007b3a00000, 0x00000007b3a00000|100%| E|CS|TAMS 0x00000007b3800000| PB 0x00000007b3800000| Complete 
| 909|0x00000007b3a00000, 0x00000007b3c00000, 0x00000007b3c00000|100%| E|CS|TAMS 0x00000007b3a00000| PB 0x00000007b3a00000| Complete 
| 910|0x00000007b3c00000, 0x00000007b3e00000, 0x00000007b3e00000|100%| E|CS|TAMS 0x00000007b3c00000| PB 0x00000007b3c00000| Complete 
| 911|0x00000007b3e00000, 0x00000007b4000000, 0x00000007b4000000|100%| E|CS|TAMS 0x00000007b3e00000| PB 0x00000007b3e00000| Complete 
| 912|0x00000007b4000000, 0x00000007b4200000, 0x00000007b4200000|100%| E|CS|TAMS 0x00000007b4000000| PB 0x00000007b4000000| Complete 
| 913|0x00000007b4200000, 0x00000007b4400000, 0x00000007b4400000|100%| E|CS|TAMS 0x00000007b4200000| PB 0x00000007b4200000| Complete 
| 914|0x00000007b4400000, 0x00000007b4600000, 0x00000007b4600000|100%| E|CS|TAMS 0x00000007b4400000| PB 0x00000007b4400000| Complete 
| 915|0x00000007b4600000, 0x00000007b4800000, 0x00000007b4800000|100%| E|CS|TAMS 0x00000007b4600000| PB 0x00000007b4600000| Complete 
| 916|0x00000007b4800000, 0x00000007b4a00000, 0x00000007b4a00000|100%| E|CS|TAMS 0x00000007b4800000| PB 0x00000007b4800000| Complete 
| 917|0x00000007b4a00000, 0x00000007b4c00000, 0x00000007b4c00000|100%| E|CS|TAMS 0x00000007b4a00000| PB 0x00000007b4a00000| Complete 
| 918|0x00000007b4c00000, 0x00000007b4e00000, 0x00000007b4e00000|100%| E|CS|TAMS 0x00000007b4c00000| PB 0x00000007b4c00000| Complete 
| 919|0x00000007b4e00000, 0x00000007b5000000, 0x00000007b5000000|100%| E|CS|TAMS 0x00000007b4e00000| PB 0x00000007b4e00000| Complete 
| 920|0x00000007b5000000, 0x00000007b5200000, 0x00000007b5200000|100%| E|CS|TAMS 0x00000007b5000000| PB 0x00000007b5000000| Complete 
| 921|0x00000007b5200000, 0x00000007b5400000, 0x00000007b5400000|100%| E|CS|TAMS 0x00000007b5200000| PB 0x00000007b5200000| Complete 
| 922|0x00000007b5400000, 0x00000007b5600000, 0x00000007b5600000|100%| E|CS|TAMS 0x00000007b5400000| PB 0x00000007b5400000| Complete 
| 923|0x00000007b5600000, 0x00000007b5800000, 0x00000007b5800000|100%| E|CS|TAMS 0x00000007b5600000| PB 0x00000007b5600000| Complete 
| 924|0x00000007b5800000, 0x00000007b5a00000, 0x00000007b5a00000|100%| E|CS|TAMS 0x00000007b5800000| PB 0x00000007b5800000| Complete 
| 925|0x00000007b5a00000, 0x00000007b5c00000, 0x00000007b5c00000|100%| E|CS|TAMS 0x00000007b5a00000| PB 0x00000007b5a00000| Complete 
| 926|0x00000007b5c00000, 0x00000007b5e00000, 0x00000007b5e00000|100%| E|CS|TAMS 0x00000007b5c00000| PB 0x00000007b5c00000| Complete 
| 927|0x00000007b5e00000, 0x00000007b6000000, 0x00000007b6000000|100%| E|CS|TAMS 0x00000007b5e00000| PB 0x00000007b5e00000| Complete 
| 928|0x00000007b6000000, 0x00000007b6200000, 0x00000007b6200000|100%| E|CS|TAMS 0x00000007b6000000| PB 0x00000007b6000000| Complete 
| 929|0x00000007b6200000, 0x00000007b6400000, 0x00000007b6400000|100%| E|CS|TAMS 0x00000007b6200000| PB 0x00000007b6200000| Complete 
| 930|0x00000007b6400000, 0x00000007b6600000, 0x00000007b6600000|100%| E|CS|TAMS 0x00000007b6400000| PB 0x00000007b6400000| Complete 
| 931|0x00000007b6600000, 0x00000007b6800000, 0x00000007b6800000|100%| E|CS|TAMS 0x00000007b6600000| PB 0x00000007b6600000| Complete 
| 932|0x00000007b6800000, 0x00000007b6a00000, 0x00000007b6a00000|100%| E|CS|TAMS 0x00000007b6800000| PB 0x00000007b6800000| Complete 
| 933|0x00000007b6a00000, 0x00000007b6c00000, 0x00000007b6c00000|100%| E|CS|TAMS 0x00000007b6a00000| PB 0x00000007b6a00000| Complete 
| 934|0x00000007b6c00000, 0x00000007b6e00000, 0x00000007b6e00000|100%| E|CS|TAMS 0x00000007b6c00000| PB 0x00000007b6c00000| Complete 
| 935|0x00000007b6e00000, 0x00000007b7000000, 0x00000007b7000000|100%| E|CS|TAMS 0x00000007b6e00000| PB 0x00000007b6e00000| Complete 
| 936|0x00000007b7000000, 0x00000007b7200000, 0x00000007b7200000|100%| E|CS|TAMS 0x00000007b7000000| PB 0x00000007b7000000| Complete 
| 937|0x00000007b7200000, 0x00000007b7400000, 0x00000007b7400000|100%| E|CS|TAMS 0x00000007b7200000| PB 0x00000007b7200000| Complete 
| 938|0x00000007b7400000, 0x00000007b7600000, 0x00000007b7600000|100%| E|CS|TAMS 0x00000007b7400000| PB 0x00000007b7400000| Complete 
| 939|0x00000007b7600000, 0x00000007b7800000, 0x00000007b7800000|100%| E|CS|TAMS 0x00000007b7600000| PB 0x00000007b7600000| Complete 
| 940|0x00000007b7800000, 0x00000007b7a00000, 0x00000007b7a00000|100%| E|CS|TAMS 0x00000007b7800000| PB 0x00000007b7800000| Complete 
| 941|0x00000007b7a00000, 0x00000007b7c00000, 0x00000007b7c00000|100%| E|CS|TAMS 0x00000007b7a00000| PB 0x00000007b7a00000| Complete 
| 942|0x00000007b7c00000, 0x00000007b7e00000, 0x00000007b7e00000|100%| E|CS|TAMS 0x00000007b7c00000| PB 0x00000007b7c00000| Complete 
| 943|0x00000007b7e00000, 0x00000007b8000000, 0x00000007b8000000|100%| E|CS|TAMS 0x00000007b7e00000| PB 0x00000007b7e00000| Complete 
| 944|0x00000007b8000000, 0x00000007b8200000, 0x00000007b8200000|100%| E|CS|TAMS 0x00000007b8000000| PB 0x00000007b8000000| Complete 
| 945|0x00000007b8200000, 0x00000007b8400000, 0x00000007b8400000|100%| E|CS|TAMS 0x00000007b8200000| PB 0x00000007b8200000| Complete 
| 946|0x00000007b8400000, 0x00000007b8600000, 0x00000007b8600000|100%| E|CS|TAMS 0x00000007b8400000| PB 0x00000007b8400000| Complete 
| 947|0x00000007b8600000, 0x00000007b8800000, 0x00000007b8800000|100%| E|CS|TAMS 0x00000007b8600000| PB 0x00000007b8600000| Complete 
| 948|0x00000007b8800000, 0x00000007b8a00000, 0x00000007b8a00000|100%| E|CS|TAMS 0x00000007b8800000| PB 0x00000007b8800000| Complete 
| 949|0x00000007b8a00000, 0x00000007b8c00000, 0x00000007b8c00000|100%| E|CS|TAMS 0x00000007b8a00000| PB 0x00000007b8a00000| Complete 
| 950|0x00000007b8c00000, 0x00000007b8e00000, 0x00000007b8e00000|100%| E|CS|TAMS 0x00000007b8c00000| PB 0x00000007b8c00000| Complete 
| 951|0x00000007b8e00000, 0x00000007b9000000, 0x00000007b9000000|100%| E|CS|TAMS 0x00000007b8e00000| PB 0x00000007b8e00000| Complete 
| 952|0x00000007b9000000, 0x00000007b9200000, 0x00000007b9200000|100%| E|CS|TAMS 0x00000007b9000000| PB 0x00000007b9000000| Complete 
| 953|0x00000007b9200000, 0x00000007b9400000, 0x00000007b9400000|100%| E|CS|TAMS 0x00000007b9200000| PB 0x00000007b9200000| Complete 
| 954|0x00000007b9400000, 0x00000007b9600000, 0x00000007b9600000|100%| E|CS|TAMS 0x00000007b9400000| PB 0x00000007b9400000| Complete 
| 955|0x00000007b9600000, 0x00000007b9800000, 0x00000007b9800000|100%| E|CS|TAMS 0x00000007b9600000| PB 0x00000007b9600000| Complete 
| 956|0x00000007b9800000, 0x00000007b9a00000, 0x00000007b9a00000|100%| E|CS|TAMS 0x00000007b9800000| PB 0x00000007b9800000| Complete 
| 957|0x00000007b9a00000, 0x00000007b9c00000, 0x00000007b9c00000|100%| E|CS|TAMS 0x00000007b9a00000| PB 0x00000007b9a00000| Complete 
| 958|0x00000007b9c00000, 0x00000007b9e00000, 0x00000007b9e00000|100%| E|CS|TAMS 0x00000007b9c00000| PB 0x00000007b9c00000| Complete 
| 959|0x00000007b9e00000, 0x00000007ba000000, 0x00000007ba000000|100%| E|CS|TAMS 0x00000007b9e00000| PB 0x00000007b9e00000| Complete 
| 960|0x00000007ba000000, 0x00000007ba200000, 0x00000007ba200000|100%| E|CS|TAMS 0x00000007ba000000| PB 0x00000007ba000000| Complete 
| 961|0x00000007ba200000, 0x00000007ba400000, 0x00000007ba400000|100%| E|CS|TAMS 0x00000007ba200000| PB 0x00000007ba200000| Complete 
| 962|0x00000007ba400000, 0x00000007ba600000, 0x00000007ba600000|100%| E|CS|TAMS 0x00000007ba400000| PB 0x00000007ba400000| Complete 
| 963|0x00000007ba600000, 0x00000007ba800000, 0x00000007ba800000|100%| E|CS|TAMS 0x00000007ba600000| PB 0x00000007ba600000| Complete 
| 964|0x00000007ba800000, 0x00000007baa00000, 0x00000007baa00000|100%| E|CS|TAMS 0x00000007ba800000| PB 0x00000007ba800000| Complete 
| 965|0x00000007baa00000, 0x00000007bac00000, 0x00000007bac00000|100%| E|CS|TAMS 0x00000007baa00000| PB 0x00000007baa00000| Complete 
| 966|0x00000007bac00000, 0x00000007bae00000, 0x00000007bae00000|100%| E|CS|TAMS 0x00000007bac00000| PB 0x00000007bac00000| Complete 
| 967|0x00000007bae00000, 0x00000007bb000000, 0x00000007bb000000|100%| E|CS|TAMS 0x00000007bae00000| PB 0x00000007bae00000| Complete 
| 968|0x00000007bb000000, 0x00000007bb200000, 0x00000007bb200000|100%| E|CS|TAMS 0x00000007bb000000| PB 0x00000007bb000000| Complete 
| 969|0x00000007bb200000, 0x00000007bb400000, 0x00000007bb400000|100%| E|CS|TAMS 0x00000007bb200000| PB 0x00000007bb200000| Complete 
| 970|0x00000007bb400000, 0x00000007bb600000, 0x00000007bb600000|100%| E|CS|TAMS 0x00000007bb400000| PB 0x00000007bb400000| Complete 
| 971|0x00000007bb600000, 0x00000007bb800000, 0x00000007bb800000|100%| E|CS|TAMS 0x00000007bb600000| PB 0x00000007bb600000| Complete 
| 972|0x00000007bb800000, 0x00000007bba00000, 0x00000007bba00000|100%| E|CS|TAMS 0x00000007bb800000| PB 0x00000007bb800000| Complete 
| 973|0x00000007bba00000, 0x00000007bbc00000, 0x00000007bbc00000|100%| E|CS|TAMS 0x00000007bba00000| PB 0x00000007bba00000| Complete 
| 974|0x00000007bbc00000, 0x00000007bbe00000, 0x00000007bbe00000|100%| E|CS|TAMS 0x00000007bbc00000| PB 0x00000007bbc00000| Complete 
| 975|0x00000007bbe00000, 0x00000007bc000000, 0x00000007bc000000|100%| E|CS|TAMS 0x00000007bbe00000| PB 0x00000007bbe00000| Complete 
| 976|0x00000007bc000000, 0x00000007bc200000, 0x00000007bc200000|100%| E|CS|TAMS 0x00000007bc000000| PB 0x00000007bc000000| Complete 
| 977|0x00000007bc200000, 0x00000007bc400000, 0x00000007bc400000|100%| E|CS|TAMS 0x00000007bc200000| PB 0x00000007bc200000| Complete 
| 978|0x00000007bc400000, 0x00000007bc600000, 0x00000007bc600000|100%| E|CS|TAMS 0x00000007bc400000| PB 0x00000007bc400000| Complete 
| 979|0x00000007bc600000, 0x00000007bc800000, 0x00000007bc800000|100%| E|CS|TAMS 0x00000007bc600000| PB 0x00000007bc600000| Complete 
| 980|0x00000007bc800000, 0x00000007bca00000, 0x00000007bca00000|100%| E|CS|TAMS 0x00000007bc800000| PB 0x00000007bc800000| Complete 
| 981|0x00000007bca00000, 0x00000007bcc00000, 0x00000007bcc00000|100%| E|CS|TAMS 0x00000007bca00000| PB 0x00000007bca00000| Complete 
| 982|0x00000007bcc00000, 0x00000007bce00000, 0x00000007bce00000|100%| E|CS|TAMS 0x00000007bcc00000| PB 0x00000007bcc00000| Complete 
| 983|0x00000007bce00000, 0x00000007bd000000, 0x00000007bd000000|100%| E|CS|TAMS 0x00000007bce00000| PB 0x00000007bce00000| Complete 
| 984|0x00000007bd000000, 0x00000007bd200000, 0x00000007bd200000|100%| E|CS|TAMS 0x00000007bd000000| PB 0x00000007bd000000| Complete 
| 985|0x00000007bd200000, 0x00000007bd400000, 0x00000007bd400000|100%| E|CS|TAMS 0x00000007bd200000| PB 0x00000007bd200000| Complete 
| 986|0x00000007bd400000, 0x00000007bd600000, 0x00000007bd600000|100%| E|CS|TAMS 0x00000007bd400000| PB 0x00000007bd400000| Complete 
| 987|0x00000007bd600000, 0x00000007bd800000, 0x00000007bd800000|100%| E|CS|TAMS 0x00000007bd600000| PB 0x00000007bd600000| Complete 
| 988|0x00000007bd800000, 0x00000007bda00000, 0x00000007bda00000|100%| E|CS|TAMS 0x00000007bd800000| PB 0x00000007bd800000| Complete 
| 989|0x00000007bda00000, 0x00000007bdc00000, 0x00000007bdc00000|100%| E|CS|TAMS 0x00000007bda00000| PB 0x00000007bda00000| Complete 
| 990|0x00000007bdc00000, 0x00000007bde00000, 0x00000007bde00000|100%| E|CS|TAMS 0x00000007bdc00000| PB 0x00000007bdc00000| Complete 
| 991|0x00000007bde00000, 0x00000007be000000, 0x00000007be000000|100%| E|CS|TAMS 0x00000007bde00000| PB 0x00000007bde00000| Complete 
| 992|0x00000007be000000, 0x00000007be200000, 0x00000007be200000|100%| E|CS|TAMS 0x00000007be000000| PB 0x00000007be000000| Complete 
| 993|0x00000007be200000, 0x00000007be400000, 0x00000007be400000|100%| E|CS|TAMS 0x00000007be200000| PB 0x00000007be200000| Complete 
| 994|0x00000007be400000, 0x00000007be600000, 0x00000007be600000|100%| E|CS|TAMS 0x00000007be400000| PB 0x00000007be400000| Complete 
| 995|0x00000007be600000, 0x00000007be800000, 0x00000007be800000|100%| E|CS|TAMS 0x00000007be600000| PB 0x00000007be600000| Complete 
| 996|0x00000007be800000, 0x00000007bea00000, 0x00000007bea00000|100%| E|CS|TAMS 0x00000007be800000| PB 0x00000007be800000| Complete 
| 997|0x00000007bea00000, 0x00000007bec00000, 0x00000007bec00000|100%| E|CS|TAMS 0x00000007bea00000| PB 0x00000007bea00000| Complete 
| 998|0x00000007bec00000, 0x00000007bee00000, 0x00000007bee00000|100%| E|CS|TAMS 0x00000007bec00000| PB 0x00000007bec00000| Complete 
| 999|0x00000007bee00000, 0x00000007bf000000, 0x00000007bf000000|100%| E|CS|TAMS 0x00000007bee00000| PB 0x00000007bee00000| Complete 
|1000|0x00000007bf000000, 0x00000007bf200000, 0x00000007bf200000|100%| E|CS|TAMS 0x00000007bf000000| PB 0x00000007bf000000| Complete 
|1001|0x00000007bf200000, 0x00000007bf400000, 0x00000007bf400000|100%| E|CS|TAMS 0x00000007bf200000| PB 0x00000007bf200000| Complete 
|1002|0x00000007bf400000, 0x00000007bf600000, 0x00000007bf600000|100%| E|CS|TAMS 0x00000007bf400000| PB 0x00000007bf400000| Complete 
|1003|0x00000007bf600000, 0x00000007bf800000, 0x00000007bf800000|100%| E|CS|TAMS 0x00000007bf600000| PB 0x00000007bf600000| Complete 
|1004|0x00000007bf800000, 0x00000007bfa00000, 0x00000007bfa00000|100%| E|CS|TAMS 0x00000007bf800000| PB 0x00000007bf800000| Complete 
|1005|0x00000007bfa00000, 0x00000007bfc00000, 0x00000007bfc00000|100%| E|CS|TAMS 0x00000007bfa00000| PB 0x00000007bfa00000| Complete 
|1006|0x00000007bfc00000, 0x00000007bfe00000, 0x00000007bfe00000|100%| E|CS|TAMS 0x00000007bfc00000| PB 0x00000007bfc00000| Complete 
|1007|0x00000007bfe00000, 0x00000007c0000000, 0x00000007c0000000|100%| E|CS|TAMS 0x00000007bfe00000| PB 0x00000007bfe00000| Complete 
|1008|0x00000007c0000000, 0x00000007c0200000, 0x00000007c0200000|100%| E|CS|TAMS 0x00000007c0000000| PB 0x00000007c0000000| Complete 
|1009|0x00000007c0200000, 0x00000007c0400000, 0x00000007c0400000|100%| E|CS|TAMS 0x00000007c0200000| PB 0x00000007c0200000| Complete 
|1010|0x00000007c0400000, 0x00000007c0600000, 0x00000007c0600000|100%| E|CS|TAMS 0x00000007c0400000| PB 0x00000007c0400000| Complete 
|1011|0x00000007c0600000, 0x00000007c0800000, 0x00000007c0800000|100%| E|CS|TAMS 0x00000007c0600000| PB 0x00000007c0600000| Complete 
|1012|0x00000007c0800000, 0x00000007c0a00000, 0x00000007c0a00000|100%| E|CS|TAMS 0x00000007c0800000| PB 0x00000007c0800000| Complete 
|1013|0x00000007c0a00000, 0x00000007c0c00000, 0x00000007c0c00000|100%| E|CS|TAMS 0x00000007c0a00000| PB 0x00000007c0a00000| Complete 
|1014|0x00000007c0c00000, 0x00000007c0e00000, 0x00000007c0e00000|100%| E|CS|TAMS 0x00000007c0c00000| PB 0x00000007c0c00000| Complete 
|1015|0x00000007c0e00000, 0x00000007c1000000, 0x00000007c1000000|100%| E|CS|TAMS 0x00000007c0e00000| PB 0x00000007c0e00000| Complete 
|1016|0x00000007c1000000, 0x00000007c1200000, 0x00000007c1200000|100%| E|CS|TAMS 0x00000007c1000000| PB 0x00000007c1000000| Complete 
|1017|0x00000007c1200000, 0x00000007c1400000, 0x00000007c1400000|100%| E|CS|TAMS 0x00000007c1200000| PB 0x00000007c1200000| Complete 
|1018|0x00000007c1400000, 0x00000007c1600000, 0x00000007c1600000|100%| E|CS|TAMS 0x00000007c1400000| PB 0x00000007c1400000| Complete 
|1019|0x00000007c1600000, 0x00000007c1800000, 0x00000007c1800000|100%| E|CS|TAMS 0x00000007c1600000| PB 0x00000007c1600000| Complete 
|1020|0x00000007c1800000, 0x00000007c1a00000, 0x00000007c1a00000|100%| E|CS|TAMS 0x00000007c1800000| PB 0x00000007c1800000| Complete 
|1021|0x00000007c1a00000, 0x00000007c1c00000, 0x00000007c1c00000|100%| E|CS|TAMS 0x00000007c1a00000| PB 0x00000007c1a00000| Complete 
|1022|0x00000007c1c00000, 0x00000007c1e00000, 0x00000007c1e00000|100%| E|CS|TAMS 0x00000007c1c00000| PB 0x00000007c1c00000| Complete 
|1023|0x00000007c1e00000, 0x00000007c2000000, 0x00000007c2000000|100%| E|CS|TAMS 0x00000007c1e00000| PB 0x00000007c1e00000| Complete 
|1024|0x00000007c2000000, 0x00000007c2200000, 0x00000007c2200000|100%| E|CS|TAMS 0x00000007c2000000| PB 0x00000007c2000000| Complete 
|1025|0x00000007c2200000, 0x00000007c2400000, 0x00000007c2400000|100%| E|CS|TAMS 0x00000007c2200000| PB 0x00000007c2200000| Complete 
|1026|0x00000007c2400000, 0x00000007c2600000, 0x00000007c2600000|100%| E|CS|TAMS 0x00000007c2400000| PB 0x00000007c2400000| Complete 
|1027|0x00000007c2600000, 0x00000007c2800000, 0x00000007c2800000|100%| E|CS|TAMS 0x00000007c2600000| PB 0x00000007c2600000| Complete 
|1028|0x00000007c2800000, 0x00000007c2a00000, 0x00000007c2a00000|100%| E|CS|TAMS 0x00000007c2800000| PB 0x00000007c2800000| Complete 
|1029|0x00000007c2a00000, 0x00000007c2c00000, 0x00000007c2c00000|100%| E|CS|TAMS 0x00000007c2a00000| PB 0x00000007c2a00000| Complete 
|1030|0x00000007c2c00000, 0x00000007c2e00000, 0x00000007c2e00000|100%| E|CS|TAMS 0x00000007c2c00000| PB 0x00000007c2c00000| Complete 
|1031|0x00000007c2e00000, 0x00000007c3000000, 0x00000007c3000000|100%| E|CS|TAMS 0x00000007c2e00000| PB 0x00000007c2e00000| Complete 
|1032|0x00000007c3000000, 0x00000007c3200000, 0x00000007c3200000|100%| E|CS|TAMS 0x00000007c3000000| PB 0x00000007c3000000| Complete 
|1033|0x00000007c3200000, 0x00000007c3400000, 0x00000007c3400000|100%| E|CS|TAMS 0x00000007c3200000| PB 0x00000007c3200000| Complete 
|1034|0x00000007c3400000, 0x00000007c3600000, 0x00000007c3600000|100%| E|CS|TAMS 0x00000007c3400000| PB 0x00000007c3400000| Complete 
|1035|0x00000007c3600000, 0x00000007c3800000, 0x00000007c3800000|100%| E|CS|TAMS 0x00000007c3600000| PB 0x00000007c3600000| Complete 
|1036|0x00000007c3800000, 0x00000007c3a00000, 0x00000007c3a00000|100%| E|CS|TAMS 0x00000007c3800000| PB 0x00000007c3800000| Complete 
|1037|0x00000007c3a00000, 0x00000007c3c00000, 0x00000007c3c00000|100%| E|CS|TAMS 0x00000007c3a00000| PB 0x00000007c3a00000| Complete 
|1038|0x00000007c3c00000, 0x00000007c3e00000, 0x00000007c3e00000|100%| E|CS|TAMS 0x00000007c3c00000| PB 0x00000007c3c00000| Complete 
|1039|0x00000007c3e00000, 0x00000007c4000000, 0x00000007c4000000|100%| E|CS|TAMS 0x00000007c3e00000| PB 0x00000007c3e00000| Complete 
|1040|0x00000007c4000000, 0x00000007c4200000, 0x00000007c4200000|100%| E|CS|TAMS 0x00000007c4000000| PB 0x00000007c4000000| Complete 
|1041|0x00000007c4200000, 0x00000007c4400000, 0x00000007c4400000|100%| E|CS|TAMS 0x00000007c4200000| PB 0x00000007c4200000| Complete 
|1042|0x00000007c4400000, 0x00000007c4600000, 0x00000007c4600000|100%| E|CS|TAMS 0x00000007c4400000| PB 0x00000007c4400000| Complete 
|1043|0x00000007c4600000, 0x00000007c4800000, 0x00000007c4800000|100%| E|CS|TAMS 0x00000007c4600000| PB 0x00000007c4600000| Complete 
|1044|0x00000007c4800000, 0x00000007c4a00000, 0x00000007c4a00000|100%| E|CS|TAMS 0x00000007c4800000| PB 0x00000007c4800000| Complete 
|1045|0x00000007c4a00000, 0x00000007c4c00000, 0x00000007c4c00000|100%| E|CS|TAMS 0x00000007c4a00000| PB 0x00000007c4a00000| Complete 
|1046|0x00000007c4c00000, 0x00000007c4e00000, 0x00000007c4e00000|100%| E|CS|TAMS 0x00000007c4c00000| PB 0x00000007c4c00000| Complete 
|1047|0x00000007c4e00000, 0x00000007c5000000, 0x00000007c5000000|100%| E|CS|TAMS 0x00000007c4e00000| PB 0x00000007c4e00000| Complete 
|1048|0x00000007c5000000, 0x00000007c5200000, 0x00000007c5200000|100%| E|CS|TAMS 0x00000007c5000000| PB 0x00000007c5000000| Complete 
|1049|0x00000007c5200000, 0x00000007c5400000, 0x00000007c5400000|100%| E|CS|TAMS 0x00000007c5200000| PB 0x00000007c5200000| Complete 
|1050|0x00000007c5400000, 0x00000007c5600000, 0x00000007c5600000|100%| E|CS|TAMS 0x00000007c5400000| PB 0x00000007c5400000| Complete 
|1051|0x00000007c5600000, 0x00000007c5800000, 0x00000007c5800000|100%| E|CS|TAMS 0x00000007c5600000| PB 0x00000007c5600000| Complete 
|1052|0x00000007c5800000, 0x00000007c5a00000, 0x00000007c5a00000|100%| E|CS|TAMS 0x00000007c5800000| PB 0x00000007c5800000| Complete 
|1053|0x00000007c5a00000, 0x00000007c5c00000, 0x00000007c5c00000|100%| E|CS|TAMS 0x00000007c5a00000| PB 0x00000007c5a00000| Complete 
|1054|0x00000007c5c00000, 0x00000007c5e00000, 0x00000007c5e00000|100%| E|CS|TAMS 0x00000007c5c00000| PB 0x00000007c5c00000| Complete 
|1055|0x00000007c5e00000, 0x00000007c6000000, 0x00000007c6000000|100%| E|CS|TAMS 0x00000007c5e00000| PB 0x00000007c5e00000| Complete 
|1056|0x00000007c6000000, 0x00000007c6200000, 0x00000007c6200000|100%| E|CS|TAMS 0x00000007c6000000| PB 0x00000007c6000000| Complete 
|1057|0x00000007c6200000, 0x00000007c6400000, 0x00000007c6400000|100%| E|CS|TAMS 0x00000007c6200000| PB 0x00000007c6200000| Complete 
|1058|0x00000007c6400000, 0x00000007c6600000, 0x00000007c6600000|100%| E|CS|TAMS 0x00000007c6400000| PB 0x00000007c6400000| Complete 
|1059|0x00000007c6600000, 0x00000007c6800000, 0x00000007c6800000|100%| E|CS|TAMS 0x00000007c6600000| PB 0x00000007c6600000| Complete 
|1060|0x00000007c6800000, 0x00000007c6a00000, 0x00000007c6a00000|100%| E|CS|TAMS 0x00000007c6800000| PB 0x00000007c6800000| Complete 
|1061|0x00000007c6a00000, 0x00000007c6c00000, 0x00000007c6c00000|100%| E|CS|TAMS 0x00000007c6a00000| PB 0x00000007c6a00000| Complete 
|1062|0x00000007c6c00000, 0x00000007c6e00000, 0x00000007c6e00000|100%| E|CS|TAMS 0x00000007c6c00000| PB 0x00000007c6c00000| Complete 
|1063|0x00000007c6e00000, 0x00000007c7000000, 0x00000007c7000000|100%| E|CS|TAMS 0x00000007c6e00000| PB 0x00000007c6e00000| Complete 
|1064|0x00000007c7000000, 0x00000007c7200000, 0x00000007c7200000|100%| E|CS|TAMS 0x00000007c7000000| PB 0x00000007c7000000| Complete 
|1065|0x00000007c7200000, 0x00000007c7400000, 0x00000007c7400000|100%| E|CS|TAMS 0x00000007c7200000| PB 0x00000007c7200000| Complete 
|1066|0x00000007c7400000, 0x00000007c7600000, 0x00000007c7600000|100%| E|CS|TAMS 0x00000007c7400000| PB 0x00000007c7400000| Complete 
|1067|0x00000007c7600000, 0x00000007c7800000, 0x00000007c7800000|100%| E|CS|TAMS 0x00000007c7600000| PB 0x00000007c7600000| Complete 
|1068|0x00000007c7800000, 0x00000007c7a00000, 0x00000007c7a00000|100%| E|CS|TAMS 0x00000007c7800000| PB 0x00000007c7800000| Complete 
|1069|0x00000007c7a00000, 0x00000007c7c00000, 0x00000007c7c00000|100%| E|CS|TAMS 0x00000007c7a00000| PB 0x00000007c7a00000| Complete 
|1070|0x00000007c7c00000, 0x00000007c7e00000, 0x00000007c7e00000|100%| E|CS|TAMS 0x00000007c7c00000| PB 0x00000007c7c00000| Complete 
|1071|0x00000007c7e00000, 0x00000007c8000000, 0x00000007c8000000|100%| E|CS|TAMS 0x00000007c7e00000| PB 0x00000007c7e00000| Complete 
|1072|0x00000007c8000000, 0x00000007c8200000, 0x00000007c8200000|100%| E|CS|TAMS 0x00000007c8000000| PB 0x00000007c8000000| Complete 
|1073|0x00000007c8200000, 0x00000007c8400000, 0x00000007c8400000|100%| E|CS|TAMS 0x00000007c8200000| PB 0x00000007c8200000| Complete 
|1074|0x00000007c8400000, 0x00000007c8600000, 0x00000007c8600000|100%| E|CS|TAMS 0x00000007c8400000| PB 0x00000007c8400000| Complete 
|1075|0x00000007c8600000, 0x00000007c8800000, 0x00000007c8800000|100%| E|CS|TAMS 0x00000007c8600000| PB 0x00000007c8600000| Complete 
|1076|0x00000007c8800000, 0x00000007c8a00000, 0x00000007c8a00000|100%| E|CS|TAMS 0x00000007c8800000| PB 0x00000007c8800000| Complete 
|1077|0x00000007c8a00000, 0x00000007c8c00000, 0x00000007c8c00000|100%| E|CS|TAMS 0x00000007c8a00000| PB 0x00000007c8a00000| Complete 
|1078|0x00000007c8c00000, 0x00000007c8e00000, 0x00000007c8e00000|100%| E|CS|TAMS 0x00000007c8c00000| PB 0x00000007c8c00000| Complete 
|1079|0x00000007c8e00000, 0x00000007c9000000, 0x00000007c9000000|100%| E|CS|TAMS 0x00000007c8e00000| PB 0x00000007c8e00000| Complete 
|1080|0x00000007c9000000, 0x00000007c9200000, 0x00000007c9200000|100%| E|CS|TAMS 0x00000007c9000000| PB 0x00000007c9000000| Complete 
|1081|0x00000007c9200000, 0x00000007c9400000, 0x00000007c9400000|100%| E|CS|TAMS 0x00000007c9200000| PB 0x00000007c9200000| Complete 
|1082|0x00000007c9400000, 0x00000007c9600000, 0x00000007c9600000|100%| E|CS|TAMS 0x00000007c9400000| PB 0x00000007c9400000| Complete 
|1083|0x00000007c9600000, 0x00000007c9800000, 0x00000007c9800000|100%| E|CS|TAMS 0x00000007c9600000| PB 0x00000007c9600000| Complete 
|1084|0x00000007c9800000, 0x00000007c9a00000, 0x00000007c9a00000|100%| E|CS|TAMS 0x00000007c9800000| PB 0x00000007c9800000| Complete 
|1085|0x00000007c9a00000, 0x00000007c9c00000, 0x00000007c9c00000|100%| E|CS|TAMS 0x00000007c9a00000| PB 0x00000007c9a00000| Complete 
|1086|0x00000007c9c00000, 0x00000007c9e00000, 0x00000007c9e00000|100%| E|CS|TAMS 0x00000007c9c00000| PB 0x00000007c9c00000| Complete 
|1087|0x00000007c9e00000, 0x00000007ca000000, 0x00000007ca000000|100%| E|CS|TAMS 0x00000007c9e00000| PB 0x00000007c9e00000| Complete 
|1088|0x00000007ca000000, 0x00000007ca200000, 0x00000007ca200000|100%| E|CS|TAMS 0x00000007ca000000| PB 0x00000007ca000000| Complete 
|1089|0x00000007ca200000, 0x00000007ca400000, 0x00000007ca400000|100%| E|CS|TAMS 0x00000007ca200000| PB 0x00000007ca200000| Complete 
|1090|0x00000007ca400000, 0x00000007ca600000, 0x00000007ca600000|100%| E|CS|TAMS 0x00000007ca400000| PB 0x00000007ca400000| Complete 
|1091|0x00000007ca600000, 0x00000007ca800000, 0x00000007ca800000|100%| E|CS|TAMS 0x00000007ca600000| PB 0x00000007ca600000| Complete 
|1092|0x00000007ca800000, 0x00000007caa00000, 0x00000007caa00000|100%| E|CS|TAMS 0x00000007ca800000| PB 0x00000007ca800000| Complete 
|1093|0x00000007caa00000, 0x00000007cac00000, 0x00000007cac00000|100%| E|CS|TAMS 0x00000007caa00000| PB 0x00000007caa00000| Complete 
|1094|0x00000007cac00000, 0x00000007cae00000, 0x00000007cae00000|100%| E|CS|TAMS 0x00000007cac00000| PB 0x00000007cac00000| Complete 
|1095|0x00000007cae00000, 0x00000007cb000000, 0x00000007cb000000|100%| E|CS|TAMS 0x00000007cae00000| PB 0x00000007cae00000| Complete 
|1096|0x00000007cb000000, 0x00000007cb200000, 0x00000007cb200000|100%| E|CS|TAMS 0x00000007cb000000| PB 0x00000007cb000000| Complete 
|1097|0x00000007cb200000, 0x00000007cb400000, 0x00000007cb400000|100%| E|CS|TAMS 0x00000007cb200000| PB 0x00000007cb200000| Complete 
|1098|0x00000007cb400000, 0x00000007cb600000, 0x00000007cb600000|100%| E|CS|TAMS 0x00000007cb400000| PB 0x00000007cb400000| Complete 
|1099|0x00000007cb600000, 0x00000007cb800000, 0x00000007cb800000|100%| E|CS|TAMS 0x00000007cb600000| PB 0x00000007cb600000| Complete 
|1100|0x00000007cb800000, 0x00000007cba00000, 0x00000007cba00000|100%| E|CS|TAMS 0x00000007cb800000| PB 0x00000007cb800000| Complete 
|1101|0x00000007cba00000, 0x00000007cbc00000, 0x00000007cbc00000|100%| E|  |TAMS 0x00000007cba00000| PB 0x00000007cba00000| Complete 
|1102|0x00000007cbc00000, 0x00000007cbe00000, 0x00000007cbe00000|100%| E|CS|TAMS 0x00000007cbc00000| PB 0x00000007cbc00000| Complete 
|1103|0x00000007cbe00000, 0x00000007cc000000, 0x00000007cc000000|100%| E|CS|TAMS 0x00000007cbe00000| PB 0x00000007cbe00000| Complete 
|1104|0x00000007cc000000, 0x00000007cc200000, 0x00000007cc200000|100%| E|CS|TAMS 0x00000007cc000000| PB 0x00000007cc000000| Complete 
|1105|0x00000007cc200000, 0x00000007cc400000, 0x00000007cc400000|100%| E|CS|TAMS 0x00000007cc200000| PB 0x00000007cc200000| Complete 
|1106|0x00000007cc400000, 0x00000007cc600000, 0x00000007cc600000|100%| E|CS|TAMS 0x00000007cc400000| PB 0x00000007cc400000| Complete 
|1107|0x00000007cc600000, 0x00000007cc800000, 0x00000007cc800000|100%| E|CS|TAMS 0x00000007cc600000| PB 0x00000007cc600000| Complete 
|1108|0x00000007cc800000, 0x00000007cca00000, 0x00000007cca00000|100%| E|CS|TAMS 0x00000007cc800000| PB 0x00000007cc800000| Complete 
|1109|0x00000007cca00000, 0x00000007ccc00000, 0x00000007ccc00000|100%| E|CS|TAMS 0x00000007cca00000| PB 0x00000007cca00000| Complete 
|1110|0x00000007ccc00000, 0x00000007cce00000, 0x00000007cce00000|100%| E|CS|TAMS 0x00000007ccc00000| PB 0x00000007ccc00000| Complete 
|1111|0x00000007cce00000, 0x00000007cd000000, 0x00000007cd000000|100%| E|CS|TAMS 0x00000007cce00000| PB 0x00000007cce00000| Complete 
|1112|0x00000007cd000000, 0x00000007cd200000, 0x00000007cd200000|100%| E|CS|TAMS 0x00000007cd000000| PB 0x00000007cd000000| Complete 
|1113|0x00000007cd200000, 0x00000007cd400000, 0x00000007cd400000|100%| E|CS|TAMS 0x00000007cd200000| PB 0x00000007cd200000| Complete 
|1114|0x00000007cd400000, 0x00000007cd600000, 0x00000007cd600000|100%| E|CS|TAMS 0x00000007cd400000| PB 0x00000007cd400000| Complete 
|1115|0x00000007cd600000, 0x00000007cd800000, 0x00000007cd800000|100%| E|CS|TAMS 0x00000007cd600000| PB 0x00000007cd600000| Complete 
|1116|0x00000007cd800000, 0x00000007cda00000, 0x00000007cda00000|100%| E|CS|TAMS 0x00000007cd800000| PB 0x00000007cd800000| Complete 
|1117|0x00000007cda00000, 0x00000007cdc00000, 0x00000007cdc00000|100%| E|CS|TAMS 0x00000007cda00000| PB 0x00000007cda00000| Complete 
|1118|0x00000007cdc00000, 0x00000007cde00000, 0x00000007cde00000|100%| E|CS|TAMS 0x00000007cdc00000| PB 0x00000007cdc00000| Complete 
|1119|0x00000007cde00000, 0x00000007ce000000, 0x00000007ce000000|100%| E|CS|TAMS 0x00000007cde00000| PB 0x00000007cde00000| Complete 
|1120|0x00000007ce000000, 0x00000007ce200000, 0x00000007ce200000|100%| E|CS|TAMS 0x00000007ce000000| PB 0x00000007ce000000| Complete 
|1121|0x00000007ce200000, 0x00000007ce400000, 0x00000007ce400000|100%| E|CS|TAMS 0x00000007ce200000| PB 0x00000007ce200000| Complete 
|1122|0x00000007ce400000, 0x00000007ce600000, 0x00000007ce600000|100%| E|CS|TAMS 0x00000007ce400000| PB 0x00000007ce400000| Complete 
|1123|0x00000007ce600000, 0x00000007ce800000, 0x00000007ce800000|100%| E|CS|TAMS 0x00000007ce600000| PB 0x00000007ce600000| Complete 
|1124|0x00000007ce800000, 0x00000007cea00000, 0x00000007cea00000|100%| E|CS|TAMS 0x00000007ce800000| PB 0x00000007ce800000| Complete 
|1125|0x00000007cea00000, 0x00000007cec00000, 0x00000007cec00000|100%| E|CS|TAMS 0x00000007cea00000| PB 0x00000007cea00000| Complete 
|1126|0x00000007cec00000, 0x00000007cee00000, 0x00000007cee00000|100%| E|CS|TAMS 0x00000007cec00000| PB 0x00000007cec00000| Complete 
|1127|0x00000007cee00000, 0x00000007cf000000, 0x00000007cf000000|100%| E|CS|TAMS 0x00000007cee00000| PB 0x00000007cee00000| Complete 
|1128|0x00000007cf000000, 0x00000007cf200000, 0x00000007cf200000|100%| E|CS|TAMS 0x00000007cf000000| PB 0x00000007cf000000| Complete 
|1129|0x00000007cf200000, 0x00000007cf400000, 0x00000007cf400000|100%| E|CS|TAMS 0x00000007cf200000| PB 0x00000007cf200000| Complete 
|1130|0x00000007cf400000, 0x00000007cf600000, 0x00000007cf600000|100%| E|CS|TAMS 0x00000007cf400000| PB 0x00000007cf400000| Complete 
|1131|0x00000007cf600000, 0x00000007cf800000, 0x00000007cf800000|100%| E|CS|TAMS 0x00000007cf600000| PB 0x00000007cf600000| Complete 
|1132|0x00000007cf800000, 0x00000007cfa00000, 0x00000007cfa00000|100%| E|CS|TAMS 0x00000007cf800000| PB 0x00000007cf800000| Complete 
|1133|0x00000007cfa00000, 0x00000007cfc00000, 0x00000007cfc00000|100%| E|CS|TAMS 0x00000007cfa00000| PB 0x00000007cfa00000| Complete 
|1134|0x00000007cfc00000, 0x00000007cfe00000, 0x00000007cfe00000|100%| E|CS|TAMS 0x00000007cfc00000| PB 0x00000007cfc00000| Complete 
|1135|0x00000007cfe00000, 0x00000007d0000000, 0x00000007d0000000|100%| E|CS|TAMS 0x00000007cfe00000| PB 0x00000007cfe00000| Complete 
|1136|0x00000007d0000000, 0x00000007d0200000, 0x00000007d0200000|100%| E|CS|TAMS 0x00000007d0000000| PB 0x00000007d0000000| Complete 
|1137|0x00000007d0200000, 0x00000007d0400000, 0x00000007d0400000|100%| E|CS|TAMS 0x00000007d0200000| PB 0x00000007d0200000| Complete 
|1138|0x00000007d0400000, 0x00000007d0600000, 0x00000007d0600000|100%| E|CS|TAMS 0x00000007d0400000| PB 0x00000007d0400000| Complete 
|1139|0x00000007d0600000, 0x00000007d0800000, 0x00000007d0800000|100%| E|CS|TAMS 0x00000007d0600000| PB 0x00000007d0600000| Complete 
|1140|0x00000007d0800000, 0x00000007d0a00000, 0x00000007d0a00000|100%| E|CS|TAMS 0x00000007d0800000| PB 0x00000007d0800000| Complete 
|1141|0x00000007d0a00000, 0x00000007d0c00000, 0x00000007d0c00000|100%| E|CS|TAMS 0x00000007d0a00000| PB 0x00000007d0a00000| Complete 
|1142|0x00000007d0c00000, 0x00000007d0e00000, 0x00000007d0e00000|100%| E|CS|TAMS 0x00000007d0c00000| PB 0x00000007d0c00000| Complete 
|1143|0x00000007d0e00000, 0x00000007d1000000, 0x00000007d1000000|100%| E|CS|TAMS 0x00000007d0e00000| PB 0x00000007d0e00000| Complete 
|1144|0x00000007d1000000, 0x00000007d1200000, 0x00000007d1200000|100%| E|CS|TAMS 0x00000007d1000000| PB 0x00000007d1000000| Complete 
|1145|0x00000007d1200000, 0x00000007d1400000, 0x00000007d1400000|100%| E|CS|TAMS 0x00000007d1200000| PB 0x00000007d1200000| Complete 
|1146|0x00000007d1400000, 0x00000007d1600000, 0x00000007d1600000|100%| E|CS|TAMS 0x00000007d1400000| PB 0x00000007d1400000| Complete 
|1147|0x00000007d1600000, 0x00000007d1800000, 0x00000007d1800000|100%| E|CS|TAMS 0x00000007d1600000| PB 0x00000007d1600000| Complete 
|1148|0x00000007d1800000, 0x00000007d1a00000, 0x00000007d1a00000|100%| E|CS|TAMS 0x00000007d1800000| PB 0x00000007d1800000| Complete 
|1149|0x00000007d1a00000, 0x00000007d1c00000, 0x00000007d1c00000|100%| E|CS|TAMS 0x00000007d1a00000| PB 0x00000007d1a00000| Complete 
|1150|0x00000007d1c00000, 0x00000007d1e00000, 0x00000007d1e00000|100%| E|CS|TAMS 0x00000007d1c00000| PB 0x00000007d1c00000| Complete 
|1151|0x00000007d1e00000, 0x00000007d2000000, 0x00000007d2000000|100%| E|CS|TAMS 0x00000007d1e00000| PB 0x00000007d1e00000| Complete 
|1152|0x00000007d2000000, 0x00000007d2200000, 0x00000007d2200000|100%| E|CS|TAMS 0x00000007d2000000| PB 0x00000007d2000000| Complete 
|1153|0x00000007d2200000, 0x00000007d2400000, 0x00000007d2400000|100%| E|CS|TAMS 0x00000007d2200000| PB 0x00000007d2200000| Complete 
|1154|0x00000007d2400000, 0x00000007d2600000, 0x00000007d2600000|100%| E|CS|TAMS 0x00000007d2400000| PB 0x00000007d2400000| Complete 
|1155|0x00000007d2600000, 0x00000007d2800000, 0x00000007d2800000|100%| E|CS|TAMS 0x00000007d2600000| PB 0x00000007d2600000| Complete 
|1156|0x00000007d2800000, 0x00000007d2a00000, 0x00000007d2a00000|100%| E|CS|TAMS 0x00000007d2800000| PB 0x00000007d2800000| Complete 
|1157|0x00000007d2a00000, 0x00000007d2c00000, 0x00000007d2c00000|100%| E|CS|TAMS 0x00000007d2a00000| PB 0x00000007d2a00000| Complete 
|1158|0x00000007d2c00000, 0x00000007d2e00000, 0x00000007d2e00000|100%| E|CS|TAMS 0x00000007d2c00000| PB 0x00000007d2c00000| Complete 
|1159|0x00000007d2e00000, 0x00000007d3000000, 0x00000007d3000000|100%| E|CS|TAMS 0x00000007d2e00000| PB 0x00000007d2e00000| Complete 
|1160|0x00000007d3000000, 0x00000007d3200000, 0x00000007d3200000|100%| E|CS|TAMS 0x00000007d3000000| PB 0x00000007d3000000| Complete 
|1161|0x00000007d3200000, 0x00000007d3400000, 0x00000007d3400000|100%| E|CS|TAMS 0x00000007d3200000| PB 0x00000007d3200000| Complete 
|1162|0x00000007d3400000, 0x00000007d3600000, 0x00000007d3600000|100%| E|CS|TAMS 0x00000007d3400000| PB 0x00000007d3400000| Complete 
|1163|0x00000007d3600000, 0x00000007d3800000, 0x00000007d3800000|100%| E|CS|TAMS 0x00000007d3600000| PB 0x00000007d3600000| Complete 
|1164|0x00000007d3800000, 0x00000007d3a00000, 0x00000007d3a00000|100%| E|CS|TAMS 0x00000007d3800000| PB 0x00000007d3800000| Complete 
|1165|0x00000007d3a00000, 0x00000007d3c00000, 0x00000007d3c00000|100%| E|CS|TAMS 0x00000007d3a00000| PB 0x00000007d3a00000| Complete 
|1166|0x00000007d3c00000, 0x00000007d3e00000, 0x00000007d3e00000|100%| E|CS|TAMS 0x00000007d3c00000| PB 0x00000007d3c00000| Complete 
|1167|0x00000007d3e00000, 0x00000007d4000000, 0x00000007d4000000|100%| E|CS|TAMS 0x00000007d3e00000| PB 0x00000007d3e00000| Complete 
|1168|0x00000007d4000000, 0x00000007d4200000, 0x00000007d4200000|100%| E|CS|TAMS 0x00000007d4000000| PB 0x00000007d4000000| Complete 
|1169|0x00000007d4200000, 0x00000007d4400000, 0x00000007d4400000|100%| E|CS|TAMS 0x00000007d4200000| PB 0x00000007d4200000| Complete 
|1170|0x00000007d4400000, 0x00000007d4600000, 0x00000007d4600000|100%| E|CS|TAMS 0x00000007d4400000| PB 0x00000007d4400000| Complete 
|1171|0x00000007d4600000, 0x00000007d4800000, 0x00000007d4800000|100%| E|CS|TAMS 0x00000007d4600000| PB 0x00000007d4600000| Complete 
|1172|0x00000007d4800000, 0x00000007d4a00000, 0x00000007d4a00000|100%| E|CS|TAMS 0x00000007d4800000| PB 0x00000007d4800000| Complete 
|1173|0x00000007d4a00000, 0x00000007d4c00000, 0x00000007d4c00000|100%| E|CS|TAMS 0x00000007d4a00000| PB 0x00000007d4a00000| Complete 
|1174|0x00000007d4c00000, 0x00000007d4e00000, 0x00000007d4e00000|100%| E|CS|TAMS 0x00000007d4c00000| PB 0x00000007d4c00000| Complete 
|1175|0x00000007d4e00000, 0x00000007d5000000, 0x00000007d5000000|100%| E|CS|TAMS 0x00000007d4e00000| PB 0x00000007d4e00000| Complete 
|1176|0x00000007d5000000, 0x00000007d5200000, 0x00000007d5200000|100%| E|CS|TAMS 0x00000007d5000000| PB 0x00000007d5000000| Complete 
|1177|0x00000007d5200000, 0x00000007d5400000, 0x00000007d5400000|100%| E|CS|TAMS 0x00000007d5200000| PB 0x00000007d5200000| Complete 
|1178|0x00000007d5400000, 0x00000007d5600000, 0x00000007d5600000|100%| E|CS|TAMS 0x00000007d5400000| PB 0x00000007d5400000| Complete 
|1179|0x00000007d5600000, 0x00000007d5800000, 0x00000007d5800000|100%| E|CS|TAMS 0x00000007d5600000| PB 0x00000007d5600000| Complete 
|1180|0x00000007d5800000, 0x00000007d5a00000, 0x00000007d5a00000|100%| E|CS|TAMS 0x00000007d5800000| PB 0x00000007d5800000| Complete 
|1181|0x00000007d5a00000, 0x00000007d5c00000, 0x00000007d5c00000|100%| E|CS|TAMS 0x00000007d5a00000| PB 0x00000007d5a00000| Complete 
|1182|0x00000007d5c00000, 0x00000007d5e00000, 0x00000007d5e00000|100%| E|CS|TAMS 0x00000007d5c00000| PB 0x00000007d5c00000| Complete 
|1183|0x00000007d5e00000, 0x00000007d6000000, 0x00000007d6000000|100%| E|CS|TAMS 0x00000007d5e00000| PB 0x00000007d5e00000| Complete 
|1184|0x00000007d6000000, 0x00000007d6200000, 0x00000007d6200000|100%| E|CS|TAMS 0x00000007d6000000| PB 0x00000007d6000000| Complete 
|1185|0x00000007d6200000, 0x00000007d6400000, 0x00000007d6400000|100%| E|CS|TAMS 0x00000007d6200000| PB 0x00000007d6200000| Complete 
|1186|0x00000007d6400000, 0x00000007d6600000, 0x00000007d6600000|100%| E|CS|TAMS 0x00000007d6400000| PB 0x00000007d6400000| Complete 
|1187|0x00000007d6600000, 0x00000007d6800000, 0x00000007d6800000|100%| E|CS|TAMS 0x00000007d6600000| PB 0x00000007d6600000| Complete 
|1188|0x00000007d6800000, 0x00000007d6a00000, 0x00000007d6a00000|100%| E|CS|TAMS 0x00000007d6800000| PB 0x00000007d6800000| Complete 
|1189|0x00000007d6a00000, 0x00000007d6c00000, 0x00000007d6c00000|100%| E|CS|TAMS 0x00000007d6a00000| PB 0x00000007d6a00000| Complete 
|1190|0x00000007d6c00000, 0x00000007d6e00000, 0x00000007d6e00000|100%| E|CS|TAMS 0x00000007d6c00000| PB 0x00000007d6c00000| Complete 
|1191|0x00000007d6e00000, 0x00000007d7000000, 0x00000007d7000000|100%| E|CS|TAMS 0x00000007d6e00000| PB 0x00000007d6e00000| Complete 
|1192|0x00000007d7000000, 0x00000007d7200000, 0x00000007d7200000|100%| E|CS|TAMS 0x00000007d7000000| PB 0x00000007d7000000| Complete 
|1193|0x00000007d7200000, 0x00000007d7400000, 0x00000007d7400000|100%| E|CS|TAMS 0x00000007d7200000| PB 0x00000007d7200000| Complete 
|1194|0x00000007d7400000, 0x00000007d7600000, 0x00000007d7600000|100%| E|CS|TAMS 0x00000007d7400000| PB 0x00000007d7400000| Complete 
|1195|0x00000007d7600000, 0x00000007d7800000, 0x00000007d7800000|100%| E|CS|TAMS 0x00000007d7600000| PB 0x00000007d7600000| Complete 
|1196|0x00000007d7800000, 0x00000007d7a00000, 0x00000007d7a00000|100%| E|CS|TAMS 0x00000007d7800000| PB 0x00000007d7800000| Complete 
|1197|0x00000007d7a00000, 0x00000007d7c00000, 0x00000007d7c00000|100%| E|CS|TAMS 0x00000007d7a00000| PB 0x00000007d7a00000| Complete 
|1198|0x00000007d7c00000, 0x00000007d7e00000, 0x00000007d7e00000|100%| E|CS|TAMS 0x00000007d7c00000| PB 0x00000007d7c00000| Complete 
|1199|0x00000007d7e00000, 0x00000007d8000000, 0x00000007d8000000|100%| E|CS|TAMS 0x00000007d7e00000| PB 0x00000007d7e00000| Complete 
|1200|0x00000007d8000000, 0x00000007d8200000, 0x00000007d8200000|100%| E|CS|TAMS 0x00000007d8000000| PB 0x00000007d8000000| Complete 
|1201|0x00000007d8200000, 0x00000007d8400000, 0x00000007d8400000|100%| E|CS|TAMS 0x00000007d8200000| PB 0x00000007d8200000| Complete 
|1202|0x00000007d8400000, 0x00000007d8600000, 0x00000007d8600000|100%| E|CS|TAMS 0x00000007d8400000| PB 0x00000007d8400000| Complete 
|1203|0x00000007d8600000, 0x00000007d8800000, 0x00000007d8800000|100%| E|CS|TAMS 0x00000007d8600000| PB 0x00000007d8600000| Complete 
|1204|0x00000007d8800000, 0x00000007d8a00000, 0x00000007d8a00000|100%| E|CS|TAMS 0x00000007d8800000| PB 0x00000007d8800000| Complete 
|1205|0x00000007d8a00000, 0x00000007d8c00000, 0x00000007d8c00000|100%| E|CS|TAMS 0x00000007d8a00000| PB 0x00000007d8a00000| Complete 
|1206|0x00000007d8c00000, 0x00000007d8e00000, 0x00000007d8e00000|100%| E|CS|TAMS 0x00000007d8c00000| PB 0x00000007d8c00000| Complete 
|1207|0x00000007d8e00000, 0x00000007d9000000, 0x00000007d9000000|100%| E|CS|TAMS 0x00000007d8e00000| PB 0x00000007d8e00000| Complete 
|1208|0x00000007d9000000, 0x00000007d9200000, 0x00000007d9200000|100%| E|CS|TAMS 0x00000007d9000000| PB 0x00000007d9000000| Complete 
|1209|0x00000007d9200000, 0x00000007d9400000, 0x00000007d9400000|100%| E|CS|TAMS 0x00000007d9200000| PB 0x00000007d9200000| Complete 
|1210|0x00000007d9400000, 0x00000007d9600000, 0x00000007d9600000|100%| E|CS|TAMS 0x00000007d9400000| PB 0x00000007d9400000| Complete 
|1211|0x00000007d9600000, 0x00000007d9800000, 0x00000007d9800000|100%| E|CS|TAMS 0x00000007d9600000| PB 0x00000007d9600000| Complete 
|1212|0x00000007d9800000, 0x00000007d9a00000, 0x00000007d9a00000|100%| E|CS|TAMS 0x00000007d9800000| PB 0x00000007d9800000| Complete 
|1213|0x00000007d9a00000, 0x00000007d9c00000, 0x00000007d9c00000|100%| E|CS|TAMS 0x00000007d9a00000| PB 0x00000007d9a00000| Complete 
|1214|0x00000007d9c00000, 0x00000007d9e00000, 0x00000007d9e00000|100%| E|CS|TAMS 0x00000007d9c00000| PB 0x00000007d9c00000| Complete 
|1215|0x00000007d9e00000, 0x00000007da000000, 0x00000007da000000|100%| E|CS|TAMS 0x00000007d9e00000| PB 0x00000007d9e00000| Complete 
|1216|0x00000007da000000, 0x00000007da200000, 0x00000007da200000|100%| E|CS|TAMS 0x00000007da000000| PB 0x00000007da000000| Complete 
|1217|0x00000007da200000, 0x00000007da400000, 0x00000007da400000|100%| E|CS|TAMS 0x00000007da200000| PB 0x00000007da200000| Complete 
|1218|0x00000007da400000, 0x00000007da600000, 0x00000007da600000|100%| E|CS|TAMS 0x00000007da400000| PB 0x00000007da400000| Complete 
|1219|0x00000007da600000, 0x00000007da800000, 0x00000007da800000|100%| E|CS|TAMS 0x00000007da600000| PB 0x00000007da600000| Complete 
|1220|0x00000007da800000, 0x00000007daa00000, 0x00000007daa00000|100%| E|CS|TAMS 0x00000007da800000| PB 0x00000007da800000| Complete 
|1221|0x00000007daa00000, 0x00000007dac00000, 0x00000007dac00000|100%| E|CS|TAMS 0x00000007daa00000| PB 0x00000007daa00000| Complete 
|1222|0x00000007dac00000, 0x00000007dae00000, 0x00000007dae00000|100%| E|CS|TAMS 0x00000007dac00000| PB 0x00000007dac00000| Complete 
|1223|0x00000007dae00000, 0x00000007db000000, 0x00000007db000000|100%| E|CS|TAMS 0x00000007dae00000| PB 0x00000007dae00000| Complete 
|1224|0x00000007db000000, 0x00000007db200000, 0x00000007db200000|100%| E|CS|TAMS 0x00000007db000000| PB 0x00000007db000000| Complete 
|1225|0x00000007db200000, 0x00000007db400000, 0x00000007db400000|100%| E|CS|TAMS 0x00000007db200000| PB 0x00000007db200000| Complete 
|1226|0x00000007db400000, 0x00000007db600000, 0x00000007db600000|100%| E|CS|TAMS 0x00000007db400000| PB 0x00000007db400000| Complete 
|1227|0x00000007db600000, 0x00000007db800000, 0x00000007db800000|100%| E|CS|TAMS 0x00000007db600000| PB 0x00000007db600000| Complete 
|1228|0x00000007db800000, 0x00000007dba00000, 0x00000007dba00000|100%| E|CS|TAMS 0x00000007db800000| PB 0x00000007db800000| Complete 
|1229|0x00000007dba00000, 0x00000007dbc00000, 0x00000007dbc00000|100%| E|CS|TAMS 0x00000007dba00000| PB 0x00000007dba00000| Complete 
|1230|0x00000007dbc00000, 0x00000007dbe00000, 0x00000007dbe00000|100%| E|CS|TAMS 0x00000007dbc00000| PB 0x00000007dbc00000| Complete 
|1231|0x00000007dbe00000, 0x00000007dc000000, 0x00000007dc000000|100%| E|CS|TAMS 0x00000007dbe00000| PB 0x00000007dbe00000| Complete 
|1232|0x00000007dc000000, 0x00000007dc200000, 0x00000007dc200000|100%| E|CS|TAMS 0x00000007dc000000| PB 0x00000007dc000000| Complete 
|1233|0x00000007dc200000, 0x00000007dc400000, 0x00000007dc400000|100%| E|CS|TAMS 0x00000007dc200000| PB 0x00000007dc200000| Complete 
|1234|0x00000007dc400000, 0x00000007dc600000, 0x00000007dc600000|100%| E|CS|TAMS 0x00000007dc400000| PB 0x00000007dc400000| Complete 
|1235|0x00000007dc600000, 0x00000007dc800000, 0x00000007dc800000|100%| E|CS|TAMS 0x00000007dc600000| PB 0x00000007dc600000| Complete 
|1236|0x00000007dc800000, 0x00000007dca00000, 0x00000007dca00000|100%| E|CS|TAMS 0x00000007dc800000| PB 0x00000007dc800000| Complete 
|1237|0x00000007dca00000, 0x00000007dcc00000, 0x00000007dcc00000|100%| E|CS|TAMS 0x00000007dca00000| PB 0x00000007dca00000| Complete 
|1238|0x00000007dcc00000, 0x00000007dce00000, 0x00000007dce00000|100%| E|CS|TAMS 0x00000007dcc00000| PB 0x00000007dcc00000| Complete 
|1239|0x00000007dce00000, 0x00000007dd000000, 0x00000007dd000000|100%| E|CS|TAMS 0x00000007dce00000| PB 0x00000007dce00000| Complete 
|1240|0x00000007dd000000, 0x00000007dd200000, 0x00000007dd200000|100%| E|CS|TAMS 0x00000007dd000000| PB 0x00000007dd000000| Complete 
|1241|0x00000007dd200000, 0x00000007dd400000, 0x00000007dd400000|100%| E|CS|TAMS 0x00000007dd200000| PB 0x00000007dd200000| Complete 
|1242|0x00000007dd400000, 0x00000007dd600000, 0x00000007dd600000|100%| E|CS|TAMS 0x00000007dd400000| PB 0x00000007dd400000| Complete 
|1243|0x00000007dd600000, 0x00000007dd800000, 0x00000007dd800000|100%| E|CS|TAMS 0x00000007dd600000| PB 0x00000007dd600000| Complete 
|1244|0x00000007dd800000, 0x00000007dda00000, 0x00000007dda00000|100%| E|CS|TAMS 0x00000007dd800000| PB 0x00000007dd800000| Complete 
|1245|0x00000007dda00000, 0x00000007ddc00000, 0x00000007ddc00000|100%| E|CS|TAMS 0x00000007dda00000| PB 0x00000007dda00000| Complete 
|1246|0x00000007ddc00000, 0x00000007dde00000, 0x00000007dde00000|100%| E|CS|TAMS 0x00000007ddc00000| PB 0x00000007ddc00000| Complete 
|1247|0x00000007dde00000, 0x00000007de000000, 0x00000007de000000|100%| E|CS|TAMS 0x00000007dde00000| PB 0x00000007dde00000| Complete 
|1248|0x00000007de000000, 0x00000007de200000, 0x00000007de200000|100%| E|CS|TAMS 0x00000007de000000| PB 0x00000007de000000| Complete 
|1249|0x00000007de200000, 0x00000007de400000, 0x00000007de400000|100%| E|CS|TAMS 0x00000007de200000| PB 0x00000007de200000| Complete 
|1250|0x00000007de400000, 0x00000007de600000, 0x00000007de600000|100%| E|CS|TAMS 0x00000007de400000| PB 0x00000007de400000| Complete 
|1251|0x00000007de600000, 0x00000007de800000, 0x00000007de800000|100%| E|CS|TAMS 0x00000007de600000| PB 0x00000007de600000| Complete 
|1252|0x00000007de800000, 0x00000007dea00000, 0x00000007dea00000|100%| E|CS|TAMS 0x00000007de800000| PB 0x00000007de800000| Complete 
|1253|0x00000007dea00000, 0x00000007dec00000, 0x00000007dec00000|100%| E|CS|TAMS 0x00000007dea00000| PB 0x00000007dea00000| Complete 
|1254|0x00000007dec00000, 0x00000007dee00000, 0x00000007dee00000|100%| E|CS|TAMS 0x00000007dec00000| PB 0x00000007dec00000| Complete 
|1255|0x00000007dee00000, 0x00000007df000000, 0x00000007df000000|100%| E|CS|TAMS 0x00000007dee00000| PB 0x00000007dee00000| Complete 
|1256|0x00000007df000000, 0x00000007df200000, 0x00000007df200000|100%| E|CS|TAMS 0x00000007df000000| PB 0x00000007df000000| Complete 
|1257|0x00000007df200000, 0x00000007df400000, 0x00000007df400000|100%| E|CS|TAMS 0x00000007df200000| PB 0x00000007df200000| Complete 
|1258|0x00000007df400000, 0x00000007df600000, 0x00000007df600000|100%| E|CS|TAMS 0x00000007df400000| PB 0x00000007df400000| Complete 
|1259|0x00000007df600000, 0x00000007df800000, 0x00000007df800000|100%| E|CS|TAMS 0x00000007df600000| PB 0x00000007df600000| Complete 
|1260|0x00000007df800000, 0x00000007dfa00000, 0x00000007dfa00000|100%| E|CS|TAMS 0x00000007df800000| PB 0x00000007df800000| Complete 
|1261|0x00000007dfa00000, 0x00000007dfc00000, 0x00000007dfc00000|100%| E|CS|TAMS 0x00000007dfa00000| PB 0x00000007dfa00000| Complete 
|1262|0x00000007dfc00000, 0x00000007dfe00000, 0x00000007dfe00000|100%| E|CS|TAMS 0x00000007dfc00000| PB 0x00000007dfc00000| Complete 
|1263|0x00000007dfe00000, 0x00000007e0000000, 0x00000007e0000000|100%| E|CS|TAMS 0x00000007dfe00000| PB 0x00000007dfe00000| Complete 
|1264|0x00000007e0000000, 0x00000007e0200000, 0x00000007e0200000|100%| E|CS|TAMS 0x00000007e0000000| PB 0x00000007e0000000| Complete 
|1265|0x00000007e0200000, 0x00000007e0400000, 0x00000007e0400000|100%| E|CS|TAMS 0x00000007e0200000| PB 0x00000007e0200000| Complete 
|1266|0x00000007e0400000, 0x00000007e0600000, 0x00000007e0600000|100%| E|CS|TAMS 0x00000007e0400000| PB 0x00000007e0400000| Complete 
|1267|0x00000007e0600000, 0x00000007e0800000, 0x00000007e0800000|100%| E|CS|TAMS 0x00000007e0600000| PB 0x00000007e0600000| Complete 
|1268|0x00000007e0800000, 0x00000007e0a00000, 0x00000007e0a00000|100%| E|CS|TAMS 0x00000007e0800000| PB 0x00000007e0800000| Complete 
|1269|0x00000007e0a00000, 0x00000007e0c00000, 0x00000007e0c00000|100%| E|CS|TAMS 0x00000007e0a00000| PB 0x00000007e0a00000| Complete 
|1270|0x00000007e0c00000, 0x00000007e0e00000, 0x00000007e0e00000|100%| E|CS|TAMS 0x00000007e0c00000| PB 0x00000007e0c00000| Complete 
|1271|0x00000007e0e00000, 0x00000007e1000000, 0x00000007e1000000|100%| E|CS|TAMS 0x00000007e0e00000| PB 0x00000007e0e00000| Complete 
|1272|0x00000007e1000000, 0x00000007e1200000, 0x00000007e1200000|100%| E|CS|TAMS 0x00000007e1000000| PB 0x00000007e1000000| Complete 
|1273|0x00000007e1200000, 0x00000007e1400000, 0x00000007e1400000|100%| E|CS|TAMS 0x00000007e1200000| PB 0x00000007e1200000| Complete 
|1274|0x00000007e1400000, 0x00000007e1600000, 0x00000007e1600000|100%| E|CS|TAMS 0x00000007e1400000| PB 0x00000007e1400000| Complete 
|1275|0x00000007e1600000, 0x00000007e1800000, 0x00000007e1800000|100%| E|CS|TAMS 0x00000007e1600000| PB 0x00000007e1600000| Complete 
|1276|0x00000007e1800000, 0x00000007e1a00000, 0x00000007e1a00000|100%| E|CS|TAMS 0x00000007e1800000| PB 0x00000007e1800000| Complete 
|1277|0x00000007e1a00000, 0x00000007e1c00000, 0x00000007e1c00000|100%| E|CS|TAMS 0x00000007e1a00000| PB 0x00000007e1a00000| Complete 
|1278|0x00000007e1c00000, 0x00000007e1e00000, 0x00000007e1e00000|100%| E|CS|TAMS 0x00000007e1c00000| PB 0x00000007e1c00000| Complete 
|1279|0x00000007e1e00000, 0x00000007e2000000, 0x00000007e2000000|100%| E|CS|TAMS 0x00000007e1e00000| PB 0x00000007e1e00000| Complete 
|1280|0x00000007e2000000, 0x00000007e2200000, 0x00000007e2200000|100%| E|CS|TAMS 0x00000007e2000000| PB 0x00000007e2000000| Complete 
|1281|0x00000007e2200000, 0x00000007e2400000, 0x00000007e2400000|100%| E|CS|TAMS 0x00000007e2200000| PB 0x00000007e2200000| Complete 
|1282|0x00000007e2400000, 0x00000007e2600000, 0x00000007e2600000|100%| E|CS|TAMS 0x00000007e2400000| PB 0x00000007e2400000| Complete 
|1283|0x00000007e2600000, 0x00000007e2800000, 0x00000007e2800000|100%| E|CS|TAMS 0x00000007e2600000| PB 0x00000007e2600000| Complete 
|1284|0x00000007e2800000, 0x00000007e2a00000, 0x00000007e2a00000|100%| E|CS|TAMS 0x00000007e2800000| PB 0x00000007e2800000| Complete 
|1285|0x00000007e2a00000, 0x00000007e2c00000, 0x00000007e2c00000|100%| E|CS|TAMS 0x00000007e2a00000| PB 0x00000007e2a00000| Complete 
|1286|0x00000007e2c00000, 0x00000007e2e00000, 0x00000007e2e00000|100%| E|CS|TAMS 0x00000007e2c00000| PB 0x00000007e2c00000| Complete 
|1287|0x00000007e2e00000, 0x00000007e3000000, 0x00000007e3000000|100%| E|CS|TAMS 0x00000007e2e00000| PB 0x00000007e2e00000| Complete 
|1288|0x00000007e3000000, 0x00000007e3200000, 0x00000007e3200000|100%| E|CS|TAMS 0x00000007e3000000| PB 0x00000007e3000000| Complete 
|1289|0x00000007e3200000, 0x00000007e3400000, 0x00000007e3400000|100%| E|CS|TAMS 0x00000007e3200000| PB 0x00000007e3200000| Complete 
|1290|0x00000007e3400000, 0x00000007e3600000, 0x00000007e3600000|100%| S|CS|TAMS 0x00000007e3400000| PB 0x00000007e3400000| Complete 
|1291|0x00000007e3600000, 0x00000007e3800000, 0x00000007e3800000|100%| S|CS|TAMS 0x00000007e3600000| PB 0x00000007e3600000| Complete 
|1292|0x00000007e3800000, 0x00000007e3a00000, 0x00000007e3a00000|100%| S|CS|TAMS 0x00000007e3800000| PB 0x00000007e3800000| Complete 
|1293|0x00000007e3a00000, 0x00000007e3c00000, 0x00000007e3c00000|100%| S|CS|TAMS 0x00000007e3a00000| PB 0x00000007e3a00000| Complete 
|1294|0x00000007e3c00000, 0x00000007e3e00000, 0x00000007e3e00000|100%| S|CS|TAMS 0x00000007e3c00000| PB 0x00000007e3c00000| Complete 
|1295|0x00000007e3e00000, 0x00000007e4000000, 0x00000007e4000000|100%| S|CS|TAMS 0x00000007e3e00000| PB 0x00000007e3e00000| Complete 
|1296|0x00000007e4000000, 0x00000007e4200000, 0x00000007e4200000|100%| S|CS|TAMS 0x00000007e4000000| PB 0x00000007e4000000| Complete 
|1297|0x00000007e4200000, 0x00000007e4400000, 0x00000007e4400000|100%| S|CS|TAMS 0x00000007e4200000| PB 0x00000007e4200000| Complete 
|1298|0x00000007e4400000, 0x00000007e4600000, 0x00000007e4600000|100%| S|CS|TAMS 0x00000007e4400000| PB 0x00000007e4400000| Complete 
|1299|0x00000007e4600000, 0x00000007e4800000, 0x00000007e4800000|100%| S|CS|TAMS 0x00000007e4600000| PB 0x00000007e4600000| Complete 
|1300|0x00000007e4800000, 0x00000007e4a00000, 0x00000007e4a00000|100%| S|CS|TAMS 0x00000007e4800000| PB 0x00000007e4800000| Complete 
|1301|0x00000007e4a00000, 0x00000007e4c00000, 0x00000007e4c00000|100%| S|CS|TAMS 0x00000007e4a00000| PB 0x00000007e4a00000| Complete 
|1302|0x00000007e4c00000, 0x00000007e4e00000, 0x00000007e4e00000|100%| S|CS|TAMS 0x00000007e4c00000| PB 0x00000007e4c00000| Complete 
|1303|0x00000007e4e00000, 0x00000007e5000000, 0x00000007e5000000|100%| S|CS|TAMS 0x00000007e4e00000| PB 0x00000007e4e00000| Complete 
|1304|0x00000007e5000000, 0x00000007e5200000, 0x00000007e5200000|100%| S|CS|TAMS 0x00000007e5000000| PB 0x00000007e5000000| Complete 
|1305|0x00000007e5200000, 0x00000007e5400000, 0x00000007e5400000|100%| S|CS|TAMS 0x00000007e5200000| PB 0x00000007e5200000| Complete 
|1306|0x00000007e5400000, 0x00000007e5600000, 0x00000007e5600000|100%| S|CS|TAMS 0x00000007e5400000| PB 0x00000007e5400000| Complete 
|1307|0x00000007e5600000, 0x00000007e5800000, 0x00000007e5800000|100%| S|CS|TAMS 0x00000007e5600000| PB 0x00000007e5600000| Complete 
|1308|0x00000007e5800000, 0x00000007e5a00000, 0x00000007e5a00000|100%| S|CS|TAMS 0x00000007e5800000| PB 0x00000007e5800000| Complete 
|1309|0x00000007e5a00000, 0x00000007e5c00000, 0x00000007e5c00000|100%| S|CS|TAMS 0x00000007e5a00000| PB 0x00000007e5a00000| Complete 
|1310|0x00000007e5c00000, 0x00000007e5e00000, 0x00000007e5e00000|100%| S|CS|TAMS 0x00000007e5c00000| PB 0x00000007e5c00000| Complete 
|1311|0x00000007e5e00000, 0x00000007e6000000, 0x00000007e6000000|100%| S|CS|TAMS 0x00000007e5e00000| PB 0x00000007e5e00000| Complete 
|1312|0x00000007e6000000, 0x00000007e6200000, 0x00000007e6200000|100%| S|CS|TAMS 0x00000007e6000000| PB 0x00000007e6000000| Complete 
|1313|0x00000007e6200000, 0x00000007e6400000, 0x00000007e6400000|100%| S|CS|TAMS 0x00000007e6200000| PB 0x00000007e6200000| Complete 
|1314|0x00000007e6400000, 0x00000007e6600000, 0x00000007e6600000|100%| S|CS|TAMS 0x00000007e6400000| PB 0x00000007e6400000| Complete 
|1315|0x00000007e6600000, 0x00000007e6800000, 0x00000007e6800000|100%| S|CS|TAMS 0x00000007e6600000| PB 0x00000007e6600000| Complete 
|1316|0x00000007e6800000, 0x00000007e6a00000, 0x00000007e6a00000|100%| S|CS|TAMS 0x00000007e6800000| PB 0x00000007e6800000| Complete 
|1317|0x00000007e6a00000, 0x00000007e6c00000, 0x00000007e6c00000|100%| S|CS|TAMS 0x00000007e6a00000| PB 0x00000007e6a00000| Complete 
|1318|0x00000007e6c00000, 0x00000007e6e00000, 0x00000007e6e00000|100%| S|CS|TAMS 0x00000007e6c00000| PB 0x00000007e6c00000| Complete 
|1319|0x00000007e6e00000, 0x00000007e7000000, 0x00000007e7000000|100%| S|CS|TAMS 0x00000007e6e00000| PB 0x00000007e6e00000| Complete 
|1320|0x00000007e7000000, 0x00000007e7200000, 0x00000007e7200000|100%| S|CS|TAMS 0x00000007e7000000| PB 0x00000007e7000000| Complete 
|1321|0x00000007e7200000, 0x00000007e7400000, 0x00000007e7400000|100%| S|CS|TAMS 0x00000007e7200000| PB 0x00000007e7200000| Complete 
|1322|0x00000007e7400000, 0x00000007e7600000, 0x00000007e7600000|100%| S|CS|TAMS 0x00000007e7400000| PB 0x00000007e7400000| Complete 
|1323|0x00000007e7600000, 0x00000007e7800000, 0x00000007e7800000|100%| S|CS|TAMS 0x00000007e7600000| PB 0x00000007e7600000| Complete 
|1324|0x00000007e7800000, 0x00000007e7a00000, 0x00000007e7a00000|100%| S|CS|TAMS 0x00000007e7800000| PB 0x00000007e7800000| Complete 
|1325|0x00000007e7a00000, 0x00000007e7c00000, 0x00000007e7c00000|100%| S|CS|TAMS 0x00000007e7a00000| PB 0x00000007e7a00000| Complete 
|1326|0x00000007e7c00000, 0x00000007e7e00000, 0x00000007e7e00000|100%| S|CS|TAMS 0x00000007e7c00000| PB 0x00000007e7c00000| Complete 
|1327|0x00000007e7e00000, 0x00000007e8000000, 0x00000007e8000000|100%| S|CS|TAMS 0x00000007e7e00000| PB 0x00000007e7e00000| Complete 
|1328|0x00000007e8000000, 0x00000007e8200000, 0x00000007e8200000|100%| S|CS|TAMS 0x00000007e8000000| PB 0x00000007e8000000| Complete 
|1329|0x00000007e8200000, 0x00000007e8400000, 0x00000007e8400000|100%| S|CS|TAMS 0x00000007e8200000| PB 0x00000007e8200000| Complete 
|1330|0x00000007e8400000, 0x00000007e8600000, 0x00000007e8600000|100%| S|CS|TAMS 0x00000007e8400000| PB 0x00000007e8400000| Complete 
|1331|0x00000007e8600000, 0x00000007e8800000, 0x00000007e8800000|100%| S|CS|TAMS 0x00000007e8600000| PB 0x00000007e8600000| Complete 
|1455|0x00000007f7e00000, 0x00000007f8000000, 0x00000007f8000000|100%| E|CS|TAMS 0x00000007f7e00000| PB 0x00000007f7e00000| Complete 
|1456|0x00000007f8000000, 0x00000007f8200000, 0x00000007f8200000|100%| E|CS|TAMS 0x00000007f8000000| PB 0x00000007f8000000| Complete 
|1457|0x00000007f8200000, 0x00000007f8400000, 0x00000007f8400000|100%| E|CS|TAMS 0x00000007f8200000| PB 0x00000007f8200000| Complete 
|1458|0x00000007f8400000, 0x00000007f850adb0, 0x00000007f8600000| 52%| O|  |TAMS 0x00000007f8400000| PB 0x00000007f8400000| Untracked 
|1459|0x00000007f8600000, 0x00000007f8800000, 0x00000007f8800000|100%| O|  |TAMS 0x00000007f8600000| PB 0x00000007f8600000| Untracked 
|1460|0x00000007f8800000, 0x00000007f8a00000, 0x00000007f8a00000|100%| O|  |TAMS 0x00000007f8800000| PB 0x00000007f8800000| Untracked 
|1461|0x00000007f8a00000, 0x00000007f8c00000, 0x00000007f8c00000|100%| O|  |TAMS 0x00000007f8a00000| PB 0x00000007f8a00000| Untracked 
|1462|0x00000007f8c00000, 0x00000007f8e00000, 0x00000007f8e00000|100%| O|  |TAMS 0x00000007f8c00000| PB 0x00000007f8c00000| Untracked 
|1463|0x00000007f8e00000, 0x00000007f9000000, 0x00000007f9000000|100%| O|  |TAMS 0x00000007f8e00000| PB 0x00000007f8e00000| Untracked 
|1464|0x00000007f9000000, 0x00000007f9200000, 0x00000007f9200000|100%| O|  |TAMS 0x00000007f9000000| PB 0x00000007f9000000| Untracked 
|1465|0x00000007f9200000, 0x00000007f9400000, 0x00000007f9400000|100%| O|  |TAMS 0x00000007f9200000| PB 0x00000007f9200000| Untracked 
|1466|0x00000007f9400000, 0x00000007f9600000, 0x00000007f9600000|100%| O|  |TAMS 0x00000007f9400000| PB 0x00000007f9400000| Untracked 
|1467|0x00000007f9600000, 0x00000007f9800000, 0x00000007f9800000|100%| O|  |TAMS 0x00000007f9600000| PB 0x00000007f9600000| Untracked 
|1468|0x00000007f9800000, 0x00000007f9a00000, 0x00000007f9a00000|100%| O|  |TAMS 0x00000007f9800000| PB 0x00000007f9800000| Untracked 
|1469|0x00000007f9a00000, 0x00000007f9c00000, 0x00000007f9c00000|100%| O|  |TAMS 0x00000007f9a00000| PB 0x00000007f9a00000| Untracked 
|1470|0x00000007f9c00000, 0x00000007f9e00000, 0x00000007f9e00000|100%| O|Cm|TAMS 0x00000007f9c00000| PB 0x00000007f9c00000| Complete 
|1471|0x00000007f9e00000, 0x00000007fa000000, 0x00000007fa000000|100%| O|  |TAMS 0x00000007f9e00000| PB 0x00000007f9e00000| Untracked 
|1472|0x00000007fa000000, 0x00000007fa200000, 0x00000007fa200000|100%| O|  |TAMS 0x00000007fa000000| PB 0x00000007fa000000| Untracked 
|1473|0x00000007fa200000, 0x00000007fa400000, 0x00000007fa400000|100%| O|  |TAMS 0x00000007fa200000| PB 0x00000007fa200000| Untracked 
|1474|0x00000007fa400000, 0x00000007fa600000, 0x00000007fa600000|100%| O|  |TAMS 0x00000007fa400000| PB 0x00000007fa400000| Untracked 
|1475|0x00000007fa600000, 0x00000007fa800000, 0x00000007fa800000|100%| O|  |TAMS 0x00000007fa600000| PB 0x00000007fa600000| Untracked 
|1476|0x00000007fa800000, 0x00000007faa00000, 0x00000007faa00000|100%| O|  |TAMS 0x00000007fa800000| PB 0x00000007fa800000| Untracked 
|1477|0x00000007faa00000, 0x00000007fac00000, 0x00000007fac00000|100%| O|  |TAMS 0x00000007faa00000| PB 0x00000007faa00000| Untracked 
|1478|0x00000007fac00000, 0x00000007fae00000, 0x00000007fae00000|100%| O|  |TAMS 0x00000007fac00000| PB 0x00000007fac00000| Untracked 
|1479|0x00000007fae00000, 0x00000007fb000000, 0x00000007fb000000|100%| O|  |TAMS 0x00000007fae00000| PB 0x00000007fae00000| Untracked 
|1480|0x00000007fb000000, 0x00000007fb200000, 0x00000007fb200000|100%| O|  |TAMS 0x00000007fb000000| PB 0x00000007fb000000| Untracked 
|1481|0x00000007fb200000, 0x00000007fb400000, 0x00000007fb400000|100%| O|  |TAMS 0x00000007fb200000| PB 0x00000007fb200000| Untracked 
|1482|0x00000007fb400000, 0x00000007fb600000, 0x00000007fb600000|100%| O|  |TAMS 0x00000007fb400000| PB 0x00000007fb400000| Untracked 
|1483|0x00000007fb600000, 0x00000007fb800000, 0x00000007fb800000|100%| O|  |TAMS 0x00000007fb600000| PB 0x00000007fb600000| Untracked 
|1484|0x00000007fb800000, 0x00000007fba00000, 0x00000007fba00000|100%| O|  |TAMS 0x00000007fb800000| PB 0x00000007fb800000| Untracked 
|1485|0x00000007fba00000, 0x00000007fbc00000, 0x00000007fbc00000|100%| O|  |TAMS 0x00000007fba00000| PB 0x00000007fba00000| Untracked 
|1486|0x00000007fbc00000, 0x00000007fbe00000, 0x00000007fbe00000|100%| O|  |TAMS 0x00000007fbc00000| PB 0x00000007fbc00000| Untracked 
|1487|0x00000007fbe00000, 0x00000007fc000000, 0x00000007fc000000|100%| O|  |TAMS 0x00000007fbe00000| PB 0x00000007fbe00000| Untracked 
|1488|0x00000007fc000000, 0x00000007fc200000, 0x00000007fc200000|100%| O|  |TAMS 0x00000007fc000000| PB 0x00000007fc000000| Untracked 
|1489|0x00000007fc200000, 0x00000007fc400000, 0x00000007fc400000|100%| O|Cm|TAMS 0x00000007fc200000| PB 0x00000007fc200000| Complete 
|1490|0x00000007fc400000, 0x00000007fc600000, 0x00000007fc600000|100%| O|  |TAMS 0x00000007fc400000| PB 0x00000007fc400000| Untracked 
|1491|0x00000007fc600000, 0x00000007fc800000, 0x00000007fc800000|100%| O|  |TAMS 0x00000007fc600000| PB 0x00000007fc600000| Untracked 
|1492|0x00000007fc800000, 0x00000007fca00000, 0x00000007fca00000|100%| O|  |TAMS 0x00000007fc800000| PB 0x00000007fc800000| Untracked 
|1493|0x00000007fca00000, 0x00000007fcc00000, 0x00000007fcc00000|100%| O|  |TAMS 0x00000007fca00000| PB 0x00000007fca00000| Untracked 
|1494|0x00000007fcc00000, 0x00000007fce00000, 0x00000007fce00000|100%| O|  |TAMS 0x00000007fcc00000| PB 0x00000007fcc00000| Untracked 
|1495|0x00000007fce00000, 0x00000007fd000000, 0x00000007fd000000|100%| O|  |TAMS 0x00000007fce00000| PB 0x00000007fce00000| Untracked 
|1496|0x00000007fd000000, 0x00000007fd200000, 0x00000007fd200000|100%| E|CS|TAMS 0x00000007fd000000| PB 0x00000007fd000000| Complete 
|1497|0x00000007fd200000, 0x00000007fd400000, 0x00000007fd400000|100%| E|CS|TAMS 0x00000007fd200000| PB 0x00000007fd200000| Complete 
|1498|0x00000007fd400000, 0x00000007fd600000, 0x00000007fd600000|100%| O|  |TAMS 0x00000007fd400000| PB 0x00000007fd400000| Untracked 
|1499|0x00000007fd600000, 0x00000007fd800000, 0x00000007fd800000|100%| O|  |TAMS 0x00000007fd600000| PB 0x00000007fd600000| Untracked 
|1500|0x00000007fd800000, 0x00000007fda00000, 0x00000007fda00000|100%| O|  |TAMS 0x00000007fd800000| PB 0x00000007fd800000| Untracked 
|1501|0x00000007fda00000, 0x00000007fdc00000, 0x00000007fdc00000|100%| O|  |TAMS 0x00000007fda00000| PB 0x00000007fda00000| Untracked 
|1502|0x00000007fdc00000, 0x00000007fde00000, 0x00000007fde00000|100%| O|  |TAMS 0x00000007fdc00000| PB 0x00000007fdc00000| Untracked 
|1503|0x00000007fde00000, 0x00000007fe000000, 0x00000007fe000000|100%| O|  |TAMS 0x00000007fde00000| PB 0x00000007fde00000| Untracked 
|1504|0x00000007fe000000, 0x00000007fe200000, 0x00000007fe200000|100%| O|  |TAMS 0x00000007fe000000| PB 0x00000007fe000000| Untracked 
|1505|0x00000007fe200000, 0x00000007fe400000, 0x00000007fe400000|100%| O|  |TAMS 0x00000007fe200000| PB 0x00000007fe200000| Untracked 
|1506|0x00000007fe400000, 0x00000007fe600000, 0x00000007fe600000|100%| O|  |TAMS 0x00000007fe400000| PB 0x00000007fe400000| Untracked 
|1507|0x00000007fe600000, 0x00000007fe800000, 0x00000007fe800000|100%| O|  |TAMS 0x00000007fe600000| PB 0x00000007fe600000| Untracked 
|1508|0x00000007fe800000, 0x00000007fea00000, 0x00000007fea00000|100%| O|  |TAMS 0x00000007fe800000| PB 0x00000007fe800000| Untracked 
|1509|0x00000007fea00000, 0x00000007fec00000, 0x00000007fec00000|100%| O|  |TAMS 0x00000007fea00000| PB 0x00000007fea00000| Untracked 
|1510|0x00000007fec00000, 0x00000007fee00000, 0x00000007fee00000|100%| O|  |TAMS 0x00000007fec00000| PB 0x00000007fec00000| Untracked 
|1511|0x00000007fee00000, 0x00000007ff000000, 0x00000007ff000000|100%| E|CS|TAMS 0x00000007fee00000| PB 0x00000007fee00000| Complete 
|1512|0x00000007ff000000, 0x00000007ff200000, 0x00000007ff200000|100%| E|CS|TAMS 0x00000007ff000000| PB 0x00000007ff000000| Complete 
|1513|0x00000007ff200000, 0x00000007ff400000, 0x00000007ff400000|100%| E|CS|TAMS 0x00000007ff200000| PB 0x00000007ff200000| Complete 
|1514|0x00000007ff400000, 0x00000007ff600000, 0x00000007ff600000|100%| E|CS|TAMS 0x00000007ff400000| PB 0x00000007ff400000| Complete 
|1515|0x00000007ff600000, 0x00000007ff800000, 0x00000007ff800000|100%| O|  |TAMS 0x00000007ff600000| PB 0x00000007ff600000| Untracked 
|1516|0x00000007ff800000, 0x00000007ffa00000, 0x00000007ffa00000|100%| O|  |TAMS 0x00000007ff800000| PB 0x00000007ff800000| Untracked 
|1517|0x00000007ffa00000, 0x00000007ffc00000, 0x00000007ffc00000|100%| O|  |TAMS 0x00000007ffa00000| PB 0x00000007ffa00000| Untracked 
|1518|0x00000007ffc00000, 0x00000007ffe00000, 0x00000007ffe00000|100%| E|CS|TAMS 0x00000007ffc00000| PB 0x00000007ffc00000| Complete 
|1519|0x00000007ffe00000, 0x0000000800000000, 0x0000000800000000|100%| E|CS|TAMS 0x00000007ffe00000| PB 0x00000007ffe00000| Complete 

Card table byte_map: [0x000002d5d0680000,0x000002d5d0c70000] _byte_map_base: 0x000002d5ccc70000

Marking Bits: (CMBitMap*) 0x000002d5bcb48c90
 Bits: [0x000002d5d0c70000, 0x000002d5d3bf0000)

Polling page: 0x000002d5ba970000

Metaspace:

Usage:
  Non-class:    136.17 MB used.
      Class:     24.55 MB used.
       Both:    160.72 MB used.

Virtual space:
  Non-class space:      192.00 MB reserved,     137.00 MB ( 71%) committed,  3 nodes.
      Class space:        1.00 GB reserved,      25.19 MB (  2%) committed,  1 nodes.
             Both:        1.19 GB reserved,     162.19 MB ( 13%) committed. 

Chunk freelists:
   Non-Class:  6.73 MB
       Class:  6.74 MB
        Both:  13.47 MB

MaxMetaspaceSize: unlimited
CompressedClassSpaceSize: 1.00 GB
Initial GC threshold: 21.00 MB
Current GC threshold: 262.12 MB
CDS: on
 - commit_granule_bytes: 65536.
 - commit_granule_words: 8192.
 - virtual_space_node_default_size: 8388608.
 - enlarge_chunks_in_place: 1.
 - use_allocation_guard: 0.


Internal statistics:

num_allocs_failed_limit: 18.
num_arena_births: 2398.
num_arena_deaths: 46.
num_vsnodes_births: 4.
num_vsnodes_deaths: 0.
num_space_committed: 2589.
num_space_uncommitted: 0.
num_chunks_returned_to_freelist: 85.
num_chunks_taken_from_freelist: 8731.
num_chunk_merges: 46.
num_chunk_splits: 5880.
num_chunks_enlarged: 4459.
num_inconsistent_stats: 0.

CodeHeap 'non-profiled nmethods': size=120000Kb used=17845Kb max_used=20258Kb free=102154Kb
 bounds [0x000002d5c8610000, 0x000002d5c9aa0000, 0x000002d5cfb40000]
CodeHeap 'profiled nmethods': size=120000Kb used=13575Kb max_used=36049Kb free=106424Kb
 bounds [0x000002d5c0b40000, 0x000002d5c2f00000, 0x000002d5c8070000]
CodeHeap 'non-nmethods': size=5760Kb used=3346Kb max_used=3478Kb free=2413Kb
 bounds [0x000002d5c8070000, 0x000002d5c8400000, 0x000002d5c8610000]
CodeCache: size=245760Kb, used=34766Kb, max_used=59785Kb, free=210991Kb
 total_blobs=11569, nmethods=9208, adapters=2260, full_count=0
Compilation: enabled, stopped_count=0, restarted_count=0

Compilation events (20 events):
Event: 263.665 Thread 0x000002d5d68925b0 nmethod 40182 0x000002d5c12fde10 code [0x000002d5c12fe260, 0x000002d5c12ff878]
Event: 263.665 Thread 0x000002d5d68925b0 40219       3       net.caffeinemc.mods.sodium.client.world.cloned.ClonedChunkSectionCache::acquire (84 bytes)
Event: 263.666 Thread 0x000002d5d68925b0 nmethod 40219 0x000002d5c2e55690 code [0x000002d5c2e558a0, 0x000002d5c2e55d68]
Event: 263.666 Thread 0x000002d5d68925b0 39826       2       org.objectweb.asm.tree.Util::asArrayList (34 bytes)
Event: 263.666 Thread 0x000002d5d68925b0 nmethod 39826 0x000002d5c1de9790 code [0x000002d5c1de9960, 0x000002d5c1de9d30]
Event: 263.666 Thread 0x000002d5d68925b0 40181       2       org.objectweb.asm.tree.FrameNode::asArray (60 bytes)
Event: 263.667 Thread 0x000002d62481dab0 nmethod 39822 0x000002d5c8f64b10 code [0x000002d5c8f64ce0, 0x000002d5c8f65360]
Event: 263.667 Thread 0x000002d5d68925b0 nmethod 40181 0x000002d5c1060b90 code [0x000002d5c1060d60, 0x000002d5c1061228]
Event: 263.667 Thread 0x000002d62481dab0 40415       4       it.unimi.dsi.fastutil.longs.Long2LongOpenHashMap$MapIterator::nextEntry (158 bytes)
Event: 263.667 Thread 0x000002d5d68925b0 40145       2       org.objectweb.asm.SymbolTable::addConstantMemberReference (147 bytes)
Event: 263.668 Thread 0x000002d5d68925b0 nmethod 40145 0x000002d5c2846890 code [0x000002d5c2846ae0, 0x000002d5c2847088]
Event: 263.668 Thread 0x000002d5d68925b0 40324       2       it.unimi.dsi.fastutil.longs.Long2ByteOpenHashMap::get (119 bytes)
Event: 263.668 Thread 0x000002d5d68925b0 nmethod 40324 0x000002d5c133c610 code [0x000002d5c133c800, 0x000002d5c133cc00]
Event: 263.669 Thread 0x000002d5d68925b0 40435       2       it.unimi.dsi.fastutil.longs.Long2ObjectOpenHashMap$MapIterator::nextEntry (158 bytes)
Event: 263.669 Thread 0x000002d62481dab0 nmethod 40415 0x000002d5c9476110 code [0x000002d5c94762a0, 0x000002d5c9476468]
Event: 263.669 Thread 0x000002d62481dab0 39995       4       org.spongepowered.asm.mixin.transformer.ClassInfo$Method::gatherFrames (81 bytes)
Event: 263.669 Thread 0x000002d5d68925b0 nmethod 40435 0x000002d5c133bc90 code [0x000002d5c133bea0, 0x000002d5c133c328]
Event: 263.669 Thread 0x000002d5d68925b0 40086       2       org.objectweb.asm.Type::equals (147 bytes)
Event: 263.670 Thread 0x000002d5d68925b0 nmethod 40086 0x000002d5c1a68310 code [0x000002d5c1a68500, 0x000002d5c1a68aa8]
Event: 263.670 Thread 0x000002d5d68925b0 40335       2       it.unimi.dsi.fastutil.longs.Long2ObjectLinkedOpenHashMap::get (119 bytes)

GC Heap History (20 events):
Event: 241.758 GC heap before
{Heap before GC invocations=97 (full 0):
 garbage-first heap   total 1662976K, used 1560099K [0x0000000742000000, 0x0000000800000000)
  region size 2048K, 292 young (598016K), 23 survivors (47104K)
 Metaspace       used 159423K, committed 160832K, reserved 1245184K
  class space    used 23846K, committed 24448K, reserved 1048576K
}
Event: 241.780 GC heap after
{Heap after GC invocations=98 (full 0):
 garbage-first heap   total 1662976K, used 1026608K [0x0000000742000000, 0x0000000800000000)
  region size 2048K, 23 young (47104K), 23 survivors (47104K)
 Metaspace       used 159423K, committed 160832K, reserved 1245184K
  class space    used 23846K, committed 24448K, reserved 1048576K
}
Event: 242.447 GC heap before
{Heap before GC invocations=98 (full 0):
 garbage-first heap   total 1665024K, used 1659440K [0x0000000742000000, 0x0000000800000000)
  region size 2048K, 167 young (342016K), 23 survivors (47104K)
 Metaspace       used 159430K, committed 160832K, reserved 1245184K
  class space    used 23848K, committed 24448K, reserved 1048576K
}
Event: 242.476 GC heap after
{Heap after GC invocations=99 (full 0):
 garbage-first heap   total 1736704K, used 1047142K [0x0000000742000000, 0x0000000800000000)
  region size 2048K, 20 young (40960K), 20 survivors (40960K)
 Metaspace       used 159430K, committed 160832K, reserved 1245184K
  class space    used 23848K, committed 24448K, reserved 1048576K
}
Event: 242.478 GC heap before
{Heap before GC invocations=99 (full 0):
 garbage-first heap   total 1736704K, used 1051238K [0x0000000742000000, 0x0000000800000000)
  region size 2048K, 23 young (47104K), 20 survivors (40960K)
 Metaspace       used 159430K, committed 160832K, reserved 1245184K
  class space    used 23848K, committed 24448K, reserved 1048576K
}
Event: 242.490 GC heap after
{Heap after GC invocations=100 (full 0):
 garbage-first heap   total 1736704K, used 1040145K [0x0000000742000000, 0x0000000800000000)
  region size 2048K, 18 young (36864K), 18 survivors (36864K)
 Metaspace       used 159430K, committed 160832K, reserved 1245184K
  class space    used 23848K, committed 24448K, reserved 1048576K
}
Event: 244.014 GC heap before
{Heap before GC invocations=101 (full 0):
 garbage-first heap   total 2291712K, used 2017041K [0x0000000742000000, 0x0000000800000000)
  region size 2048K, 243 young (497664K), 18 survivors (36864K)
 Metaspace       used 159443K, committed 160896K, reserved 1245184K
  class space    used 23848K, committed 24448K, reserved 1048576K
}
Event: 244.037 GC heap after
{Heap after GC invocations=102 (full 0):
 garbage-first heap   total 2291712K, used 1063905K [0x0000000742000000, 0x0000000800000000)
  region size 2048K, 19 young (38912K), 19 survivors (38912K)
 Metaspace       used 159443K, committed 160896K, reserved 1245184K
  class space    used 23848K, committed 24448K, reserved 1048576K
}
Event: 244.826 GC heap before
{Heap before GC invocations=102 (full 0):
 garbage-first heap   total 2291712K, used 2288609K [0x0000000742000000, 0x0000000800000000)
  region size 2048K, 291 young (595968K), 19 survivors (38912K)
 Metaspace       used 159455K, committed 160896K, reserved 1245184K
  class space    used 23848K, committed 24448K, reserved 1048576K
}
Event: 244.869 GC heap after
{Heap after GC invocations=103 (full 0):
 garbage-first heap   total 2371584K, used 1085077K [0x0000000742000000, 0x0000000800000000)
  region size 2048K, 32 young (65536K), 32 survivors (65536K)
 Metaspace       used 159455K, committed 160896K, reserved 1245184K
  class space    used 23848K, committed 24448K, reserved 1048576K
}
Event: 244.892 GC heap before
{Heap before GC invocations=103 (full 0):
 garbage-first heap   total 2371584K, used 1095317K [0x0000000742000000, 0x0000000800000000)
  region size 2048K, 38 young (77824K), 32 survivors (65536K)
 Metaspace       used 159459K, committed 160896K, reserved 1245184K
  class space    used 23848K, committed 24448K, reserved 1048576K
}
Event: 244.909 GC heap after
{Heap after GC invocations=104 (full 0):
 garbage-first heap   total 2371584K, used 1076885K [0x0000000742000000, 0x0000000800000000)
  region size 2048K, 29 young (59392K), 29 survivors (59392K)
 Metaspace       used 159459K, committed 160896K, reserved 1245184K
  class space    used 23848K, committed 24448K, reserved 1048576K
}
Event: 247.109 GC heap before
{Heap before GC invocations=105 (full 0):
 garbage-first heap   total 2549760K, used 2547349K [0x0000000742000000, 0x0000000800000000)
  region size 2048K, 365 young (747520K), 29 survivors (59392K)
 Metaspace       used 159491K, committed 160960K, reserved 1245184K
  class space    used 23851K, committed 24512K, reserved 1048576K
}
Event: 247.142 GC heap after
{Heap after GC invocations=106 (full 0):
 garbage-first heap   total 2637824K, used 1106470K [0x0000000742000000, 0x0000000800000000)
  region size 2048K, 36 young (73728K), 36 survivors (73728K)
 Metaspace       used 159491K, committed 160960K, reserved 1245184K
  class space    used 23851K, committed 24512K, reserved 1048576K
}
Event: 249.063 GC heap before
{Heap before GC invocations=106 (full 0):
 garbage-first heap   total 2643968K, used 2640422K [0x0000000742000000, 0x0000000800000000)
  region size 2048K, 380 young (778240K), 36 survivors (73728K)
 Metaspace       used 159496K, committed 160960K, reserved 1245184K
  class space    used 23851K, committed 24512K, reserved 1048576K
}
Event: 249.111 GC heap after
{Heap after GC invocations=107 (full 0):
 garbage-first heap   total 2752512K, used 1121665K [0x0000000742000000, 0x0000000800000000)
  region size 2048K, 40 young (81920K), 40 survivors (81920K)
 Metaspace       used 159496K, committed 160960K, reserved 1245184K
  class space    used 23851K, committed 24512K, reserved 1048576K
}
Event: 249.111 GC heap before
{Heap before GC invocations=107 (full 0):
 garbage-first heap   total 2752512K, used 1127809K [0x0000000742000000, 0x0000000800000000)
  region size 2048K, 44 young (90112K), 40 survivors (81920K)
 Metaspace       used 159496K, committed 160960K, reserved 1245184K
  class space    used 23851K, committed 24512K, reserved 1048576K
}
Event: 249.135 GC heap after
{Heap after GC invocations=108 (full 0):
 garbage-first heap   total 2752512K, used 1119617K [0x0000000742000000, 0x0000000800000000)
  region size 2048K, 40 young (81920K), 40 survivors (81920K)
 Metaspace       used 159496K, committed 160960K, reserved 1245184K
  class space    used 23851K, committed 24512K, reserved 1048576K
}
Event: 251.172 GC heap before
{Heap before GC invocations=109 (full 0):
 garbage-first heap   total 2752512K, used 2749825K [0x0000000742000000, 0x0000000800000000)
  region size 2048K, 410 young (839680K), 40 survivors (81920K)
 Metaspace       used 159515K, committed 161024K, reserved 1245184K
  class space    used 23851K, committed 24512K, reserved 1048576K
}
Event: 251.217 GC heap after
{Heap after GC invocations=110 (full 0):
 garbage-first heap   total 2861056K, used 1145899K [0x0000000742000000, 0x0000000800000000)
  region size 2048K, 42 young (86016K), 42 survivors (86016K)
 Metaspace       used 159515K, committed 161024K, reserved 1245184K
  class space    used 23851K, committed 24512K, reserved 1048576K
}

Dll operation events (3 events):
Event: 0.014 Loaded shared library C:\Users\mccar\.jdks\jbr_jcef-21.0.10-b1163.105\bin\java.dll
Event: 0.016 Loaded shared library C:\Users\mccar\.jdks\jbr_jcef-21.0.10-b1163.105\bin\zip.dll
Event: 2.087 Loaded shared library C:\Users\mccar\.jdks\jbr_jcef-21.0.10-b1163.105\bin\verify.dll

Deoptimization events (20 events):
Event: 263.651 Thread 0x000002d5ba668660 DEOPT UNPACKING pc=0x000002d5c80c4bc2 sp=0x000000e3a06fd3b0 mode 0
Event: 263.651 Thread 0x000002d62499c7a0 DEOPT PACKING pc=0x000002d5c2ccbe24 sp=0x000000e3a68ff230
Event: 263.651 Thread 0x000002d62499d4c0 DEOPT UNPACKING pc=0x000002d5c80c4bc2 sp=0x000000e3a51fe7c8 mode 0
Event: 263.651 Thread 0x000002d62499c7a0 DEOPT UNPACKING pc=0x000002d5c80c4bc2 sp=0x000000e3a68fe6d0 mode 0
Event: 263.651 Thread 0x000002d62382b7e0 DEOPT PACKING pc=0x000002d5c0ead304 sp=0x000000e3a48fee00
Event: 263.651 Thread 0x000002d5d6d08b20 DEOPT PACKING pc=0x000002d5c87206ac sp=0x000000e3a1aff4e0
Event: 263.651 Thread 0x000002d62382b7e0 DEOPT UNPACKING pc=0x000002d5c80c4bc2 sp=0x000000e3a48fe2f0 mode 0
Event: 263.651 Thread 0x000002d5d6d08b20 DEOPT UNPACKING pc=0x000002d5c80c4bc2 sp=0x000000e3a1afe948 mode 0
Event: 263.651 Thread 0x000002d5d6d08b20 DEOPT PACKING pc=0x000002d5c123e6dc sp=0x000000e3a1aff520
Event: 263.652 Thread 0x000002d5d6d08b20 DEOPT UNPACKING pc=0x000002d5c80c4bc2 sp=0x000000e3a1afe970 mode 0
Event: 263.652 Thread 0x000002d62382b7e0 DEOPT PACKING pc=0x000002d5c0f2e484 sp=0x000000e3a48feef0
Event: 263.652 Thread 0x000002d62382b7e0 DEOPT UNPACKING pc=0x000002d5c80c4bc2 sp=0x000000e3a48fe468 mode 0
Event: 263.652 Thread 0x000002d61eaa6d20 DEOPT PACKING pc=0x000002d5c8c5cc00 sp=0x000000e3a2cfee70
Event: 263.652 Thread 0x000002d61eaa6d20 DEOPT UNPACKING pc=0x000002d5c80c4bc2 sp=0x000000e3a2cfe360 mode 0
Event: 263.652 Thread 0x000002d61eaa6d20 DEOPT PACKING pc=0x000002d5c0f411bc sp=0x000000e3a2cfef10
Event: 263.652 Thread 0x000002d61eaa6d20 DEOPT UNPACKING pc=0x000002d5c80c4bc2 sp=0x000000e3a2cfe3e0 mode 0
Event: 263.653 Thread 0x000002d5d6d233b0 DEOPT PACKING pc=0x000002d5c871da18 sp=0x000000e3a17fc650
Event: 263.653 Thread 0x000002d5d6d233b0 DEOPT UNPACKING pc=0x000002d5c80c4bc2 sp=0x000000e3a17fbb08 mode 0
Event: 263.655 Thread 0x000002d5ba668660 DEOPT PACKING pc=0x000002d5c1654c64 sp=0x000000e3a06fdfa0
Event: 263.655 Thread 0x000002d5ba668660 DEOPT UNPACKING pc=0x000002d5c80c4bc2 sp=0x000000e3a06fd4a0 mode 0

Classes loaded (20 events):
Event: 245.246 Loading class it/unimi/dsi/fastutil/longs/LongSet
Event: 245.246 Loading class it/unimi/dsi/fastutil/longs/LongSet done
Event: 262.303 Loading class net/minecraft/util/math/BlockPos
Event: 262.303 Loading class net/minecraft/util/math/BlockPos done
Event: 262.303 Loading class net/minecraft/util/math/BlockPos
Event: 262.303 Loading class net/minecraft/util/math/BlockPos done
Event: 262.304 Loading class net/minecraft/entity/player/PlayerEntity
Event: 262.304 Loading class net/minecraft/entity/player/PlayerEntity done
Event: 262.305 Loading class net/minecraft/server/world/ServerWorld
Event: 262.305 Loading class net/minecraft/server/world/ServerWorld done
Event: 262.305 Loading class net/minecraft/server/world/ServerWorld
Event: 262.305 Loading class net/minecraft/server/world/ServerWorld done
Event: 262.307 Loading class net/minecraft/entity/player/PlayerEntity
Event: 262.307 Loading class net/minecraft/entity/player/PlayerEntity done
Event: 262.307 Loading class net/minecraft/block/vault/VaultServerData
Event: 262.307 Loading class net/minecraft/block/vault/VaultServerData done
Event: 262.307 Loading class net/minecraft/block/vault/VaultServerData
Event: 262.307 Loading class net/minecraft/block/vault/VaultServerData done
Event: 262.401 Loading class java/lang/instrument/ClassDefinition
Event: 262.404 Loading class java/lang/instrument/ClassDefinition done

Classes unloaded (20 events):
Event: 215.649 Thread 0x000002d5d685a510 Unloading class 0x000002d5da471800 'java/lang/invoke/LambdaForm$DMH+0x000002d5da471800'
Event: 215.649 Thread 0x000002d5d685a510 Unloading class 0x000002d5da471400 'java/lang/invoke/LambdaForm$DMH+0x000002d5da471400'
Event: 215.649 Thread 0x000002d5d685a510 Unloading class 0x000002d5da471000 'java/lang/invoke/LambdaForm$DMH+0x000002d5da471000'
Event: 215.649 Thread 0x000002d5d685a510 Unloading class 0x000002d5da470c00 'java/lang/invoke/LambdaForm$DMH+0x000002d5da470c00'
Event: 215.649 Thread 0x000002d5d685a510 Unloading class 0x000002d5da470800 'java/lang/invoke/LambdaForm$DMH+0x000002d5da470800'
Event: 215.649 Thread 0x000002d5d685a510 Unloading class 0x000002d5da470000 'java/lang/invoke/LambdaForm$DMH+0x000002d5da470000'
Event: 215.649 Thread 0x000002d5d685a510 Unloading class 0x000002d5da470400 'java/lang/invoke/LambdaForm$DMH+0x000002d5da470400'
Event: 215.649 Thread 0x000002d5d685a510 Unloading class 0x000002d5da46b800 'java/lang/invoke/LambdaForm$DMH+0x000002d5da46b800'
Event: 215.649 Thread 0x000002d5d685a510 Unloading class 0x000002d5da46b400 'java/lang/invoke/LambdaForm$DMH+0x000002d5da46b400'
Event: 215.649 Thread 0x000002d5d685a510 Unloading class 0x000002d5da46b000 'java/lang/invoke/LambdaForm$DMH+0x000002d5da46b000'
Event: 215.649 Thread 0x000002d5d685a510 Unloading class 0x000002d5da46ac00 'java/lang/invoke/LambdaForm$DMH+0x000002d5da46ac00'
Event: 215.649 Thread 0x000002d5d685a510 Unloading class 0x000002d5da46a800 'java/lang/invoke/LambdaForm$DMH+0x000002d5da46a800'
Event: 215.649 Thread 0x000002d5d685a510 Unloading class 0x000002d5da46a400 'java/lang/invoke/LambdaForm$DMH+0x000002d5da46a400'
Event: 215.649 Thread 0x000002d5d685a510 Unloading class 0x000002d5da469c00 'java/lang/invoke/LambdaForm$DMH+0x000002d5da469c00'
Event: 215.649 Thread 0x000002d5d685a510 Unloading class 0x000002d5da469800 'java/lang/invoke/LambdaForm$DMH+0x000002d5da469800'
Event: 215.649 Thread 0x000002d5d685a510 Unloading class 0x000002d5da469400 'java/lang/invoke/LambdaForm$DMH+0x000002d5da469400'
Event: 215.649 Thread 0x000002d5d685a510 Unloading class 0x000002d5da469000 'java/lang/invoke/LambdaForm$DMH+0x000002d5da469000'
Event: 215.649 Thread 0x000002d5d685a510 Unloading class 0x000002d5da468c00 'java/lang/invoke/LambdaForm$DMH+0x000002d5da468c00'
Event: 215.649 Thread 0x000002d5d685a510 Unloading class 0x000002d5da468400 'java/lang/invoke/LambdaForm$DMH+0x000002d5da468400'
Event: 215.649 Thread 0x000002d5d685a510 Unloading class 0x000002d5da468800 'java/lang/invoke/LambdaForm$DMH+0x000002d5da468800'

Classes redefined (20 events):
Event: 262.801 Thread 0x000002d5d685a510 redefined class name=net.minecraft.entity.projectile.SmallFireballEntity, count=1
Event: 262.801 Thread 0x000002d5d685a510 redefined class name=net.minecraft.entity.projectile.thrown.SnowballEntity, count=1
Event: 262.801 Thread 0x000002d5d685a510 redefined class name=net.minecraft.entity.mob.StrayEntity, count=1
Event: 262.801 Thread 0x000002d5d685a510 redefined class name=net.minecraft.entity.projectile.thrown.PotionEntity, count=1
Event: 262.801 Thread 0x000002d5d685a510 redefined class name=net.minecraft.entity.decoration.DisplayEntity$TextDisplayEntity, count=1
Event: 262.801 Thread 0x000002d5d685a510 redefined class name=net.minecraft.entity.projectile.thrown.EggEntity, count=1
Event: 262.801 Thread 0x000002d5d685a510 redefined class name=net.minecraft.entity.mob.SkeletonEntity, count=1
Event: 262.801 Thread 0x000002d5d685a510 redefined class name=net.minecraft.entity.passive.CatEntity, count=1
Event: 262.801 Thread 0x000002d5d685a510 redefined class name=net.minecraft.entity.passive.AbstractDonkeyEntity, count=1
Event: 262.801 Thread 0x000002d5d685a510 redefined class name=net.minecraft.entity.passive.DonkeyEntity, count=1
Event: 262.801 Thread 0x000002d5d685a510 redefined class name=net.minecraft.entity.projectile.WindChargeEntity, count=1
Event: 262.801 Thread 0x000002d5d685a510 redefined class name=net.minecraft.entity.projectile.WitherSkullEntity, count=1
Event: 262.801 Thread 0x000002d5d685a510 redefined class name=net.minecraft.entity.mob.ElderGuardianEntity, count=1
Event: 262.801 Thread 0x000002d5d685a510 redefined class name=net.minecraft.entity.projectile.thrown.ExperienceBottleEntity, count=1
Event: 262.801 Thread 0x000002d5d685a510 redefined class name=net.minecraft.entity.projectile.thrown.EnderPearlEntity, count=1
Event: 262.801 Thread 0x000002d5d685a510 redefined class name=net.minecraft.entity.passive.LlamaEntity, count=1
Event: 262.801 Thread 0x000002d5d685a510 redefined class name=net.minecraft.entity.passive.TraderLlamaEntity, count=1
Event: 262.801 Thread 0x000002d5d685a510 redefined class name=net.minecraft.entity.passive.MuleEntity, count=1
Event: 263.670 Thread 0x000002d5d685a510 redefined class name=me.aidanskye.submerged.Submerged, count=1
Event: 263.670 Thread 0x000002d5d685a510 redefined class name=me.aidanskye.submerged.mixin.ElevatorStuffEntityMixin, count=1

Internal exceptions (20 events):
Event: 259.574 Thread 0x000002d62ad72320 Exception <a 'sun/nio/fs/WindowsException'{0x00000007b5404050}> (0x00000007b5404050) 
thrown [s\src\hotspot\share\prims\jni.cpp, line 537]
Event: 259.653 Thread 0x000002d62499ce30 Exception <a 'sun/nio/fs/WindowsException'{0x00000007b6d51728}> (0x00000007b6d51728) 
thrown [s\src\hotspot\share\prims\jni.cpp, line 537]
Event: 259.655 Thread 0x000002d62499ce30 Exception <a 'sun/nio/fs/WindowsException'{0x00000007b6d57948}> (0x00000007b6d57948) 
thrown [s\src\hotspot\share\prims\jni.cpp, line 537]
Event: 259.705 Thread 0x000002d62ad72320 Exception <a 'sun/nio/fs/WindowsException'{0x00000007b540a1c8}> (0x00000007b540a1c8) 
thrown [s\src\hotspot\share\prims\jni.cpp, line 537]
Event: 260.066 Thread 0x000002d62ad72320 Exception <a 'sun/nio/fs/WindowsException'{0x00000007b540f688}> (0x00000007b540f688) 
thrown [s\src\hotspot\share\prims\jni.cpp, line 537]
Event: 260.069 Thread 0x000002d62ad72320 Exception <a 'sun/nio/fs/WindowsException'{0x00000007b5414f48}> (0x00000007b5414f48) 
thrown [s\src\hotspot\share\prims\jni.cpp, line 537]
Event: 260.108 Thread 0x000002d62499ce30 Exception <a 'sun/nio/fs/WindowsException'{0x00000007b6d5e460}> (0x00000007b6d5e460) 
thrown [s\src\hotspot\share\prims\jni.cpp, line 537]
Event: 260.111 Thread 0x000002d62499ce30 Exception <a 'sun/nio/fs/WindowsException'{0x00000007b6d65250}> (0x00000007b6d65250) 
thrown [s\src\hotspot\share\prims\jni.cpp, line 537]
Event: 260.113 Thread 0x000002d62ad72320 Exception <a 'sun/nio/fs/WindowsException'{0x00000007b541be98}> (0x00000007b541be98) 
thrown [s\src\hotspot\share\prims\jni.cpp, line 537]
Event: 260.116 Thread 0x000002d62ad72320 Exception <a 'sun/nio/fs/WindowsException'{0x00000007b5422508}> (0x00000007b5422508) 
thrown [s\src\hotspot\share\prims\jni.cpp, line 537]
Event: 260.119 Thread 0x000002d62499ce30 Exception <a 'sun/nio/fs/WindowsException'{0x00000007b6d70148}> (0x00000007b6d70148) 
thrown [s\src\hotspot\share\prims\jni.cpp, line 537]
Event: 260.123 Thread 0x000002d62ad72320 Exception <a 'sun/nio/fs/WindowsException'{0x00000007b542de48}> (0x00000007b542de48) 
thrown [s\src\hotspot\share\prims\jni.cpp, line 537]
Event: 260.126 Thread 0x000002d62499ce30 Exception <a 'sun/nio/fs/WindowsException'{0x00000007b3909760}> (0x00000007b3909760) 
thrown [s\src\hotspot\share\prims\jni.cpp, line 537]
Event: 260.128 Thread 0x000002d62ad72320 Exception <a 'sun/nio/fs/WindowsException'{0x00000007b54334e8}> (0x00000007b54334e8) 
thrown [s\src\hotspot\share\prims\jni.cpp, line 537]
Event: 260.130 Thread 0x000002d62499ce30 Exception <a 'sun/nio/fs/WindowsException'{0x00000007b3914b10}> (0x00000007b3914b10) 
thrown [s\src\hotspot\share\prims\jni.cpp, line 537]
Event: 260.358 Thread 0x000002d62499ce30 Exception <a 'sun/nio/fs/WindowsException'{0x00000007b391a910}> (0x00000007b391a910) 
thrown [s\src\hotspot\share\prims\jni.cpp, line 537]
Event: 260.360 Thread 0x000002d62499ce30 Exception <a 'sun/nio/fs/WindowsException'{0x00000007b391ff70}> (0x00000007b391ff70) 
thrown [s\src\hotspot\share\prims\jni.cpp, line 537]
Event: 261.764 Thread 0x000002d62ad72320 Exception <a 'sun/nio/fs/WindowsException'{0x00000007b543e660}> (0x00000007b543e660) 
thrown [s\src\hotspot\share\prims\jni.cpp, line 537]
Event: 262.351 Thread 0x000002d62ad72320 Exception <a 'sun/nio/fs/WindowsException'{0x00000007b54482f8}> (0x00000007b54482f8) 
thrown [s\src\hotspot\share\prims\jni.cpp, line 537]
Event: 262.750 Thread 0x000002d62ad72320 Exception <a 'sun/nio/fs/WindowsException'{0x00000007b544dc20}> (0x00000007b544dc20) 
thrown [s\src\hotspot\share\prims\jni.cpp, line 537]

ZGC Phase Switch (0 events):
No events

VM Operations (20 events):
Event: 258.221 Executing safepoint VM operation: Cleanup done
Event: 259.221 Executing safepoint VM operation: Cleanup
Event: 259.221 Executing safepoint VM operation: Cleanup done
Event: 260.222 Executing safepoint VM operation: Cleanup
Event: 260.222 Executing safepoint VM operation: Cleanup done
Event: 261.222 Executing safepoint VM operation: Cleanup
Event: 261.222 Executing safepoint VM operation: Cleanup done
Event: 262.222 Executing safepoint VM operation: Cleanup
Event: 262.222 Executing safepoint VM operation: Cleanup done
Event: 262.468 Executing non-safepoint VM operation: HandshakeAllThreads (Deoptimize)
Event: 262.468 Executing non-safepoint VM operation: HandshakeAllThreads (Deoptimize) done
Event: 262.526 Executing non-safepoint VM operation: HandshakeAllThreads (Deoptimize)
Event: 262.526 Executing non-safepoint VM operation: HandshakeAllThreads (Deoptimize) done
Event: 262.533 Executing non-safepoint VM operation: HandshakeAllThreads (Deoptimize)
Event: 262.533 Executing non-safepoint VM operation: HandshakeAllThreads (Deoptimize) done
Event: 262.539 Executing non-safepoint VM operation: HandshakeAllThreads (Deoptimize)
Event: 262.539 Executing non-safepoint VM operation: HandshakeAllThreads (Deoptimize) done
Event: 262.786 Executing safepoint VM operation: RedefineClasses (Heap Inspection Initiated GC)
Event: 263.651 Executing safepoint VM operation: RedefineClasses (Heap Inspection Initiated GC) done
Event: 263.670 Executing safepoint VM operation: RedefineClasses (Heap Inspection Initiated GC)

Memory protections (0 events):
No events

Nmethod flushes (20 events):
Event: 249.902 Thread 0x000002d5d685a510 flushing  nmethod 0x000002d5c24cd290
Event: 249.902 Thread 0x000002d5d685a510 flushing  nmethod 0x000002d5c24ce290
Event: 249.902 Thread 0x000002d5d685a510 flushing  nmethod 0x000002d5c279c290
Event: 249.902 Thread 0x000002d5d685a510 flushing  nmethod 0x000002d5c279eb10
Event: 249.902 Thread 0x000002d5d685a510 flushing  nmethod 0x000002d5c27a1410
Event: 249.902 Thread 0x000002d5d685a510 flushing  nmethod 0x000002d5c2a9bb10
Event: 249.902 Thread 0x000002d5d685a510 flushing  nmethod 0x000002d5c2abed10
Event: 249.902 Thread 0x000002d5d685a510 flushing  nmethod 0x000002d5c2c6a910
Event: 249.902 Thread 0x000002d5d685a510 flushing  nmethod 0x000002d5c2cb3d90
Event: 249.902 Thread 0x000002d5d685a510 flushing  nmethod 0x000002d5c2cbb610
Event: 249.902 Thread 0x000002d5d685a510 flushing  nmethod 0x000002d5c2cbe010
Event: 249.902 Thread 0x000002d5d685a510 flushing  nmethod 0x000002d5c2ccab90
Event: 249.902 Thread 0x000002d5d685a510 flushing  nmethod 0x000002d5c298eb90
Event: 249.902 Thread 0x000002d5d685a510 flushing  nmethod 0x000002d5c2ae5e10
Event: 249.902 Thread 0x000002d5d685a510 flushing  nmethod 0x000002d5c2af3c90
Event: 249.902 Thread 0x000002d5d685a510 flushing  nmethod 0x000002d5c2af5690
Event: 249.902 Thread 0x000002d5d685a510 flushing  nmethod 0x000002d5c2c2b210
Event: 249.902 Thread 0x000002d5d685a510 flushing  nmethod 0x000002d5c2c2b690
Event: 249.902 Thread 0x000002d5d685a510 flushing  nmethod 0x000002d5c2df8210
Event: 249.902 Thread 0x000002d5d685a510 flushing  nmethod 0x000002d5c2dfd110

Events (20 events):
Event: 244.200 Thread 0x000002d6409def20 Thread exited: 0x000002d6409def20
Event: 244.255 Thread 0x000002d5d68925b0 Thread added: 0x000002d62481c640
Event: 245.936 Thread 0x000002d62481c640 Thread exited: 0x000002d62481c640
Event: 246.052 Thread 0x000002d5d68925b0 Thread added: 0x000002d6215c3c40
Event: 247.990 Thread 0x000002d5d68925b0 Thread added: 0x000002d6728dccd0
Event: 248.335 Thread 0x000002d6728dccd0 Thread exited: 0x000002d6728dccd0
Event: 249.058 Thread 0x000002d6215c3c40 Thread added: 0x000002d6215c27d0
Event: 249.461 Thread 0x000002d6215c27d0 Thread exited: 0x000002d6215c27d0
Event: 252.266 Thread 0x000002d6215c3c40 Thread exited: 0x000002d6215c3c40
Event: 252.904 Thread 0x000002d5d68925b0 Thread added: 0x000002d622dd9f10
Event: 252.904 Thread 0x000002d5d68925b0 Thread added: 0x000002d622dd9840
Event: 253.172 Thread 0x000002d622dd9f10 Thread exited: 0x000002d622dd9f10
Event: 253.172 Thread 0x000002d622dd9840 Thread exited: 0x000002d622dd9840
Event: 253.364 Thread 0x000002d5d688fb40 Thread added: 0x000002d63ce00870
Event: 253.700 Thread 0x000002d63ce00870 Thread exited: 0x000002d63ce00870
Event: 260.736 Thread 0x000002d5d688fb40 Thread added: 0x000002d672ee2540
Event: 260.736 Thread 0x000002d5d688fb40 Thread added: 0x000002d672ee2c10
Event: 261.451 Thread 0x000002d672ee2c10 Thread exited: 0x000002d672ee2c10
Event: 261.497 Thread 0x000002d672ee2540 Thread exited: 0x000002d672ee2540
Event: 263.652 Thread 0x000002d5d68925b0 Thread added: 0x000002d62481dab0


Dynamic libraries:
0x00007ff76b040000 - 0x00007ff76b04a000 	C:\Users\mccar\.jdks\jbr_jcef-21.0.10-b1163.105\bin\java.exe
0x00007ff9077a0000 - 0x00007ff907a08000 	C:\WINDOWS\SYSTEM32\ntdll.dll
0x00007ff905f50000 - 0x00007ff906019000 	C:\WINDOWS\System32\KERNEL32.DLL
0x00007ff904ee0000 - 0x00007ff9052d1000 	C:\WINDOWS\System32\KERNELBASE.dll
0x00007ff904d00000 - 0x00007ff904e4b000 	C:\WINDOWS\System32\ucrtbase.dll
0x00007ff89a3e0000 - 0x00007ff89a3f8000 	C:\Users\mccar\.jdks\jbr_jcef-21.0.10-b1163.105\bin\jli.dll
0x00007ff89a4f0000 - 0x00007ff89a50b000 	C:\Users\mccar\.jdks\jbr_jcef-21.0.10-b1163.105\bin\VCRUNTIME140.dll
0x00007ff907140000 - 0x00007ff907306000 	C:\WINDOWS\System32\USER32.dll
0x00007ff905510000 - 0x00007ff905537000 	C:\WINDOWS\System32\win32u.dll
0x00007ff8dc080000 - 0x00007ff8dc313000 	C:\WINDOWS\WinSxS\amd64_microsoft.windows.common-controls_6595b64144ccf1df_6.0.26100.7824_none_3e0870b2e3345462\COMCTL32.dll
0x00007ff905ae0000 - 0x00007ff905b0b000 	C:\WINDOWS\System32\GDI32.dll
0x00007ff907320000 - 0x00007ff9073c9000 	C:\WINDOWS\System32\msvcrt.dll
0x00007ff904360000 - 0x00007ff90448b000 	C:\WINDOWS\System32\gdi32full.dll
0x00007ff904200000 - 0x00007ff9042a3000 	C:\WINDOWS\System32\msvcp_win.dll
0x00007ff905b80000 - 0x00007ff905bb1000 	C:\WINDOWS\System32\IMM32.DLL
0x00007ff8dcff0000 - 0x00007ff8dcffc000 	C:\Users\mccar\.jdks\jbr_jcef-21.0.10-b1163.105\bin\vcruntime140_1.dll
0x00007ff877a20000 - 0x00007ff877aad000 	C:\Users\mccar\.jdks\jbr_jcef-21.0.10-b1163.105\bin\msvcp140.dll
0x00007ff824bc0000 - 0x00007ff82598d000 	C:\Users\mccar\.jdks\jbr_jcef-21.0.10-b1163.105\bin\server\jvm.dll
0x00007ff905e90000 - 0x00007ff905f44000 	C:\WINDOWS\System32\ADVAPI32.dll
0x00007ff906cb0000 - 0x00007ff906d56000 	C:\WINDOWS\System32\sechost.dll
0x00007ff906ef0000 - 0x00007ff907008000 	C:\WINDOWS\System32\RPCRT4.dll
0x00007ff9059d0000 - 0x00007ff905a44000 	C:\WINDOWS\System32\WS2_32.dll
0x00007ff903d30000 - 0x00007ff903d8e000 	C:\WINDOWS\SYSTEM32\POWRPROF.dll
0x00007ff8fd070000 - 0x00007ff8fd0a5000 	C:\WINDOWS\SYSTEM32\WINMM.dll
0x00007ff8fd680000 - 0x00007ff8fd68b000 	C:\WINDOWS\SYSTEM32\VERSION.dll
0x00007ff903d10000 - 0x00007ff903d24000 	C:\WINDOWS\SYSTEM32\UMPDC.dll
0x00007ff902e20000 - 0x00007ff902e3b000 	C:\WINDOWS\SYSTEM32\kernel.appcore.dll
0x00007ff8c58c0000 - 0x00007ff8c58ca000 	C:\Users\mccar\.jdks\jbr_jcef-21.0.10-b1163.105\bin\jimage.dll
0x00007ff901cd0000 - 0x00007ff901f12000 	C:\WINDOWS\SYSTEM32\DBGHELP.DLL
0x00007ff9073d0000 - 0x00007ff907756000 	C:\WINDOWS\System32\combase.dll
0x00007ff906b40000 - 0x00007ff906c17000 	C:\WINDOWS\System32\OLEAUT32.dll
0x00007ff8d8490000 - 0x00007ff8d84cb000 	C:\WINDOWS\SYSTEM32\dbgcore.DLL
0x00007ff9042b0000 - 0x00007ff904355000 	C:\WINDOWS\System32\bcryptPrimitives.dll
0x00007ff8c47f0000 - 0x00007ff8c47fe000 	C:\Users\mccar\.jdks\jbr_jcef-21.0.10-b1163.105\bin\instrument.dll
0x00007ff89a3c0000 - 0x00007ff89a3e0000 	C:\Users\mccar\.jdks\jbr_jcef-21.0.10-b1163.105\bin\java.dll
0x00007ff889d70000 - 0x00007ff889dac000 	C:\Users\mccar\.jdks\jbr_jcef-21.0.10-b1163.105\bin\jdwp.dll
0x00007ff89a3a0000 - 0x00007ff89a3b8000 	C:\Users\mccar\.jdks\jbr_jcef-21.0.10-b1163.105\bin\zip.dll
0x00007ff906020000 - 0x00007ff906772000 	C:\WINDOWS\System32\SHELL32.dll
0x00007ff9052e0000 - 0x00007ff90544a000 	C:\WINDOWS\System32\wintypes.dll
0x00007ff904490000 - 0x00007ff904cf3000 	C:\WINDOWS\System32\windows.storage.dll
0x00007ff907010000 - 0x00007ff907106000 	C:\WINDOWS\System32\SHCORE.dll
0x00007ff906ad0000 - 0x00007ff906b37000 	C:\WINDOWS\System32\shlwapi.dll
0x00007ff903fa0000 - 0x00007ff903fc9000 	C:\WINDOWS\SYSTEM32\profapi.dll
0x00007ff8b1a30000 - 0x00007ff8b1a40000 	C:\Users\mccar\.jdks\jbr_jcef-21.0.10-b1163.105\bin\net.dll
0x00007ff8fc4c0000 - 0x00007ff8fc5e7000 	C:\WINDOWS\SYSTEM32\WINHTTP.dll
0x00007ff903390000 - 0x00007ff9033fb000 	C:\WINDOWS\system32\mswsock.dll
0x00007ff89a380000 - 0x00007ff89a396000 	C:\Users\mccar\.jdks\jbr_jcef-21.0.10-b1163.105\bin\nio.dll
0x00007ff8ea7f0000 - 0x00007ff8ea7fb000 	C:\Users\mccar\.jdks\jbr_jcef-21.0.10-b1163.105\bin\dt_socket.dll
0x00007ff902840000 - 0x00007ff902874000 	C:\WINDOWS\SYSTEM32\IPHLPAPI.DLL
0x00007ff8af680000 - 0x00007ff8af689000 	C:\Users\mccar\.jdks\jbr_jcef-21.0.10-b1163.105\bin\management.dll
0x00007ff8acbd0000 - 0x00007ff8acbdb000 	C:\Users\mccar\.jdks\jbr_jcef-21.0.10-b1163.105\bin\management_ext.dll
0x00007ff906c20000 - 0x00007ff906c28000 	C:\WINDOWS\System32\PSAPI.DLL
0x00007ff8d0460000 - 0x00007ff8d0478000 	C:\WINDOWS\system32\napinsp.dll
0x00007ff902930000 - 0x00007ff902a5c000 	C:\WINDOWS\SYSTEM32\DNSAPI.dll
0x00007ff905e80000 - 0x00007ff905e8a000 	C:\WINDOWS\System32\NSI.dll
0x00007ff8d0420000 - 0x00007ff8d0432000 	C:\WINDOWS\System32\winrnr.dll
0x00007ff8d0480000 - 0x00007ff8d04a2000 	C:\WINDOWS\system32\nlansp_c.dll
0x00007ff8fc470000 - 0x00007ff8fc486000 	C:\WINDOWS\system32\wshbth.dll
0x00007ff8fe170000 - 0x00007ff8fe17b000 	C:\Windows\System32\rasadhlp.dll
0x00007ff8f6d40000 - 0x00007ff8f6dc6000 	C:\WINDOWS\System32\fwpuclnt.dll
0x00007ff8afda0000 - 0x00007ff8afdb0000 	C:\Users\mccar\.jdks\jbr_jcef-21.0.10-b1163.105\bin\verify.dll
0x00007ff903670000 - 0x00007ff90368b000 	C:\WINDOWS\SYSTEM32\CRYPTSP.dll
0x00007ff902d80000 - 0x00007ff902db9000 	C:\WINDOWS\system32\rsaenh.dll
0x00007ff903440000 - 0x00007ff90346b000 	C:\WINDOWS\SYSTEM32\USERENV.dll
0x00007ff903f70000 - 0x00007ff903f9a000 	C:\WINDOWS\SYSTEM32\bcrypt.dll
0x00007ff903660000 - 0x00007ff90366c000 	C:\WINDOWS\SYSTEM32\CRYPTBASE.dll
0x00007ff8725f0000 - 0x00007ff87266b000 	C:\Users\mccar\AppData\Local\Temp\lwjgl_mccar\3.3.3-snapshot\x64\lwjgl.dll
0x00007ff900e30000 - 0x00007ff900e74000 	C:\WINDOWS\SYSTEM32\dxcore.dll
0x00007ff834770000 - 0x00007ff8349e0000 	C:\Users\mccar\AppData\Local\Temp\lwjgl_mccar\3.3.3-snapshot\x64\jemalloc.dll
0x00007ff8725a0000 - 0x00007ff8725e5000 	C:\Users\mccar\AppData\Local\Temp\jna-103711358\jna11723419794631408899.dll
0x00007ff905be0000 - 0x00007ff905d77000 	C:\WINDOWS\System32\Ole32.dll
0x00007ff906db0000 - 0x00007ff906e60000 	C:\WINDOWS\System32\clbcatq.dll
0x00007ff8e1a70000 - 0x00007ff8e1a8d000 	C:\WINDOWS\SYSTEM32\amsi.dll
0x00007ff8ef200000 - 0x00007ff8ef256000 	C:\WINDOWS\SYSTEM32\Pdh.dll
0x00007ff8da9e0000 - 0x00007ff8da9f1000 	C:\WINDOWS\System32\perfos.dll
0x00007ff8ff6d0000 - 0x00007ff8ff6e2000 	C:\WINDOWS\SYSTEM32\pfclient.dll
0x00007ff8abf50000 - 0x00007ff8abf5e000 	C:\Users\mccar\.jdks\jbr_jcef-21.0.10-b1163.105\bin\sunmscapi.dll
0x00007ff904080000 - 0x00007ff9041f7000 	C:\WINDOWS\System32\CRYPT32.dll
0x00007ff903880000 - 0x00007ff9038b0000 	C:\WINDOWS\SYSTEM32\ncrypt.dll
0x00007ff903830000 - 0x00007ff90386f000 	C:\WINDOWS\SYSTEM32\NTASN1.dll
0x00007ff8ac370000 - 0x00007ff8ac379000 	C:\Users\mccar\.jdks\jbr_jcef-21.0.10-b1163.105\bin\extnet.dll
0x00007ff8d7b90000 - 0x00007ff8d7b98000 	C:\WINDOWS\system32\wshunix.dll
0x00007ff86f390000 - 0x00007ff86f412000 	C:\Users\mccar\AppData\Local\Temp\lwjgl_mccar\3.3.3-snapshot\x64\glfw.dll
0x00007ff8554d0000 - 0x00007ff855547000 	C:\Users\mccar\AppData\Local\Temp\libopus4j-9783d0e001158567d1e08f6bb3b2c5b5\libopus4j.dll
0x00007ff8ea4f0000 - 0x00007ff8ea50c000 	C:\Users\mccar\AppData\Local\Temp\librnnoise4j-40cc1fdd40ca1100a850ddee14466799\librnnoise4j.dll
0x00007ff8ea4c0000 - 0x00007ff8ea4df000 	C:\Users\mccar\AppData\Local\Temp\libspeex4j-e39751f08962f3611e66c90baf107894\libspeex4j.dll
0x00007ff8563a0000 - 0x00007ff8563f3000 	C:\Users\mccar\AppData\Local\Temp\liblame4j-290c3436fe9f7c2b8e165ddcb5ad66ce\liblame4j.dll
0x00007ff8b1a40000 - 0x00007ff8b1a8b000 	C:\WINDOWS\SYSTEM32\dinput8.dll
0x00007ff8de5a0000 - 0x00007ff8de5c0000 	C:\WINDOWS\SYSTEM32\xinput1_4.dll
0x00007ff903c60000 - 0x00007ff903cb7000 	C:\WINDOWS\SYSTEM32\cfgmgr32.dll
0x00007ff903c30000 - 0x00007ff903c5d000 	C:\WINDOWS\SYSTEM32\DEVOBJ.dll
0x00007ff8b48b0000 - 0x00007ff8b4a95000 	C:\WINDOWS\SYSTEM32\inputhost.dll
0x00007ff9007e0000 - 0x00007ff900907000 	C:\WINDOWS\SYSTEM32\CoreMessaging.dll
0x00007ff900de0000 - 0x00007ff900e11000 	C:\WINDOWS\SYSTEM32\dwmapi.dll
0x00007ff900ce0000 - 0x00007ff900d8b000 	C:\WINDOWS\system32\uxtheme.dll
0x00007ff906780000 - 0x00007ff9068df000 	C:\WINDOWS\System32\MSCTF.dll
0x00007ff8727e0000 - 0x00007ff8728f0000 	C:\WINDOWS\SYSTEM32\opengl32.dll
0x00007ff8de800000 - 0x00007ff8de82d000 	C:\WINDOWS\SYSTEM32\GLU32.dll
0x00007ff8e5540000 - 0x00007ff8e555a000 	C:\WINDOWS\SYSTEM32\windows.staterepositorycore.dll
0x00007ff8579b0000 - 0x00007ff85a2d5000 	C:\WINDOWS\System32\DriverStore\FileRepository\nvhdci.inf_amd64_a1ab88a544fae4f8\nvoglv64.dll
0x00007ff905540000 - 0x00007ff9059c9000 	C:\WINDOWS\System32\SETUPAPI.dll
0x00007ff900bd0000 - 0x00007ff900bfa000 	C:\WINDOWS\SYSTEM32\WTSAPI32.dll
0x00007ff9030c0000 - 0x00007ff903109000 	C:\WINDOWS\SYSTEM32\SspiCli.dll
0x00007ff903790000 - 0x00007ff9037a3000 	C:\WINDOWS\SYSTEM32\msasn1.dll
0x00007ff8fd480000 - 0x00007ff8fd4bb000 	C:\WINDOWS\SYSTEM32\cryptnet.dll
0x00007ff903720000 - 0x00007ff903789000 	C:\WINDOWS\SYSTEM32\wldp.dll
0x00007ff8fd0e0000 - 0x00007ff8fd25a000 	C:\WINDOWS\SYSTEM32\drvstore.dll
0x00007ff904e50000 - 0x00007ff904ed2000 	C:\WINDOWS\System32\WINTRUST.dll
0x00007ff902f40000 - 0x00007ff902f76000 	C:\WINDOWS\SYSTEM32\ntmarta.dll
0x00007ff907110000 - 0x00007ff907130000 	C:\WINDOWS\System32\imagehlp.dll
0x00007ff8f6e90000 - 0x00007ff8fbb8f000 	C:\WINDOWS\System32\DriverStore\FileRepository\nvhdci.inf_amd64_a1ab88a544fae4f8\nvgpucomp64.dll
0x00007ff898990000 - 0x00007ff898ad7000 	C:\WINDOWS\system32\nvspcap64.dll
0x00007ff9039c0000 - 0x00007ff903a23000 	C:\WINDOWS\SYSTEM32\WINSTA.dll
0x00007ff8dc6a0000 - 0x00007ff8dc7e9000 	C:\WINDOWS\SYSTEM32\textinputframework.dll
0x00007ff855470000 - 0x00007ff8554ce000 	C:\Users\mccar\AppData\Local\Temp\lwjgl_mccar\3.3.3-snapshot\x64\lwjgl_opengl.dll
0x00007ff8553e0000 - 0x00007ff855462000 	C:\Users\mccar\AppData\Local\Temp\lwjgl_mccar\3.3.3-snapshot\x64\lwjgl_stb.dll
0x00007ff8eddc0000 - 0x00007ff8ede80000 	C:\WINDOWS\SYSTEM32\mscms.dll
0x00007ff85c340000 - 0x00007ff85c389000 	C:\WINDOWS\SYSTEM32\icm32.dll
0x00007ff8345a0000 - 0x00007ff834767000 	C:\Users\mccar\AppData\Local\Temp\lwjgl_mccar\3.3.3-snapshot\x64\OpenAL.dll
0x00007ff8fd5a0000 - 0x00007ff8fd638000 	C:\WINDOWS\System32\MMDevApi.dll
0x00007ff8928e0000 - 0x00007ff892a53000 	C:\WINDOWS\System32\Speech\Common\sapi.dll
0x00007ff8fe230000 - 0x00007ff8fe512000 	C:\WINDOWS\SYSTEM32\CoreUIComponents.dll
0x00007ff8d79d0000 - 0x00007ff8d7b84000 	C:\WINDOWS\SYSTEM32\AUDIOSES.DLL
0x00007ff901b70000 - 0x00007ff901b84000 	C:\WINDOWS\SYSTEM32\resourcepolicyclient.dll
0x00007ff8e2190000 - 0x00007ff8e21a2000 	C:\WINDOWS\system32\wbem\wbemprox.dll
0x00007ff8e2110000 - 0x00007ff8e218a000 	C:\WINDOWS\SYSTEM32\wbemcomn.dll
0x00007ff8e1ce0000 - 0x00007ff8e1cf5000 	C:\WINDOWS\system32\wbem\wbemsvc.dll
0x00007ff8e1d70000 - 0x00007ff8e1e61000 	C:\WINDOWS\system32\wbem\fastprox.dll

JVMTI agents:
C:\Users\mccar\.gradle\caches\modules-2\files-2.1\net.fabricmc\sponge-mixin\0.17.0+mixin.0.8.7\cf31463202f72d03b0ef1e1e38e8ee71b7faaab6\sponge-mixin-0.17.0+mixin.0.8.7.jar path:C:\Users\mccar\.jdks\jbr_jcef-21.0.10-b1163.105\bin\instrument.dll, loaded, initialized, instrumentlib options:none
C:\Users\mccar\.gradle\caches\modules-2\files-2.1\net.fabricmc\sponge-mixin\0.17.0+mixin.0.8.7\cf31463202f72d03b0ef1e1e38e8ee71b7faaab6\sponge-mixin-0.17.0+mixin.0.8.7.jar path:C:\Users\mccar\.jdks\jbr_jcef-21.0.10-b1163.105\bin\instrument.dll, loaded, initialized, instrumentlib options:none
jdwp path:C:\Users\mccar\.jdks\jbr_jcef-21.0.10-b1163.105\bin\jdwp.dll, loaded, initialized, options:transport=dt_socket,server=n,suspend=y,address=127.0.0.1:34366
C:\Users\mccar\AppData\Local\JetBrains\IntelliJIdea2025.3\captureAgent\debugger-agent.jar path:C:\Users\mccar\.jdks\jbr_jcef-21.0.10-b1163.105\bin\instrument.dll, loaded, initialized, instrumentlib options:file:///C:/Users/mccar/AppData/Local/Temp/capture10260407898532612823.props

dbghelp: loaded successfully - version: 4.0.5 - missing functions: none
symbol engine: initialized successfully - sym options: 0x614 - pdb path: .;C:\Users\mccar\.jdks\jbr_jcef-21.0.10-b1163.105\bin;C:\WINDOWS\SYSTEM32;C:\WINDOWS\WinSxS\amd64_microsoft.windows.common-controls_6595b64144ccf1df_6.0.26100.7824_none_3e0870b2e3345462;C:\Users\mccar\.jdks\jbr_jcef-21.0.10-b1163.105\bin\server;C:\Users\mccar\AppData\Local\Temp\lwjgl_mccar\3.3.3-snapshot\x64;C:\Users\mccar\AppData\Local\Temp\jna-103711358;C:\Users\mccar\AppData\Local\Temp\libopus4j-9783d0e001158567d1e08f6bb3b2c5b5;C:\Users\mccar\AppData\Local\Temp\librnnoise4j-40cc1fdd40ca1100a850ddee14466799;C:\Users\mccar\AppData\Local\Temp\libspeex4j-e39751f08962f3611e66c90baf107894;C:\Users\mccar\AppData\Local\Temp\liblame4j-290c3436fe9f7c2b8e165ddcb5ad66ce;C:\WINDOWS\System32\DriverStore\FileRepository\nvhdci.inf_amd64_a1ab88a544fae4f8;C:\WINDOWS\System32\Speech\Common;C:\WINDOWS\system32\wbem

VM Arguments:
jvm_args: -Ddebugger.agent.enable.coroutines=true -Ddebugger.async.stack.trace.for.all.threads=true -Dfabric.dli.config=C:\Users\mccar\OneDrive\Desktop\BARF\Submerged\.gradle\loom-cache\launch.cfg -Dfabric.dli.env=client -Dfabric.dli.main=net.fabricmc.loader.impl.launch.knot.KnotClient -Dkotlinx.coroutines.debug.enable.creation.stack.trace=false -Dkotlinx.coroutines.debug.enable.flows.stack.trace=true -Dkotlinx.coroutines.debug.enable.mutable.state.flows.stack.trace=true -XX:+AllowEnhancedClassRedefinition -javaagent:C:\Users\mccar\.gradle\caches\modules-2\files-2.1\net.fabricmc\sponge-mixin\0.17.0+mixin.0.8.7\cf31463202f72d03b0ef1e1e38e8ee71b7faaab6\sponge-mixin-0.17.0+mixin.0.8.7.jar -XX:+AllowEnhancedClassRedefinition -javaagent:C:\Users\mccar\.gradle\caches\modules-2\files-2.1\net.fabricmc\sponge-mixin\0.17.0+mixin.0.8.7\cf31463202f72d03b0ef1e1e38e8ee71b7faaab6\sponge-mixin-0.17.0+mixin.0.8.7.jar -agentlib:jdwp=transport=dt_socket,server=n,suspend=y,address=127.0.0.1:34366 -javaagent:C:\Users\mccar\AppData\Local\JetBrains\IntelliJIdea2025.3\captureAgent\debugger-agent.jar=file:///C:/Users/mccar/AppData/Local/Temp/capture10260407898532612823.props -Dfile.encoding=UTF-8 -Duser.country=US -Duser.language=en -Duser.variant 
java_command: net.fabricmc.devlaunchinjector.Main --username AidanSkye --uuid 72f340ae-fc6d-4442-9ebc-765ae878aa3d
java_class_path (initial): C:\Users\mccar\OneDrive\Desktop\BARF\Submerged\build\classes\java\client;C:\Users\mccar\OneDrive\Desktop\BARF\Submerged\build\resources\client;C:\Users\mccar\.gradle\caches\fabric-loom\1.21.1\net.fabricmc.yarn.1_21_1.1.21.1+build.3-v2\mappings.jar;C:\Users\mccar\.gradle\caches\modules-2\files-2.1\io.github.llamalad7\mixinextras-fabric\0.5.3\8ee5af001acbc9f7970e383bdf0944d063c80f63\mixinextras-fabric-0.5.3.jar;C:\Users\mccar\.gradle\caches\modules-2\files-2.1\org.ow2.asm\asm\9.9\c29635c8a7afa03d74b33c1884df8abb2b3f3dcc\asm-9.9.jar;C:\Users\mccar\.gradle\caches\modules-2\files-2.1\org.ow2.asm\asm-analysis\9.9\bf4fa6e66638851c1cd22c2caea0c3ee5d5f437\asm-analysis-9.9.jar;C:\Users\mccar\.gradle\caches\modules-2\files-2.1\org.ow2.asm\asm-commons\9.9\db9165a3bf908ded6b08612d583a15d1d0c7bda0\asm-commons-9.9.jar;C:\Users\mccar\.gradle\caches\modules-2\files-2.1\org.ow2.asm\asm-tree\9.9\f8de6eead6d24dd0f45bd065bbe112b2cda6ea21\asm-tree-9.9.jar;C:\Users\mccar\.gradle\caches\modules-2\files-2.1\org.ow2.asm\asm-util\9.9\42fdfc0508b43807c8078d6e82ecff2ce2112ae8\asm-util-9.9.jar;C:\Users\mccar\.gradle\caches\modules-2\files-2.1\net.fabricmc\sponge-mixin\0.17.0+mixin.0.8.7\cf31463202f72d03b0ef1e1e38e8ee71b7faaab6\sponge-mixin-0.17.0+mixin.0.8.7.jar;C:\Users\mccar\.gradle\caches\modules-2\files-2.1\net.fabricmc\dev-launch-injector\0.2.1+build.8\da8bef7e6e2f952da707f282bdb46882a0fce5e3\dev-launch-injector-0.2.1+build.8.jar;C:\Users\mccar\.gradle\caches\modules-2\files-2.1\net.fabricmc\fabric-log4j-util\1.0.2\ef0b3fb613356feb75a67d54f2fad6f03a006648\fabric-log4j-util-1.0.2.jar;C:\Users\mccar\.gradle\caches\modules-2\files-2.1\com.github.oshi\oshi-core\6.4.10\b1d8ab82d11d92fd639b56d639f8f46f739dd5fa\oshi-core-6.4.10.jar;C:\Users\mccar\.gradle\caches\modules-2\files-2.1\com.google.code.gson\gson\2.10.1\b3add478d4382b78ea20b1671390a858002feb6c\gson-2.10.1.jar;C:\Users\mccar\.gradle\caches\modules-2\files-2.1\com.google.guava\failureaccess\1.0.1\1dcf1de382a0bf95a3d8b0849546c88bac1292c9\failureaccess-1.0.1.jar;C:\Users\mccar\.gradle\caches\modules-2\files-2.1\com.google.guava\guava\32.1.2-jre\5e64ec7e056456bef3a4bc4c6fdaef71e8ab6318\guava-32.1.2-jre.jar;C:\Users\mccar\.gradle\caches\modules-2\files-2.1\com.ibm.icu\icu4j\73.2\61ad4ef7f9131fcf6d25c34b817f90d6da06c9e9\icu4j-73.2.jar;C:\Users\mccar\.gradle\caches\modules-2\files-2.1\com.mojang\authlib\6.0.54\de8bc95660e1b2fe8793fd427a7a10dcec5b3ea7\authlib-6.0.54.jar;C:\Users\mccar\.gradle\caches\modules-2\files-2.1\com.mojang\blocklist\1.0.10\5c685c5ffa94c4cd39496c7184c1d122e515ecef\blocklist-1.0.10.jar;C:\Users\mccar\.gradle\caches\modules-2\files-2.1\com.mojang\brigadier\1.3.10\d15b53a14cf20fdcaa98f731af5dda654452c010\brigadier-1.3.10.jar;C:\Users\mccar\.gradle\caches\modules-2\files-2.1\com.mojang\datafixerupper\8.0.16\67d4de6d7f95d89bcf5862995fb854ebaec02a34\datafixerupper-8.0.16.jar;C:\Users\mccar\.gradle\caches\modules-2\files-2.1\com.mojang\logging\1.2.7\24cb95ffb0e3433fd6e844c04e68009e504ca1c0\logging-1.2.7.jar;C:\Users\mccar\.gradle\caches\modules-2\files-2.1\com.mojang\patchy\2.2.10\da05971b07cbb379d002cf7eaec6a2048211fefc\patchy-2.2.10.jar;C:\Users\mccar\.gradle\caches\modules-2\files-2.1\com.mojang\text2speech\1.17.9\3cad216e3a7f0c19b4b394388bc9ffc446f13b14\text2speech-1.17.9.jar;C:\Users\mccar\.gradle\caches\modules-2\files-2.1\commons-codec\commons-codec\1.16.0\4e3eb3d79888d76b54e28b350915b5dc3919c9de\commons-codec-1.16.0.jar;C:\Users\mccar\.gradle\caches\modules-2\files-2.1\commons-io\commons-io\2.15.1\f11560da189ab563a5c8e351941415430e9304ea\commons-io-2.15.1.jar;C:\Users\mccar\.gradle\caches\modules-2\files-2.1\commons-logging\commons-logging\1.2\4bfc12adfe4842bf07b657f0369c4cb522955686\commons-logging-1.2.jar;C:\Users\mccar\.gradle\caches\modules-2\files-2.1\io.netty\netty-buffer\4.1.97.Final\f8f3d8644afa5e6e1a40a3a6aeb9d9aa970ecb4f\netty-buffer-4.1.97.Final.jar;C:\Users\mccar\.gradle\caches\modules-2\files-2.1\io.netty\netty-codec\4.1.97.Final\384ba4d75670befbedb45c4d3b497a93639c206d\netty-codec-4.1.97.Final.jar;C:\Users\mccar\.gradle\caches\modules-2\files-2.1\io.netty\netty-common\4.1.97.Final\7cceacaf11df8dc63f23d0fb58e9d4640fc88404\netty-common-4.1.97.Final.jar;C:\Users\mccar\.gradle\caches\modules-2\files-2.1\io.netty\netty-handler\4.1.97.Final\abb86c6906bf512bf2b797a41cd7d2e8d3cd7c36\netty-handler-4.1.97.Final.jar;C:\Users\mccar\.gradle\caches\modules-2\files-2.1\io.netty\netty-resolver\4.1.97.Final\cec8348108dc76c47cf87c669d514be52c922144\netty-resolver-4.1.97.Final.jar;C:\Users\mccar\.gradle\caches\modules-2\files-2.1\io.netty\netty-transport-classes-epoll\4.1.97.Final\795da37ded759e862457a82d9d92c4d39ce8ecee\netty-transport-classes-epoll-4.1.97.Final.jar;C:\Users\mccar\.gradle\caches\modules-2\files-2.1\io.netty\netty-transport-native-unix-common\4.1.97.Final\d469d84265ab70095b01b40886cabdd433b6e664\netty-transport-native-unix-common-4.1.97.Final.jar;C:\Users\mccar\.gradle\caches\modules-2\files-2.1\io.netty\netty-transport\4.1.97.Final\f37380d23c9bb079bc702910833b2fd532c9abd0\netty-transport-4.1.97.Final.jar;C:\Users\mccar\.gradle\caches\modules-2\files-2.1\it.unimi.dsi\fastutil\8.5.12\c24946d46824bd528054bface3231d2ecb7e95e8\fastutil-8.5.12.jar;C:\Users\mccar\.gradle\caches\modules-2\files-2.1\net.java.dev.jna\jna-platform\5.14.0\28934d48aed814f11e4c584da55c49fa7032b31b\jna-platform-5.14.0.jar;C:\Users\mccar\.gradle\caches\modules-2\files-2.1\net.java.dev.jna\jna\5.14.0\67bf3eaea4f0718cb376a181a629e5f88fa1c9dd\jna-5.14.0.jar;C:\Users\mccar\.gradle\caches\modules-2\files-2.1\net.sf.jopt-simple\jopt-simple\5.0.4\4fdac2fbe92dfad86aa6e9301736f6b4342a3f5c\jopt-simple-5.0.4.jar;C:\Users\mccar\.gradle\caches\modules-2\files-2.1\org.apache.commons\commons-compress\1.26.0\659feffdd12280201c8aacb8f7be94f9a883c824\commons-compress-1.26.0.jar;C:\Users\mccar\.gradle\caches\modules-2\files-2.1\org.apache.commons\commons-lang3\3.14.0\1ed471194b02f2c6cb734a0cd6f6f107c673afae\commons-lang3-3.14.0.jar;C:\Users\mccar\.gradle\caches\modules-2\files-2.1\org.apache.httpcomponents\httpclient\4.5.13\e5f6cae5ca7ecaac1ec2827a9e2d65ae2869cada\httpclient-4.5.13.jar;C:\Users\mccar\.gradle\caches\modules-2\files-2.1\org.apache.httpcomponents\httpcore\4.4.16\51cf043c87253c9f58b539c9f7e44c8894223850\httpcore-4.4.16.jar;C:\Users\mccar\.gradle\caches\modules-2\files-2.1\org.apache.logging.log4j\log4j-api\2.22.1\bea6fede6328fabafd7e68363161a7ea6605abd1\log4j-api-2.22.1.jar;C:\Users\mccar\.gradle\caches\modules-2\files-2.1\org.apache.logging.log4j\log4j-core\2.22.1\7183a25510a02ad00cc6a95d3b3d2a7d3c5a8dc4\log4j-core-2.22.1.jar;C:\Users\mccar\.gradle\caches\modules-2\files-2.1\org.apache.logging.log4j\log4j-slf4j2-impl\2.22.1\d7e6693c2606cb7e7335047d7bb96dec52db5665\log4j-slf4j2-impl-2.22.1.jar;C:\Users\mccar\.gradle\caches\modules-2\files-2.1\org.jcraft\jorbis\0.0.17\8872d22b293e8f5d7d56ff92be966e6dc28ebdc6\jorbis-0.0.17.jar;C:\Users\mccar\.gradle\caches\modules-2\files-2.1\org.joml\joml\1.10.5\22566d58af70ad3d72308bab63b8339906deb649\joml-1.10.5.jar;C:\Users\mccar\.gradle\caches\modules-2\files-2.1\org.lwjgl\lwjgl-freetype\3.3.3\a0db6c84a8becc8ca05f9dbfa985edc348a824c7\lwjgl-freetype-3.3.3.jar;C:\Users\mccar\.gradle\caches\modules-2\files-2.1\org.lwjgl\lwjgl-freetype\3.3.3\81091b006dbb43fab04c8c638e9ac87c51b4096d\lwjgl-freetype-3.3.3-natives-windows.jar;C:\Users\mccar\.gradle\caches\modules-2\files-2.1\org.lwjgl\lwjgl-freetype\3.3.3\82028265a0a2ff33523ca75137ada7dc176e5210\lwjgl-freetype-3.3.3-natives-windows-arm64.jar;C:\Users\mccar\.gradle\caches\modules-2\files-2.1\org.lwjgl\lwjgl-freetype\3.3.3\15a8c1de7f51d07a92eae7ce1222557073a0c0c3\lwjgl-freetype-3.3.3-natives-windows-x86.jar;C:\Users\mccar\.gradle\caches\modules-2\files-2.1\org.lwjgl\lwjgl-glfw\3.3.3\efa1eb78c5ccd840e9f329717109b5e892d72f8e\lwjgl-glfw-3.3.3.jar;C:\Users\mccar\.gradle\caches\modules-2\files-2.1\org.lwjgl\lwjgl-glfw\3.3.3\e449e28b4891fc423c54c85fbc5bb0b9efece67a\lwjgl-glfw-3.3.3-natives-windows.jar;C:\Users\mccar\.gradle\caches\modules-2\files-2.1\org.lwjgl\lwjgl-glfw\3.3.3\f27018dc74f6289574502b46cce55d52817554e2\lwjgl-glfw-3.3.3-natives-windows-arm64.jar;C:\Users\mccar\.gradle\caches\modules-2\files-2.1\org.lwjgl\lwjgl-glfw\3.3.3\32334f3fd5270a59bad9939a93115acb6de36dcf\lwjgl-glfw-3.3.3-natives-windows-x86.jar;C:\Users\mccar\.gradle\caches\modules-2\files-2.1\org.lwjgl\lwjgl-jemalloc\3.3.3\b543467b7ff3c6920539a88ee602d34098628be5\lwjgl-jemalloc-3.3.3.jar;C:\Users\mccar\.gradle\caches\modules-2\files-2.1\org.lwjgl\lwjgl-jemalloc\3.3.3\426222fc027602a5f21b9c0fe79cde6a4c7a011f\lwjgl-jemalloc-3.3.3-natives-windows.jar;C:\Users\mccar\.gradle\caches\modules-2\files-2.1\org.lwjgl\lwjgl-jemalloc\3.3.3\ba1f3fed0ee4be0217eaa41c5bbfb4b9b1383c33\lwjgl-jemalloc-3.3.3-natives-windows-arm64.jar;C:\Users\mccar\.gradle\caches\modules-2\files-2.1\org.lwjgl\lwjgl-jemalloc\3.3.3\f6063b6e0f23be483c5c88d84ce51b39dc69126c\lwjgl-jemalloc-3.3.3-natives-windows-x86.jar;C:\Users\mccar\.gradle\caches\modules-2\files-2.1\org.lwjgl\lwjgl-openal\3.3.3\daada81ceb5fc0c291fbfdd4433cb8d9423577f2\lwjgl-openal-3.3.3.jar;C:\Users\mccar\.gradle\caches\modules-2\files-2.1\org.lwjgl\lwjgl-openal\3.3.3\cf83862ae95d98496b26915024c7e666d8ab1c8f\lwjgl-openal-3.3.3-natives-windows.jar;C:\Users\mccar\.gradle\caches\modules-2\files-2.1\org.lwjgl\lwjgl-openal\3.3.3\8e0615235116b9e4160dfe87bec90f5f6378bf72\lwjgl-openal-3.3.3-natives-windows-arm64.jar;C:\Users\mccar\.gradle\caches\modules-2\files-2.1\org.lwjgl\lwjgl-openal\3.3.3\87b8d5050e3adb46bb58fe1cb2669a4a48fce10d\lwjgl-openal-3.3.3-natives-windows-x86.jar;C:\Users\mccar\.gradle\caches\modules-2\files-2.1\org.lwjgl\lwjgl-opengl\3.3.3\2f6b0147078396a58979125a4c947664e98293a\lwjgl-opengl-3.3.3.jar;C:\Users\mccar\.gradle\caches\modules-2\files-2.1\org.lwjgl\lwjgl-opengl\3.3.3\e6c1eec8be8a71951b830a4d69efc01c6531900c\lwjgl-opengl-3.3.3-natives-windows.jar;C:\Users\mccar\.gradle\caches\modules-2\files-2.1\org.lwjgl\lwjgl-opengl\3.3.3\65e956d3735a1abdc82eff4baec1b61174697d4b\lwjgl-opengl-3.3.3-natives-windows-arm64.jar;C:\Users\mccar\.gradle\caches\modules-2\files-2.1\org.lwjgl\lwjgl-opengl\3.3.3\d32d833dcaa2f355a886eaf21f0408b5f03241d\lwjgl-opengl-3.3.3-natives-windows-x86.jar;C:\Users\mccar\.gradle\caches\modules-2\files-2.1\org.lwjgl\lwjgl-stb\3.3.3\25dd6161988d7e65f71d5065c99902402ee32746\lwjgl-stb-3.3.3.jar;C:\Users\mccar\.gradle\caches\modules-2\files-2.1\org.lwjgl\lwjgl-stb\3.3.3\1d9facdf6541de114b0f963be33505b7679c78cb\lwjgl-stb-3.3.3-natives-windows.jar;C:\Users\mccar\.gradle\caches\modules-2\files-2.1\org.lwjgl\lwjgl-stb\3.3.3\a584ab44de569708871f0a79561f4d8c37487f2c\lwjgl-stb-3.3.3-natives-windows-arm64.jar;C:\Users\mccar\.gradle\caches\modules-2\files-2.1\org.lwjgl\lwjgl-stb\3.3.3\b5c874687b9aac1a936501d4ed2c49567fd1b575\lwjgl-stb-3.3.3-natives-windows-x86.jar;C:\Users\mccar\.gradle\caches\modules-2\files-2.1\org.lwjgl\lwjgl-tinyfd\3.3.3\82d755ca94b102e9ca77283b9e2dc46d1b15fbe5\lwjgl-tinyfd-3.3.3.jar;C:\Users\mccar\.gradle\caches\modules-2\files-2.1\org.lwjgl\lwjgl-tinyfd\3.3.3\a6697981b0449a5087c1d546fc08b4f73e8f98c9\lwjgl-tinyfd-3.3.3-natives-windows.jar;C:\Users\mccar\.gradle\caches\modules-2\files-2.1\org.lwjgl\lwjgl-tinyfd\3.3.3\a88c494f3006eb91a7433b12a3a55a9a6c20788b\lwjgl-tinyfd-3.3.3-natives-windows-arm64.jar;C:\Users\mccar\.gradle\caches\modules-2\files-2.1\org.lwjgl\lwjgl-tinyfd\3.3.3\c336c84ee88cccb495c6ffa112395509e7378e8a\lwjgl-tinyfd-3.3.3-natives-windows-x86.jar;C:\Users\mccar\.gradle\caches\modules-2\files-2.1\org.lwjgl\lwjgl\3.3.3\29589b5f87ed335a6c7e7ee6a5775f81f97ecb84\lwjgl-3.3.3.jar;C:\Users\mccar\.gradle\caches\modules-2\files-2.1\org.lwjgl\lwjgl\3.3.3\a5ed18a2b82fc91b81f40d717cb1f64c9dcb0540\lwjgl-3.3.3-natives-windows.jar;C:\Users\mccar\.gradle\caches\modules-2\files-2.1\org.lwjgl\lwjgl\3.3.3\e9aca8c5479b520a2a7f0d542a118140e812c5e8\lwjgl-3.3.3-natives-windows-arm64.jar;C:\Users\mccar\.gradle\caches\modules-2\files-2.1\org.lwjgl\lwjgl\3.3.3\9e670718e050aeaeea0c2d5b907cffb142f2e58f\lwjgl-3.3.3-natives-windows-x86.jar;C:\Users\mccar\.gradle\caches\modules-2\files-2.1\org.lz4\lz4-java\1.8.0\4b986a99445e49ea5fbf5d149c4b63f6ed6c6780\lz4-java-1.8.0.jar;C:\Users\mccar\.gradle\caches\modules-2\files-2.1\org.slf4j\slf4j-api\2.0.9\7cf2726fdcfbc8610f9a71fb3ed639871f315340\slf4j-api-2.0.9.jar;C:\Users\mccar\OneDrive\Desktop\BARF\Submerged\.gradle\loom-cache\minecraftMaven\net\minecraft\minecraft-clientOnly-d4dfd35c56\1.21.1-net.fabricmc.yarn.1_21_1.1.21.1+build.3-v2\minecraft-clientOnly-d4dfd35c56-1.21.1-net.fabricmc.yarn.1_21_1.1.21.1+build.3-v2.jar;C:\Users\mccar\OneDrive\Desktop\BARF\Submerged\.gradle\loom-cache\minecraftMaven\net\minecraft\minecraft-common-d4dfd35c56\1.21.1-net.fabricmc.yarn.1_21_1.1.21.1+build.3-v2\minecraft-common-d4dfd35c56-1.21.1-net.fabricmc.yarn.1_21_1.1.21.1+build.3-v2.jar;C:\Users\mccar\.gradle\caches\modules-2\files-2.1\io.netty\netty-transport-native-epoll\4.1.97.Final\54188f271e388e7f313aea995e82f58ce2cdb809\netty-transport-native-epoll-4.1.97.Final-linux-x86_64.jar;C:\Users\mccar\.gradle\caches\modules-2\files-2.1\io.netty\netty-transport-native-epoll\4.1.97.Final\5514744c588190ffda076b35a9b8c9f24946a960\netty-transport-native-epoll-4.1.97.Final-linux-aarch_64.jar;C:\Users\mccar\OneDrive\Desktop\BARF\Submerged\.gradle\loom-cache\remapped_mods\remapped\net\fabricmc\fabric-api\fabric-transfer-api-v1-652de5e3-client\5.4.3+c24bd99419\fabric-transfer-api-v1-652de5e3-client-5.4.3+c24bd99419.jar;C:\Users\mccar\OneDrive\Desktop\BARF\Submerged\.gradle\loom-cache\remapped_mods\remapped\net\fabricmc\fabric-api\fabric-blockrenderlayer-v1-652de5e3-client\1.1.52+0af3f5a719\fabric-blockrenderlayer-v1-652de5e3-client-1.1.52+0af3f5a719.jar;C:\Users\mccar\OneDrive\Desktop\BARF\Submerged\.gradle\loom-cache\remapped_mods\remapped\net\fabricmc\fabric-api\fabric-client-tags-api-v1-652de5e3-client\1.1.15+6573ed8c19\fabric-client-tags-api-v1-652de5e3-client-1.1.15+6573ed8c19.jar;C:\Users\mccar\OneDrive\Desktop\BARF\Submerged\.gradle\loom-cache\remapped_mods\remapped\net\fabricmc\fabric-api\fabric-command-api-v2-652de5e3-client\2.2.28+6ced4dd919\fabric-command-api-v2-652de5e3-client-2.2.28+6ced4dd919.jar;C:\Users\mccar\OneDrive\Desktop\BARF\Submerged\.gradle\loom-cache\remapped_mods\remapped\net\fabricmc\fabric-api\fabric-data-generation-api-v1-652de5e3-client\20.2.35+37516cd619\fabric-data-generation-api-v1-652de5e3-client-20.2.35+37516cd619.jar;C:\Users\mccar\OneDrive\Desktop\BARF\Submerged\.gradle\loom-cache\remapped_mods\remapped\net\fabricmc\fabric-api\fabric-data-attachment-api-v1-652de5e3-client\1.4.6+5b36e0f719\fabric-data-attachment-api-v1-652de5e3-client-1.4.6+5b36e0f719.jar;C:\Users\mccar\OneDrive\Desktop\BARF\Submerged\.gradle\loom-cache\remapped_mods\remapped\net\fabricmc\fabric-api\fabric-entity-events-v1-652de5e3-client\1.8.0+2b27e0a419\fabric-entity-events-v1-652de5e3-client-1.8.0+2b27e0a419.jar;C:\Users\mccar\OneDrive\Desktop\BARF\Submerged\.gradle\loom-cache\remapped_mods\remapped\net\fabricmc\fabric-api\fabric-events-interaction-v0-652de5e3-client\0.7.13+ba9dae0619\fabric-events-interaction-v0-652de5e3-client-0.7.13+ba9dae0619.jar;C:\Users\mccar\OneDrive\Desktop\BARF\Submerged\.gradle\loom-cache\remapped_mods\remapped\net\fabricmc\fabric-api\fabric-item-api-v1-652de5e3-client\11.2.0+3b3cb2e819\fabric-item-api-v1-652de5e3-client-11.2.0+3b3cb2e819.jar;C:\Users\mccar\OneDrive\Desktop\BARF\Submerged\.gradle\loom-cache\remapped_mods\remapped\net\fabricmc\fabric-api\fabric-item-group-api-v1-652de5e3-client\4.1.7+def88e3a19\fabric-item-group-api-v1-652de5e3-client-4.1.7+def88e3a19.jar;C:\Users\mccar\OneDrive\Desktop\BARF\Submerged\.gradle\loom-cache\remapped_mods\remapped\net\fabricmc\fabric-api\fabric-lifecycle-events-v1-652de5e3-client\2.6.0+0865547519\fabric-lifecycle-events-v1-652de5e3-client-2.6.0+0865547519.jar;C:\Users\mccar\OneDrive\Desktop\BARF\Submerged\.gradle\loom-cache\remapped_mods\remapped\net\fabricmc\fabric-api\fabric-message-api-v1-652de5e3-client\6.0.14+8aaf3aca19\fabric-message-api-v1-652de5e3-client-6.0.14+8aaf3aca19.jar;C:\Users\mccar\OneDrive\Desktop\BARF\Submerged\.gradle\loom-cache\remapped_mods\remapped\net\fabricmc\fabric-api\fabric-model-loading-api-v1-652de5e3-client\2.1.0+b4d813fc19\fabric-model-loading-api-v1-652de5e3-client-2.1.0+b4d813fc19.jar;C:\Users\mccar\OneDrive\Desktop\BARF\Submerged\.gradle\loom-cache\remapped_mods\remapped\net\fabricmc\fabric-api\fabric-recipe-api-v1-652de5e3-client\5.0.15+2475392c19\fabric-recipe-api-v1-652de5e3-client-5.0.15+2475392c19.jar;C:\Users\mccar\OneDrive\Desktop\BARF\Submerged\.gradle\loom-cache\remapped_mods\remapped\net\fabricmc\fabric-api\fabric-screen-handler-api-v1-652de5e3-client\1.3.90+b559734419\fabric-screen-handler-api-v1-652de5e3-client-1.3.90+b559734419.jar;C:\Users\mccar\OneDrive\Desktop\BARF\Submerged\.gradle\loom-cache\remapped_mods\remapped\net\fabricmc\fabric-api\fabric-registry-sync-v0-652de5e3-client\5.3.1+e3eddc2119\fabric-registry-sync-v0-652de5e3-client-5.3.1+e3eddc2119.jar;C:\Users\mccar\OneDrive\Desktop\BARF\Submerged\.gradle\loom-cache\remapped_mods\remapped\net\fabricmc\fabric-api\fabric-networking-api-v1-652de5e3-client\4.3.0+c7469b2119\fabric-networking-api-v1-652de5e3-client-4.3.0+c7469b2119.jar;C:\Users\mccar\OneDrive\Desktop\BARF\Submerged\.gradle\loom-cache\remapped_mods\remapped\net\fabricmc\fabric-api\fabric-object-builder-api-v1-652de5e3-client\15.2.1+40875a9319\fabric-object-builder-api-v1-652de5e3-client-15.2.1+40875a9319.jar;C:\Users\mccar\OneDrive\Desktop\BARF\Submerged\.gradle\loom-cache\remapped_mods\remapped\net\fabricmc\fabric-api\fabric-particles-v1-652de5e3-client\4.0.2+6573ed8c19\fabric-particles-v1-652de5e3-client-4.0.2+6573ed8c19.jar;C:\Users\mccar\OneDrive\Desktop\BARF\Submerged\.gradle\loom-cache\remapped_mods\remapped\net\fabricmc\fabric-api\fabric-renderer-indigo-652de5e3-client\1.7.1+c705a49c19\fabric-renderer-indigo-652de5e3-client-1.7.1+c705a49c19.jar;C:\Users\mccar\OneDrive\Desktop\BARF\Submerged\.gradle\loom-cache\remapped_mods\remapped\net\fabricmc\fabric-api\fabric-renderer-api-v1-652de5e3-client\3.4.1+b4d813fc19\fabric-renderer-api-v1-652de5e3-client-3.4.1+b4d813fc19.jar;C:\Users\mccar\OneDrive\Desktop\BARF\Submerged\.gradle\loom-cache\remapped_mods\remapped\net\fabricmc\fabric-api\fabric-rendering-fluids-v1-652de5e3-client\3.1.6+1daea21519\fabric-rendering-fluids-v1-652de5e3-client-3.1.6+1daea21519.jar;C:\Users\mccar\OneDrive\Desktop\BARF\Submerged\.gradle\loom-cache\remapped_mods\remapped\net\fabricmc\fabric-api\fabric-renderer-registries-v1-652de5e3-client\3.2.69+df3654b319\fabric-renderer-registries-v1-652de5e3-client-3.2.69+df3654b319.jar;C:\Users\mccar\OneDrive\Desktop\BARF\Submerged\.gradle\loom-cache\remapped_mods\remapped\net\fabricmc\fabric-api\fabric-rendering-v0-652de5e3-client\1.1.72+df3654b319\fabric-rendering-v0-652de5e3-client-1.1.72+df3654b319.jar;C:\Users\mccar\OneDrive\Desktop\BARF\Submerged\.gradle\loom-cache\remapped_mods\remapped\net\fabricmc\fabric-api\fabric-rendering-v1-652de5e3-client\5.1.0+ab4c25a019\fabric-rendering-v1-652de5e3-client-5.1.0+ab4c25a019.jar;C:\Users\mccar\OneDrive\Desktop\BARF\Submerged\.gradle\loom-cache\remapped_mods\remapped\net\fabricmc\fabric-api\fabric-screen-api-v1-652de5e3-client\2.0.25+8b68f1c719\fabric-screen-api-v1-652de5e3-client-2.0.25+8b68f1c719.jar;C:\Users\mccar\OneDrive\Desktop\BARF\Submerged\.gradle\loom-cache\remapped_mods\remapped\net\fabricmc\fabric-api\fabric-rendering-data-attachment-v1-652de5e3-client\0.3.49+73761d2e19\fabric-rendering-data-attachment-v1-652de5e3-client-0.3.49+73761d2e19.jar;C:\Users\mccar\OneDrive\Desktop\BARF\Submerged\.gradle\loom-cache\remapped_mods\remapped\net\fabricmc\fabric-api\fabric-block-view-api-v2-652de5e3-client\1.0.11+ebb2264e19\fabric-block-view-api-v2-652de5e3-client-1.0.11+ebb2264e19.jar;C:\Users\mccar\OneDrive\Desktop\BARF\Submerged\.gradle\loom-cache\remapped_mods\remapped\net\fabricmc\fabric-api\fabric-game-rule-api-v1-652de5e3-client\1.0.53+6ced4dd919\fabric-game-rule-api-v1-652de5e3-client-1.0.53+6ced4dd919.jar;C:\Users\mccar\OneDrive\Desktop\BARF\Submerged\.gradle\loom-cache\remapped_mods\remapped\net\fabricmc\fabric-api\fabric-keybindings-v0-652de5e3-client\0.2.45+df3654b319\fabric-keybindings-v0-652de5e3-client-0.2.45+df3654b319.jar;C:\Users\mccar\OneDrive\Desktop\BARF\Submerged\.gradle\loom-cache\remapped_mods\remapped\net\fabricmc\fabric-api\fabric-key-binding-api-v1-652de5e3-client\1.0.47+0af3f5a719\fabric-key-binding-api-v1-652de5e3-client-1.0.47+0af3f5a719.jar;C:\Users\mccar\OneDrive\Desktop\BARF\Submerged\.gradle\loom-cache\remapped_mods\remapped\net\fabricmc\fabric-api\fabric-resource-loader-v0-652de5e3-client\1.3.1+5b5275af19\fabric-resource-loader-v0-652de5e3-client-1.3.1+5b5275af19.jar;C:\Users\mccar\OneDrive\Desktop\BARF\Submerged\.gradle\loom-cache\remapped_mods\remapped\net\fabricmc\fabric-api\fabric-sound-api-v1-652de5e3-client\1.0.23+6573ed8c19\fabric-sound-api-v1-652de5e3-client-1.0.23+6573ed8c19.jar;C:\Users\mccar\.gradle\caches\modules-2\files-2.1\net.fabricmc\fabric-loader\0.18.4\dc4682125d5db647d6ce80a98b98945835adcd4b\fabric-loader-0.18.4.jar;C:\Users\mccar\.gradle\caches\modules-2\files-2.1\de.maxhenkel.voicechat\voicechat-api\2.6.0\a5c57adaa993e15e5f190a4bcb307347a45a10ad\voicechat-api-2.6.0.jar;C:\Users\mccar\.gradle\caches\modules-2\files-2.1\io.github.douira\glsl-transformer\3.0.0-pre3\83979e47f9e147037f1f13e63000cbdea3a66e94\glsl-transformer-3.0.0-pre3.jar;C:\Users\mccar\.gradle\caches\modules-2\files-2.1\org.anarres\jcpp\1.4.14\f9ac1dbd3101dd1fe01d1d3bcd1481193cf5c113\jcpp-1.4.14.jar;C:\Users\mccar\.gradle\caches\modules-2\files-2.1\org.antlr\antlr4\4.13.1\71b8e3e31b0821480a5db1486012caa89e673f41\antlr4-4.13.1.jar;C:\Users\mccar\.gradle\caches\modules-2\files-2.1\org.antlr\antlr4-runtime\4.13.1\17125bae1d965624e265ef49552f6465a2bfa307\antlr4-runtime-4.13.1.jar;C:\Users\mccar\.gradle\caches\modules-2\files-2.1\com.google.code.findbugs\annotations\3.0.1\fc019a2216218990d64dfe756e7aa20f0069dea2\annotations-3.0.1.jar;C:\Users\mccar\.gradle\caches\modules-2\files-2.1\org.apache.ant\ant\1.7.0\9746af1a485e50cf18dcb232489032a847067066\ant-1.7.0.jar;C:\Users\mccar\.gradle\caches\modules-2\files-2.1\com.github.zafarkhaja\java-semver\0.8.0\50f45c4c5238f140ece4940691030bb3897ae2e6\java-semver-0.8.0.jar;C:\Users\mccar\.gradle\caches\modules-2\files-2.1\org.antlr\ST4\4.3.4\bf68d049dd4e6e104055a79ac3bf9e6307d29258\ST4-4.3.4.jar;C:\Users\mccar\.gradle\caches\modules-2\files-2.1\org.antlr\antlr-runtime\3.5.3\9011fb189c5ed6d99e5f3322514848d1ec1e1416\antlr-runtime-3.5.3.jar;C:\Users\mccar\.gradle\caches\modules-2\files-2.1\org.abego.treelayout\org.abego.treelayout.core\1.0.3\457216e8e6578099ae63667bb1e4439235892028\org.abego.treelayout.core-1.0.3.jar;C:\Users\mccar\.gradle\caches\modules-2\files-2.1\net.jcip\jcip-annotations\1.0\afba4942caaeaf46aab0b976afd57cc7c181467e\jcip-annotations-1.0.jar;C:\Users\mccar\.gradle\caches\modules-2\files-2.1\com.google.code.findbugs\jsr305\3.0.1\f7be08ec23c21485b9b5a1cf1654c2ec8c58168d\jsr305-3.0.1.jar;C:\Users\mccar\.gradle\caches\modules-2\files-2.1\org.apache.ant\ant-launcher\1.7.0\e7e30789211e074aa70ef3eaea59bd5b22a7fa7a\ant-launcher-1.7.0.jar;C:\Users\mccar\OneDrive\Desktop\BARF\Submerged\.gradle\loom-cache\remapped_mods\remapped\org\ladysnake\cardinal-components-api\cardinal-components-world-652de5e3\6.1.1\cardinal-components-world-652de5e3-6.1.1.jar;C:\Users\mccar\OneDrive\Desktop\BARF\Submerged\.gradle\loom-cache\remapped_mods\remapped\org\ladysnake\cardinal-components-api\cardinal-components-entity-652de5e3\6.1.1\cardinal-components-entity-652de5e3-6.1.1.jar;C:\Users\mccar\OneDrive\Desktop\BARF\Submerged\.gradle\loom-cache\remapped_mods\remapped\org\ladysnake\cardinal-components-api\cardinal-components-scoreboard-652de5e3\6.1.1\cardinal-components-scoreboard-652de5e3-6.1.1.jar;C:\Users\mccar\OneDrive\Desktop\BARF\Submerged\.gradle\loom-cache\remapped_mods\remapped\org\ladysnake\cardinal-components-api\cardinal-components-base-652de5e3\6.1.1\cardinal-components-base-652de5e3-6.1.1.jar;C:\Users\mccar\OneDrive\Desktop\BARF\Submerged\.gradle\loom-cache\remapped_mods\remapped\dev\doctor4t\ratatouille-652de5e3\1.4.3-1.21.1\ratatouille-652de5e3-1.4.3-1.21.1.jar;C:\Users\mccar\OneDrive\Desktop\BARF\Submerged\.gradle\loom-cache\remapped_mods\remapped\dev\upcraft\datasync\datasync-minecraft-1.21.1-fabric-652de5e3\0.10.2\datasync-minecraft-1.21.1-fabric-652de5e3-0.10.2.jar;C:\Users\mccar\OneDrive\Desktop\BARF\Submerged\.gradle\loom-cache\remapped_mods\remapped\net\fabricmc\fabric-api\fabric-api-652de5e3-common\0.116.8+1.21.1\fabric-api-652de5e3-common-0.116.8+1.21.1.jar;C:\Users\mccar\OneDrive\Desktop\BARF\Submerged\.gradle\loom-cache\remapped_mods\remapped\net\fabricmc\fabric-api\fabric-transfer-api-v1-652de5e3-common\5.4.3+c24bd99419\fabric-transfer-api-v1-652de5e3-common-5.4.3+c24bd99419.jar;C:\Users\mccar\OneDrive\Desktop\BARF\Submerged\.gradle\loom-cache\remapped_mods\remapped\net\fabricmc\fabric-api\fabric-api-lookup-api-v1-652de5e3-common\1.6.71+b559734419\fabric-api-lookup-api-v1-652de5e3-common-1.6.71+b559734419.jar;C:\Users\mccar\OneDrive\Desktop\BARF\Submerged\.gradle\loom-cache\remapped_mods\remapped\net\fabricmc\fabric-api\fabric-command-api-v1-652de5e3-common\1.2.49+f71b366f19\fabric-command-api-v1-652de5e3-common-1.2.49+f71b366f19.jar;C:\Users\mccar\OneDrive\Desktop\BARF\Submerged\.gradle\loom-cache\remapped_mods\remapped\net\fabricmc\fabric-api\fabric-commands-v0-652de5e3-common\0.2.66+df3654b319\fabric-commands-v0-652de5e3-common-0.2.66+df3654b319.jar;C:\Users\mccar\OneDrive\Desktop\BARF\Submerged\.gradle\loom-cache\remapped_mods\remapped\net\fabricmc\fabric-api\fabric-command-api-v2-652de5e3-common\2.2.28+6ced4dd919\fabric-command-api-v2-652de5e3-common-2.2.28+6ced4dd919.jar;C:\Users\mccar\OneDrive\Desktop\BARF\Submerged\.gradle\loom-cache\remapped_mods\remapped\net\fabricmc\fabric-api\fabric-content-registries-v0-652de5e3-common\8.0.19+b559734419\fabric-content-registries-v0-652de5e3-common-8.0.19+b559734419.jar;C:\Users\mccar\OneDrive\Desktop\BARF\Submerged\.gradle\loom-cache\remapped_mods\remapped\net\fabricmc\fabric-api\fabric-data-generation-api-v1-652de5e3-common\20.2.35+37516cd619\fabric-data-generation-api-v1-652de5e3-common-20.2.35+37516cd619.jar;C:\Users\mccar\OneDrive\Desktop\BARF\Submerged\.gradle\loom-cache\remapped_mods\remapped\net\fabricmc\fabric-api\fabric-convention-tags-v1-652de5e3-common\2.1.6+7f945d5b19\fabric-convention-tags-v1-652de5e3-common-2.1.6+7f945d5b19.jar;C:\Users\mccar\OneDrive\Desktop\BARF\Submerged\.gradle\loom-cache\remapped_mods\remapped\net\fabricmc\fabric-api\fabric-convention-tags-v2-652de5e3-common\2.11.2+fa89716719\fabric-convention-tags-v2-652de5e3-common-2.11.2+fa89716719.jar;C:\Users\mccar\OneDrive\Desktop\BARF\Submerged\.gradle\loom-cache\remapped_mods\remapped\net\fabricmc\fabric-api\fabric-data-attachment-api-v1-652de5e3-common\1.4.6+5b36e0f719\fabric-data-attachment-api-v1-652de5e3-common-1.4.6+5b36e0f719.jar;C:\Users\mccar\OneDrive\Desktop\BARF\Submerged\.gradle\loom-cache\remapped_mods\remapped\net\fabricmc\fabric-api\fabric-entity-events-v1-652de5e3-common\1.8.0+2b27e0a419\fabric-entity-events-v1-652de5e3-common-1.8.0+2b27e0a419.jar;C:\Users\mccar\OneDrive\Desktop\BARF\Submerged\.gradle\loom-cache\remapped_mods\remapped\net\fabricmc\fabric-api\fabric-events-interaction-v0-652de5e3-common\0.7.13+ba9dae0619\fabric-events-interaction-v0-652de5e3-common-0.7.13+ba9dae0619.jar;C:\Users\mccar\OneDrive\Desktop\BARF\Submerged\.gradle\loom-cache\remapped_mods\remapped\net\fabricmc\fabric-api\fabric-gametest-api-v1-652de5e3-common\2.0.5+6fc22b9919\fabric-gametest-api-v1-652de5e3-common-2.0.5+6fc22b9919.jar;C:\Users\mccar\OneDrive\Desktop\BARF\Submerged\.gradle\loom-cache\remapped_mods\remapped\net\fabricmc\fabric-api\fabric-item-api-v1-652de5e3-common\11.2.0+3b3cb2e819\fabric-item-api-v1-652de5e3-common-11.2.0+3b3cb2e819.jar;C:\Users\mccar\OneDrive\Desktop\BARF\Submerged\.gradle\loom-cache\remapped_mods\remapped\net\fabricmc\fabric-api\fabric-item-group-api-v1-652de5e3-common\4.1.7+def88e3a19\fabric-item-group-api-v1-652de5e3-common-4.1.7+def88e3a19.jar;C:\Users\mccar\OneDrive\Desktop\BARF\Submerged\.gradle\loom-cache\remapped_mods\remapped\net\fabricmc\fabric-api\fabric-lifecycle-events-v1-652de5e3-common\2.6.0+0865547519\fabric-lifecycle-events-v1-652de5e3-common-2.6.0+0865547519.jar;C:\Users\mccar\OneDrive\Desktop\BARF\Submerged\.gradle\loom-cache\remapped_mods\remapped\net\fabricmc\fabric-api\fabric-loot-api-v2-652de5e3-common\3.0.15+3f89f5a519\fabric-loot-api-v2-652de5e3-common-3.0.15+3f89f5a519.jar;C:\Users\mccar\OneDrive\Desktop\BARF\Submerged\.gradle\loom-cache\remapped_mods\remapped\net\fabricmc\fabric-api\fabric-loot-api-v3-652de5e3-common\1.0.3+3f89f5a519\fabric-loot-api-v3-652de5e3-common-1.0.3+3f89f5a519.jar;C:\Users\mccar\OneDrive\Desktop\BARF\Submerged\.gradle\loom-cache\remapped_mods\remapped\net\fabricmc\fabric-api\fabric-message-api-v1-652de5e3-common\6.0.14+8aaf3aca19\fabric-message-api-v1-652de5e3-common-6.0.14+8aaf3aca19.jar;C:\Users\mccar\OneDrive\Desktop\BARF\Submerged\.gradle\loom-cache\remapped_mods\remapped\net\fabricmc\fabric-api\fabric-recipe-api-v1-652de5e3-common\5.0.15+2475392c19\fabric-recipe-api-v1-652de5e3-common-5.0.15+2475392c19.jar;C:\Users\mccar\OneDrive\Desktop\BARF\Submerged\.gradle\loom-cache\remapped_mods\remapped\net\fabricmc\fabric-api\fabric-screen-handler-api-v1-652de5e3-common\1.3.90+b559734419\fabric-screen-handler-api-v1-652de5e3-common-1.3.90+b559734419.jar;C:\Users\mccar\OneDrive\Desktop\BARF\Submerged\.gradle\loom-cache\remapped_mods\remapped\net\fabricmc\fabric-api\fabric-registry-sync-v0-652de5e3-common\5.3.1+e3eddc2119\fabric-registry-sync-v0-652de5e3-common-5.3.1+e3eddc2119.jar;C:\Users\mccar\OneDrive\Desktop\BARF\Submerged\.gradle\loom-cache\remapped_mods\remapped\net\fabricmc\fabric-api\fabric-networking-api-v1-652de5e3-common\4.3.0+c7469b2119\fabric-networking-api-v1-652de5e3-common-4.3.0+c7469b2119.jar;C:\Users\mccar\OneDrive\Desktop\BARF\Submerged\.gradle\loom-cache\remapped_mods\remapped\net\fabricmc\fabric-api\fabric-object-builder-api-v1-652de5e3-common\15.2.1+40875a9319\fabric-object-builder-api-v1-652de5e3-common-15.2.1+40875a9319.jar;C:\Users\mccar\OneDrive\Desktop\BARF\Submerged\.gradle\loom-cache\remapped_mods\remapped\net\fabricmc\fabric-api\fabric-particles-v1-652de5e3-common\4.0.2+6573ed8c19\fabric-particles-v1-652de5e3-common-4.0.2+6573ed8c19.jar;C:\Users\mccar\OneDrive\Desktop\BARF\Submerged\.gradle\loom-cache\remapped_mods\remapped\net\fabricmc\fabric-api\fabric-rendering-fluids-v1-652de5e3-common\3.1.6+1daea21519\fabric-rendering-fluids-v1-652de5e3-common-3.1.6+1daea21519.jar;C:\Users\mccar\OneDrive\Desktop\BARF\Submerged\.gradle\loom-cache\remapped_mods\remapped\net\fabricmc\fabric-api\fabric-api-base-652de5e3-common\0.4.42+6573ed8cd1\fabric-api-base-652de5e3-common-0.4.42+6573ed8cd1.jar;C:\Users\mccar\OneDrive\Desktop\BARF\Submerged\.gradle\loom-cache\remapped_mods\remapped\net\fabricmc\fabric-api\fabric-biome-api-v1-652de5e3-common\13.0.31+d527f9fd19\fabric-biome-api-v1-652de5e3-common-13.0.31+d527f9fd19.jar;C:\Users\mccar\OneDrive\Desktop\BARF\Submerged\.gradle\loom-cache\remapped_mods\remapped\net\fabricmc\fabric-api\fabric-block-api-v1-652de5e3-common\1.1.0+0bc3503219\fabric-block-api-v1-652de5e3-common-1.1.0+0bc3503219.jar;C:\Users\mccar\OneDrive\Desktop\BARF\Submerged\.gradle\loom-cache\remapped_mods\remapped\net\fabricmc\fabric-api\fabric-rendering-data-attachment-v1-652de5e3-common\0.3.49+73761d2e19\fabric-rendering-data-attachment-v1-652de5e3-common-0.3.49+73761d2e19.jar;C:\Users\mccar\OneDrive\Desktop\BARF\Submerged\.gradle\loom-cache\remapped_mods\remapped\net\fabricmc\fabric-api\fabric-block-view-api-v2-652de5e3-common\1.0.11+ebb2264e19\fabric-block-view-api-v2-652de5e3-common-1.0.11+ebb2264e19.jar;C:\Users\mccar\OneDrive\Desktop\BARF\Submerged\.gradle\loom-cache\remapped_mods\remapped\net\fabricmc\fabric-api\fabric-crash-report-info-v1-652de5e3-common\0.2.29+0af3f5a719\fabric-crash-report-info-v1-652de5e3-common-0.2.29+0af3f5a719.jar;C:\Users\mccar\OneDrive\Desktop\BARF\Submerged\.gradle\loom-cache\remapped_mods\remapped\net\fabricmc\fabric-api\fabric-dimensions-v1-652de5e3-common\4.0.1+65213ef819\fabric-dimensions-v1-652de5e3-common-4.0.1+65213ef819.jar;C:\Users\mccar\OneDrive\Desktop\BARF\Submerged\.gradle\loom-cache\remapped_mods\remapped\net\fabricmc\fabric-api\fabric-game-rule-api-v1-652de5e3-common\1.0.53+6ced4dd919\fabric-game-rule-api-v1-652de5e3-common-1.0.53+6ced4dd919.jar;C:\Users\mccar\OneDrive\Desktop\BARF\Submerged\.gradle\loom-cache\remapped_mods\remapped\net\fabricmc\fabric-api\fabric-resource-conditions-api-v1-652de5e3-common\4.3.0+8dc279b119\fabric-resource-conditions-api-v1-652de5e3-common-4.3.0+8dc279b119.jar;C:\Users\mccar\OneDrive\Desktop\BARF\Submerged\.gradle\loom-cache\remapped_mods\remapped\net\fabricmc\fabric-api\fabric-resource-loader-v0-652de5e3-common\1.3.1+5b5275af19\fabric-resource-loader-v0-652de5e3-common-1.3.1+5b5275af19.jar;C:\Users\mccar\OneDrive\Desktop\BARF\Submerged\.gradle\loom-cache\remapped_mods\remapped\net\fabricmc\fabric-api\fabric-transitive-access-wideners-v1-652de5e3-common\6.2.0+45b9699719\fabric-transitive-access-wideners-v1-652de5e3-common-6.2.0+45b9699719.jar;C:\Users\mccar\OneDrive\Desktop\BARF\Submerged\.gradle\loom-cache\remapped_mods\remapped\dev\doctor4t\wathe-652de5e3\1.3.2-1.21.1\wathe-652de5e3-1.3.2-1.21.1.jar;C:\Users\mccar\OneDrive\Desktop\BARF\Submerged\.gradle\loom-cache\remapped_mods\remapped\net\fabricmc\fabric-api\fabric-api-652de5e3\0.116.7+1.21.1\fabric-api-652de5e3-0.116.7+1.21.1.jar;C:\Users\mccar\OneDrive\Desktop\BARF\Submerged\.gradle\loom-cache\remapped_mods\remapped\maven\modrinth\sodium-652de5e3\mc1.21.1-0.6.13-fabric\sodium-652de5e3-mc1.21.1-0.6.13-fabric.jar;C:\Users\mccar\OneDrive\Desktop\BARF\Submerged\.gradle\loom-cache\remapped_mods\remapped\maven\modrinth\iris-652de5e3\1.8.8+1.21.1-fabric\iris-652de5e3-1.8.8+1.21.1-fabric.jar;C:\Users\mccar\OneDrive\Desktop\BARF\Submerged\.gradle\loom-cache\remapped_mods\remapped\maven\modrinth\midnightlib-652de5e3\1.5.7-fabric\midnightlib-652de5e3-1.5.7-fabric.jar;C:\Users\mccar\OneDrive\Desktop\BARF\Submerged\.gradle\loom-cache\remapped_mods\remapped\maven\modrinth\simple-voice-chat-652de5e3\fabric-1.21.1-2.6.4\simple-voice-chat-652de5e3-fabric-1.21.1-2.6.4.jar;C:\Users\mccar\OneDrive\Desktop\BARF\Submerged\.gradle\loom-cache\remapped_mods\remapped\net\fabricmc\fabric-api\fabric-transfer-api-v1-652de5e3\5.4.3+c24bd99419\fabric-transfer-api-v1-652de5e3-5.4.3+c24bd99419.jar;C:\Users\mccar\OneDrive\Desktop\BARF\Submerged\.gradle\loom-cache\remapped_mods\remapped\net\fabricmc\fabric-api\fabric-api-lookup-api-v1-652de5e3\1.6.71+b559734419\fabric-api-lookup-api-v1-652de5e3-1.6.71+b559734419.jar;C:\Users\mccar\OneDrive\Desktop\BARF\Submerged\.gradle\loom-cache\remapped_mods\remapped\net\fabricmc\fabric-api\fabric-blockrenderlayer-v1-652de5e3\1.1.52+0af3f5a719\fabric-blockrenderlayer-v1-652de5e3-1.1.52+0af3f5a719.jar;C:\Users\mccar\OneDrive\Desktop\BARF\Submerged\.gradle\loom-cache\remapped_mods\remapped\net\fabricmc\fabric-api\fabric-client-tags-api-v1-652de5e3\1.1.15+6573ed8c19\fabric-client-tags-api-v1-652de5e3-1.1.15+6573ed8c19.jar;C:\Users\mccar\OneDrive\Desktop\BARF\Submerged\.gradle\loom-cache\remapped_mods\remapped\net\fabricmc\fabric-api\fabric-command-api-v1-652de5e3\1.2.49+f71b366f19\fabric-command-api-v1-652de5e3-1.2.49+f71b366f19.jar;C:\Users\mccar\OneDrive\Desktop\BARF\Submerged\.gradle\loom-cache\remapped_mods\remapped\net\fabricmc\fabric-api\fabric-commands-v0-652de5e3\0.2.66+df3654b319\fabric-commands-v0-652de5e3-0.2.66+df3654b319.jar;C:\Users\mccar\OneDrive\Desktop\BARF\Submerged\.gradle\loom-cache\remapped_mods\remapped\net\fabricmc\fabric-api\fabric-command-api-v2-652de5e3\2.2.28+6ced4dd919\fabric-command-api-v2-652de5e3-2.2.28+6ced4dd919.jar;C:\Users\mccar\OneDrive\Desktop\BARF\Submerged\.gradle\loom-cache\remapped_mods\remapped\net\fabricmc\fabric-api\fabric-content-registries-v0-652de5e3\8.0.19+b559734419\fabric-content-registries-v0-652de5e3-8.0.19+b559734419.jar;C:\Users\mccar\OneDrive\Desktop\BARF\Submerged\.gradle\loom-cache\remapped_mods\remapped\net\fabricmc\fabric-api\fabric-data-generation-api-v1-652de5e3\20.2.34+37516cd619\fabric-data-generation-api-v1-652de5e3-20.2.34+37516cd619.jar;C:\Users\mccar\OneDrive\Desktop\BARF\Submerged\.gradle\loom-cache\remapped_mods\remapped\net\fabricmc\fabric-api\fabric-convention-tags-v1-652de5e3\2.1.5+7f945d5b19\fabric-convention-tags-v1-652de5e3-2.1.5+7f945d5b19.jar;C:\Users\mccar\OneDrive\Desktop\BARF\Submerged\.gradle\loom-cache\remapped_mods\remapped\net\fabricmc\fabric-api\fabric-convention-tags-v2-652de5e3\2.11.1+a406e79519\fabric-convention-tags-v2-652de5e3-2.11.1+a406e79519.jar;C:\Users\mccar\OneDrive\Desktop\BARF\Submerged\.gradle\loom-cache\remapped_mods\remapped\net\fabricmc\fabric-api\fabric-data-attachment-api-v1-652de5e3\1.4.5+6116a37819\fabric-data-attachment-api-v1-652de5e3-1.4.5+6116a37819.jar;C:\Users\mccar\OneDrive\Desktop\BARF\Submerged\.gradle\loom-cache\remapped_mods\remapped\net\fabricmc\fabric-api\fabric-entity-events-v1-652de5e3\1.8.0+2b27e0a419\fabric-entity-events-v1-652de5e3-1.8.0+2b27e0a419.jar;C:\Users\mccar\OneDrive\Desktop\BARF\Submerged\.gradle\loom-cache\remapped_mods\remapped\net\fabricmc\fabric-api\fabric-events-interaction-v0-652de5e3\0.7.13+ba9dae0619\fabric-events-interaction-v0-652de5e3-0.7.13+ba9dae0619.jar;C:\Users\mccar\OneDrive\Desktop\BARF\Submerged\.gradle\loom-cache\remapped_mods\remapped\net\fabricmc\fabric-api\fabric-gametest-api-v1-652de5e3\2.0.5+6fc22b9919\fabric-gametest-api-v1-652de5e3-2.0.5+6fc22b9919.jar;C:\Users\mccar\OneDrive\Desktop\BARF\Submerged\.gradle\loom-cache\remapped_mods\remapped\net\fabricmc\fabric-api\fabric-item-api-v1-652de5e3\11.2.0+3b3cb2e819\fabric-item-api-v1-652de5e3-11.2.0+3b3cb2e819.jar;C:\Users\mccar\OneDrive\Desktop\BARF\Submerged\.gradle\loom-cache\remapped_mods\remapped\net\fabricmc\fabric-api\fabric-item-group-api-v1-652de5e3\4.1.7+def88e3a19\fabric-item-group-api-v1-652de5e3-4.1.7+def88e3a19.jar;C:\Users\mccar\OneDrive\Desktop\BARF\Submerged\.gradle\loom-cache\remapped_mods\remapped\net\fabricmc\fabric-api\fabric-lifecycle-events-v1-652de5e3\2.6.0+0865547519\fabric-lifecycle-events-v1-652de5e3-2.6.0+0865547519.jar;C:\Users\mccar\OneDrive\Desktop\BARF\Submerged\.gradle\loom-cache\remapped_mods\remapped\net\fabricmc\fabric-api\fabric-loot-api-v2-652de5e3\3.0.15+3f89f5a519\fabric-loot-api-v2-652de5e3-3.0.15+3f89f5a519.jar;C:\Users\mccar\OneDrive\Desktop\BARF\Submerged\.gradle\loom-cache\remapped_mods\remapped\net\fabricmc\fabric-api\fabric-loot-api-v3-652de5e3\1.0.3+3f89f5a519\fabric-loot-api-v3-652de5e3-1.0.3+3f89f5a519.jar;C:\Users\mccar\OneDrive\Desktop\BARF\Submerged\.gradle\loom-cache\remapped_mods\remapped\net\fabricmc\fabric-api\fabric-message-api-v1-652de5e3\6.0.14+8aaf3aca19\fabric-message-api-v1-652de5e3-6.0.14+8aaf3aca19.jar;C:\Users\mccar\OneDrive\Desktop\BARF\Submerged\.gradle\loom-cache\remapped_mods\remapped\net\fabricmc\fabric-api\fabric-model-loading-api-v1-652de5e3\2.1.0+b4d813fc19\fabric-model-loading-api-v1-652de5e3-2.1.0+b4d813fc19.jar;C:\Users\mccar\OneDrive\Desktop\BARF\Submerged\.gradle\loom-cache\remapped_mods\remapped\net\fabricmc\fabric-api\fabric-recipe-api-v1-652de5e3\5.0.15+2475392c19\fabric-recipe-api-v1-652de5e3-5.0.15+2475392c19.jar;C:\Users\mccar\OneDrive\Desktop\BARF\Submerged\.gradle\loom-cache\remapped_mods\remapped\net\fabricmc\fabric-api\fabric-screen-handler-api-v1-652de5e3\1.3.90+b559734419\fabric-screen-handler-api-v1-652de5e3-1.3.90+b559734419.jar;C:\Users\mccar\OneDrive\Desktop\BARF\Submerged\.gradle\loom-cache\remapped_mods\remapped\net\fabricmc\fabric-api\fabric-registry-sync-v0-652de5e3\5.3.1+e3eddc2119\fabric-registry-sync-v0-652de5e3-5.3.1+e3eddc2119.jar;C:\Users\mccar\OneDrive\Desktop\BARF\Submerged\.gradle\loom-cache\remapped_mods\remapped\net\fabricmc\fabric-api\fabric-networking-api-v1-652de5e3\4.3.0+c7469b2119\fabric-networking-api-v1-652de5e3-4.3.0+c7469b2119.jar;C:\Users\mccar\OneDrive\Desktop\BARF\Submerged\.gradle\loom-cache\remapped_mods\remapped\net\fabricmc\fabric-api\fabric-object-builder-api-v1-652de5e3\15.2.1+40875a9319\fabric-object-builder-api-v1-652de5e3-15.2.1+40875a9319.jar;C:\Users\mccar\OneDrive\Desktop\BARF\Submerged\.gradle\loom-cache\remapped_mods\remapped\net\fabricmc\fabric-api\fabric-particles-v1-652de5e3\4.0.2+6573ed8c19\fabric-particles-v1-652de5e3-4.0.2+6573ed8c19.jar;C:\Users\mccar\OneDrive\Desktop\BARF\Submerged\.gradle\loom-cache\remapped_mods\remapped\net\fabricmc\fabric-api\fabric-renderer-indigo-652de5e3\1.7.1+c705a49c19\fabric-renderer-indigo-652de5e3-1.7.1+c705a49c19.jar;C:\Users\mccar\OneDrive\Desktop\BARF\Submerged\.gradle\loom-cache\remapped_mods\remapped\net\fabricmc\fabric-api\fabric-renderer-api-v1-652de5e3\3.4.1+b4d813fc19\fabric-renderer-api-v1-652de5e3-3.4.1+b4d813fc19.jar;C:\Users\mccar\OneDrive\Desktop\BARF\Submerged\.gradle\loom-cache\remapped_mods\remapped\net\fabricmc\fabric-api\fabric-rendering-fluids-v1-652de5e3\3.1.6+1daea21519\fabric-rendering-fluids-v1-652de5e3-3.1.6+1daea21519.jar;C:\Users\mccar\OneDrive\Desktop\BARF\Submerged\.gradle\loom-cache\remapped_mods\remapped\net\fabricmc\fabric-api\fabric-renderer-registries-v1-652de5e3\3.2.69+df3654b319\fabric-renderer-registries-v1-652de5e3-3.2.69+df3654b319.jar;C:\Users\mccar\OneDrive\Desktop\BARF\Submerged\.gradle\loom-cache\remapped_mods\remapped\net\fabricmc\fabric-api\fabric-rendering-v0-652de5e3\1.1.72+df3654b319\fabric-rendering-v0-652de5e3-1.1.72+df3654b319.jar;C:\Users\mccar\OneDrive\Desktop\BARF\Submerged\.gradle\loom-cache\remapped_mods\remapped\net\fabricmc\fabric-api\fabric-rendering-v1-652de5e3\5.1.0+ab4c25a019\fabric-rendering-v1-652de5e3-5.1.0+ab4c25a019.jar;C:\Users\mccar\OneDrive\Desktop\BARF\Submerged\.gradle\loom-cache\remapped_mods\remapped\net\fabricmc\fabric-api\fabric-screen-api-v1-652de5e3\2.0.25+8b68f1c719\fabric-screen-api-v1-652de5e3-2.0.25+8b68f1c719.jar;C:\Users\mccar\OneDrive\Desktop\BARF\Submerged\.gradle\loom-cache\remapped_mods\remapped\net\fabricmc\fabric-api\fabric-api-base-652de5e3\0.4.42+6573ed8cd1\fabric-api-base-652de5e3-0.4.42+6573ed8cd1.jar;C:\Users\mccar\OneDrive\Desktop\BARF\Submerged\.gradle\loom-cache\remapped_mods\remapped\net\fabricmc\fabric-api\fabric-biome-api-v1-652de5e3\13.0.31+d527f9fd19\fabric-biome-api-v1-652de5e3-13.0.31+d527f9fd19.jar;C:\Users\mccar\OneDrive\Desktop\BARF\Submerged\.gradle\loom-cache\remapped_mods\remapped\net\fabricmc\fabric-api\fabric-block-api-v1-652de5e3\1.1.0+0bc3503219\fabric-block-api-v1-652de5e3-1.1.0+0bc3503219.jar;C:\Users\mccar\OneDrive\Desktop\BARF\Submerged\.gradle\loom-cache\remapped_mods\remapped\net\fabricmc\fabric-api\fabric-rendering-data-attachment-v1-652de5e3\0.3.49+73761d2e19\fabric-rendering-data-attachment-v1-652de5e3-0.3.49+73761d2e19.jar;C:\Users\mccar\OneDrive\Desktop\BARF\Submerged\.gradle\loom-cache\remapped_mods\remapped\net\fabricmc\fabric-api\fabric-block-view-api-v2-652de5e3\1.0.11+ebb2264e19\fabric-block-view-api-v2-652de5e3-1.0.11+ebb2264e19.jar;C:\Users\mccar\OneDrive\Desktop\BARF\Submerged\.gradle\loom-cache\remapped_mods\remapped\net\fabricmc\fabric-api\fabric-crash-report-info-v1-652de5e3\0.2.29+0af3f5a719\fabric-crash-report-info-v1-652de5e3-0.2.29+0af3f5a719.jar;C:\Users\mccar\OneDrive\Desktop\BARF\Submerged\.gradle\loom-cache\remapped_mods\remapped\net\fabricmc\fabric-api\fabric-dimensions-v1-652de5e3\4.0.1+65213ef819\fabric-dimensions-v1-652de5e3-4.0.1+65213ef819.jar;C:\Users\mccar\OneDrive\Desktop\BARF\Submerged\.gradle\loom-cache\remapped_mods\remapped\net\fabricmc\fabric-api\fabric-game-rule-api-v1-652de5e3\1.0.53+6ced4dd919\fabric-game-rule-api-v1-652de5e3-1.0.53+6ced4dd919.jar;C:\Users\mccar\OneDrive\Desktop\BARF\Submerged\.gradle\loom-cache\remapped_mods\remapped\net\fabricmc\fabric-api\fabric-keybindings-v0-652de5e3\0.2.45+df3654b319\fabric-keybindings-v0-652de5e3-0.2.45+df3654b319.jar;C:\Users\mccar\OneDrive\Desktop\BARF\Submerged\.gradle\loom-cache\remapped_mods\remapped\net\fabricmc\fabric-api\fabric-key-binding-api-v1-652de5e3\1.0.47+0af3f5a719\fabric-key-binding-api-v1-652de5e3-1.0.47+0af3f5a719.jar;C:\Users\mccar\OneDrive\Desktop\BARF\Submerged\.gradle\loom-cache\remapped_mods\remapped\net\fabricmc\fabric-api\fabric-resource-conditions-api-v1-652de5e3\4.3.0+8dc279b119\fabric-resource-conditions-api-v1-652de5e3-4.3.0+8dc279b119.jar;C:\Users\mccar\OneDrive\Desktop\BARF\Submerged\.gradle\loom-cache\remapped_mods\remapped\net\fabricmc\fabric-api\fabric-resource-loader-v0-652de5e3\1.3.1+5b5275af19\fabric-resource-loader-v0-652de5e3-1.3.1+5b5275af19.jar;C:\Users\mccar\OneDrive\Desktop\BARF\Submerged\.gradle\loom-cache\remapped_mods\remapped\net\fabricmc\fabric-api\fabric-sound-api-v1-652de5e3\1.0.23+6573ed8c19\fabric-sound-api-v1-652de5e3-1.0.23+6573ed8c19.jar;C:\Users\mccar\OneDrive\Desktop\BARF\Submerged\.gradle\loom-cache\remapped_mods\remapped\net\fabricmc\fabric-api\fabric-transitive-access-wideners-v1-652de5e3\6.2.0+45b9699719\fabric-transitive-access-wideners-v1-652de5e3-6.2.0+45b9699719.jar;C:\Users\mccar\OneDrive\Desktop\BARF\Submerged\build\classes\java\main;C:\Users\mccar\OneDrive\Desktop\BARF\Submerged\build\resources\main
Launcher Type: SUN_STANDARD

[Global flags]
     bool AllowEnhancedClassRedefinition           = true                                      {product} {command line}
     intx CICompilerCount                          = 4                                         {product} {ergonomic}
     uint ConcGCThreads                            = 3                                         {product} {ergonomic}
     uint G1ConcRefinementThreads                  = 10                                        {product} {ergonomic}
   size_t G1HeapRegionSize                         = 2097152                                   {product} {ergonomic}
    uintx GCDrainStackTargetSize                   = 64                                        {product} {ergonomic}
   size_t InitialHeapSize                          = 199229440                                 {product} {ergonomic}
   size_t MarkStackSize                            = 4194304                                   {product} {ergonomic}
   size_t MaxHeapSize                              = 3187671040                                {product} {ergonomic}
   size_t MaxNewSize                               = 1912602624                                {product} {ergonomic}
   size_t MinHeapDeltaBytes                        = 2097152                                   {product} {ergonomic}
   size_t MinHeapSize                              = 8388608                                   {product} {ergonomic}
    uintx NonNMethodCodeHeapSize                   = 5839372                                {pd product} {ergonomic}
    uintx NonProfiledCodeHeapSize                  = 122909434                              {pd product} {ergonomic}
    uintx ProfiledCodeHeapSize                     = 122909434                              {pd product} {ergonomic}
    uintx ReservedCodeCacheSize                    = 251658240                              {pd product} {ergonomic}
     bool SegmentedCodeCache                       = true                                      {product} {ergonomic}
   size_t SoftMaxHeapSize                          = 3187671040                             {manageable} {ergonomic}
     bool UseCompressedOops                        = true                           {product lp64_product} {ergonomic}
     bool UseG1GC                                  = true                                      {product} {ergonomic}
     bool UseLargePagesIndividualAllocation        = false                                  {pd product} {ergonomic}

Logging:
Log output configuration:
 #0: stdout all=warning uptime,level,tags foldmultilines=false
 #1: stderr all=off uptime,level,tags foldmultilines=false

Release file:
JAVA_VERSION="21.0.10" 
MODULES="java.base java.datatransfer java.xml java.prefs java.desktop gluegen.rt java.compiler java.instrument java.logging java.management java.security.sasl java.naming java.rmi java.management.rmi java.net.http java.scripting java.security.jgss java.transaction.xa java.sql java.sql.rowset java.xml.crypto java.se java.smartcardio jogl.all jcef jdk.accessibility jdk.internal.jvmstat jdk.attach jdk.charsets jdk.internal.opt jdk.zipfs jdk.compiler jdk.crypto.ec jdk.crypto.cryptoki jdk.crypto.mscapi jdk.dynalink jdk.hotspot.agent jdk.httpserver jdk.internal.ed jdk.internal.le jdk.internal.vm.ci jdk.javadoc jdk.jcmd jdk.jdwp.agent jdk.jdi jdk.jfr jdk.jsobject jdk.localedata jdk.management jdk.management.agent jdk.management.jfr jdk.naming.dns jdk.naming.rmi jdk.net jdk.sctp jdk.security.auth jdk.security.jgss jdk.unsupported jdk.unsupported.desktop jdk.xml.dom" 
IMPLEMENTOR="JetBrains s.r.o." 
IMPLEMENTOR_VERSION="JBR-21.0.10+1-1163.105-jcef" 
JAVA_RUNTIME_VERSION="21.0.10+1-b1163.105" 
LIBC="default" 
OS_ARCH="x86_64" 
OS_NAME="Windows" 
SOURCE=".:git:523c874eb177+ jcef_git:git:4a605f44671a" 
JCEF_VERSION="137.0.17.1107+ge397b56" 
JCEF_COMMIT_HASH="e397b569415d3c67b114495985454e5201955573" 

Environment Variables:
JAVA_HOME=C:\Program Files\Java\jdk-17.0.3.1
PATH=C:\Python313\Scripts\;C:\Python313\;C:\Program Files\Python312\Scripts\;C:\Program Files\Python312\;C:\Python312\Scripts\;C:\Python312\;C:\Program Files\Oculus\Support\oculus-runtime;C:\Program Files (x86)\Razer Chroma SDK\bin;C:\Program Files\Razer Chroma SDK\bin;C:\Program Files\Common Files\Oracle\Java\javapath;C:\Program Files (x86)\Razer\ChromaBroadcast\bin;C:\Program Files\Razer\ChromaBroadcast\bin;C:\Program Files (x86)\Common Files\Oracle\Java\javapath;C:\WINDOWS\system32;C:\WINDOWS;C:\WINDOWS\System32\Wbem;C:\WINDOWS\System32\WindowsPowerShell\v1.0\;C:\WINDOWS\System32\OpenSSH\;C:\Program Files (x86)\NVIDIA Corporation\PhysX\Common;C:\WINDOWS\system32\config\systemprofile\AppData\Local\Microsoft\WindowsApps;C:\Program Files\Java\jdk-17.0.3.1;C:\Program Files\Git\cmd;C:\ProgramData\chocolatey\bin;C:\WINDOWS\system32;C:\WINDOWS;C:\WINDOWS\System32\Wbem;C:\WINDOWS\System32\WindowsPowerShell\v1.0\;C:\WINDOWS\System32\OpenSSH\;C:\Program Files (x86)\cloudflared\;C:\Program Files\NVIDIA Corporation\NVIDIA app\NvDLISR;C:\Program Files\nodejs\;C:\Program Files\Cloudflare\Cloudflare WARP\;C:\Program Files\GitHub CLI\;C:\Program Files\dotnet\;C:\Users\mccar\AppData\Local\Microsoft\WindowsApps;C:\Users\mccar\AppData\Local\atom\bin;C:\Program Files (x86)\Nmap;C:\Users\mccar\AppData\Local\Programs\Microsoft VS Code\bin;C:\Users\mccar\AppData\Local\GitHubDesktop\bin;C:\Users\mccar\AppData\Local\Microsoft\WindowsApps;C:\Users\mccar\AppData\Roaming\npm
USERNAME=mccar
OS=Windows_NT
PROCESSOR_IDENTIFIER=Intel64 Family 6 Model 165 Stepping 3, GenuineIntel
TMP=C:\Users\mccar\AppData\Local\Temp
TEMP=C:\Users\mccar\AppData\Local\Temp




Periodic native trim disabled

JNI global refs:
JNI global refs: 137, weak refs: 32156

JNI global refs memory usage: 2163, weak refs: 322129

Process memory usage:
Resident Set Size: 2741760K (22% of 12444740K total physical memory with 674880K free physical memory)

OOME stack traces (most recent first):
Classloader memory used:
Loader net.fabricmc.loader.impl.launch.knot.KnotClassLoader                            : 119M
Loader bootstrap                                                                       : 29678K
Loader jdk.internal.loader.ClassLoaders$AppClassLoader                                 : 8491K
Loader jdk.internal.loader.ClassLoaders$PlatformClassLoader                            : 2654K
Loader org.spongepowered.tools.agent.MixinAgentClassLoader                             : 956K

Classes loaded by more than one classloader:
Class me.aidanskye.submerged.entity.ElevatorEntity                                    : loaded 3 times (x 578B)
Class net.minecraft.entity.passive.AbstractDonkeyEntity                               : loaded 2 times (x 1072B)
Class net.minecraft.entity.mob.PiglinEntity                                           : loaded 2 times (x 1000B)
Class net.fabricmc.fabric.mixin.registry.sync.DebugChunkGeneratorAccessor             : loaded 2 times (x 71B)
Class net.minecraft.entity.mob.RavagerEntity                                          : loaded 2 times (x 990B)
Class java.lang.IllegalMonitorStateException                                          : loaded 2 times (x 82B)
Class net.fabricmc.fabric.mixin.renderer.client.BakedModelMixin                       : loaded 2 times (x 71B)
Class net.fabricmc.fabric.mixin.client.sound.SoundInstanceMixin                       : loaded 2 times (x 71B)
Class net.irisshaders.iris.mixin.GlStateManagerAccessor                               : loaded 2 times (x 71B)
Class net.minecraft.entity.mob.EvokerEntity                                           : loaded 2 times (x 996B)
Class dev.doctor4t.wathe.entity.PlayerBodyEntity                                      : loaded 2 times (x 804B)
Class net.caffeinemc.mods.sodium.mixin.features.textures.animations.upload.SpriteContentsFrameInfoAccessor: loaded 2 times (x 71B)
Class net.fabricmc.fabric.mixin.attachment.CustomPayloadS2CPacketAccessor             : loaded 2 times (x 71B)
Class net.minecraft.entity.vehicle.ChestBoatEntity                                    : loaded 2 times (x 758B)
Class net.minecraft.entity.mob.AbstractSkeletonEntity                                 : loaded 2 times (x 971B)
Class net.minecraft.entity.mob.EvokerFangsEntity                                      : loaded 2 times (x 585B)
Class carpet.mixins.Objective_scarpetMixin                                            : loaded 2 times (x 71B)
Class net.caffeinemc.mods.sodium.mixin.features.render.frapi.ItemRendererAccessor     : loaded 2 times (x 71B)
Class net.irisshaders.iris.mixin.rendertype.RenderStateShardAccessor                  : loaded 2 times (x 71B)
Class net.minecraft.entity.decoration.DisplayEntity                                   : loaded 2 times (x 581B)
Class net.minecraft.entity.mob.ZombifiedPiglinEntity                                  : loaded 2 times (x 1012B)
Class net.minecraft.entity.mob.ZombieEntity                                           : loaded 2 times (x 975B)
Class net.minecraft.entity.decoration.painting.PaintingEntity                         : loaded 2 times (x 594B)
Class net.minecraft.entity.projectile.thrown.ExperienceBottleEntity                   : loaded 2 times (x 603B)
Class net.minecraft.entity.passive.RabbitEntity                                       : loaded 2 times (x 993B)
Class net.minecraft.entity.projectile.ShulkerBulletEntity                             : loaded 2 times (x 598B)
Class net.minecraft.entity.passive.AbstractHorseEntity                                : loaded 2 times (x 1069B)
Class net.minecraft.entity.mob.WaterCreatureEntity                                    : loaded 2 times (x 960B)
Class net.minecraft.entity.passive.SnifferEntity                                      : loaded 2 times (x 987B)
Class net.minecraft.entity.passive.WanderingTraderEntity                              : loaded 2 times (x 1018B)
Class net.minecraft.client.network.AbstractClientPlayerEntity                         : loaded 2 times (x 933B)
Class net.fabricmc.fabric.mixin.attachment.VarIntsAccessor                            : loaded 2 times (x 71B)
Class net.minecraft.entity.passive.DonkeyEntity                                       : loaded 2 times (x 1072B)
Class net.minecraft.entity.mob.PiglinBruteEntity                                      : loaded 2 times (x 971B)
Class net.minecraft.entity.OminousItemSpawnerEntity                                   : loaded 2 times (x 579B)
Class java.lang.InternalError                                                         : loaded 2 times (x 82B)
Class net.fabricmc.fabric.mixin.object.builder.AbstractBlockAccessor                  : loaded 2 times (x 71B)
Class net.irisshaders.iris.mixin.texture.SpriteContentsFrameInfoAccessor              : loaded 2 times (x 71B)
Class net.minecraft.entity.LightningEntity                                            : loaded 2 times (x 583B)
Class dev.doctor4t.wathe.mixin.AbstractBlockInvoker                                   : loaded 2 times (x 71B)
Class net.irisshaders.iris.mixin.rendertype.RenderTypeAccessor                        : loaded 2 times (x 71B)
Class net.minecraft.entity.mob.StrayEntity                                            : loaded 2 times (x 971B)
Class net.minecraft.entity.vehicle.TntMinecartEntity                                  : loaded 2 times (x 609B)
Class net.minecraft.entity.vehicle.MinecartEntity                                     : loaded 2 times (x 604B)
Class net.minecraft.entity.mob.VexEntity                                              : loaded 2 times (x 973B)
Class net.minecraft.entity.projectile.BreezeWindChargeEntity                          : loaded 2 times (x 607B)
Class net.minecraft.entity.passive.AxolotlEntity                                      : loaded 2 times (x 1010B)
Class java.lang.OutOfMemoryError                                                      : loaded 2 times (x 82B)
Class net.fabricmc.fabric.mixin.networking.accessor.EntityTrackerAccessor             : loaded 2 times (x 71B)
Class net.minecraft.entity.mob.HuskEntity                                             : loaded 2 times (x 975B)
Class net.minecraft.entity.mob.GuardianEntity                                         : loaded 2 times (x 973B)
Class net.minecraft.entity.boss.dragon.EnderDragonEntity                              : loaded 2 times (x 969B)
Class carpet.mixins.PoiRecord_scarpetMixin                                            : loaded 2 times (x 71B)
Class net.fabricmc.fabric.mixin.content.registry.AxeItemAccessor                      : loaded 2 times (x 71B)
Class net.minecraft.entity.passive.MuleEntity                                         : loaded 2 times (x 1072B)
Class net.minecraft.entity.projectile.thrown.ThrownItemEntity                         : loaded 2 times (x 603B)
Class net.minecraft.entity.projectile.ProjectileEntity                                : loaded 2 times (x 597B)
Class net.irisshaders.batchedentityrendering.mixin.RenderStateShardAccessor           : loaded 2 times (x 71B)
Class net.irisshaders.batchedentityrendering.mixin.BufferSourceAccessor               : loaded 2 times (x 71B)
Class net.fabricmc.fabric.mixin.networking.client.accessor.MinecraftClientAccessor    : loaded 2 times (x 71B)
Class net.caffeinemc.mods.sodium.mixin.features.textures.animations.upload.SpriteContentsAnimatedTextureAccessor: loaded 2 times (x 71B)
Class net.fabricmc.fabric.mixin.client.particle.ParticleManagerAccessor$SimpleSpriteProviderAccessor: loaded 2 times (x 71B)
Class net.minecraft.entity.decoration.AbstractDecorationEntity                        : loaded 2 times (x 586B)
Class net.minecraft.entity.passive.TadpoleEntity                                      : loaded 2 times (x 976B)
Class net.minecraft.entity.mob.SkeletonEntity                                         : loaded 2 times (x 974B)
Class dev.doctor4t.wathe.entity.GrenadeEntity                                         : loaded 2 times (x 603B)
Class net.minecraft.entity.mob.SpiderEntity                                           : loaded 2 times (x 963B)
Class net.fabricmc.fabric.mixin.content.registry.HoeItemAccessor                      : loaded 2 times (x 71B)
Class net.fabricmc.fabric.mixin.command.EntitySelectorOptionsAccessor                 : loaded 2 times (x 71B)
Class me.aidanskye.submerged.index.SubmergedEntities                                  : loaded 2 times (x 70B)
Class net.minecraft.entity.projectile.LlamaSpitEntity                                 : loaded 2 times (x 597B)
Class net.minecraft.entity.Entity                                                     : loaded 2 times (x 577B)
Class net.fabricmc.fabric.mixin.transfer.BundleContentsComponentAccessor              : loaded 2 times (x 71B)
Class net.minecraft.entity.mob.PathAwareEntity                                        : loaded 2 times (x 959B)
Class net.minecraft.entity.mob.ZombieVillagerEntity                                   : loaded 2 times (x 999B)
Class net.minecraft.entity.passive.FoxEntity                                          : loaded 2 times (x 1011B)
Class net.minecraft.entity.projectile.ArrowEntity                                     : loaded 2 times (x 622B)
Class net.minecraft.entity.passive.FrogEntity                                         : loaded 2 times (x 990B)
Class net.minecraft.entity.passive.MerchantEntity                                     : loaded 2 times (x 1013B)
Class java.lang.ArrayStoreException                                                   : loaded 2 times (x 82B)
Class net.minecraft.client.network.ClientPlayerEntity                                 : loaded 2 times (x 966B)
Class net.irisshaders.batchedentityrendering.mixin.OutlineBufferSourceAccessor        : loaded 2 times (x 71B)
Class net.fabricmc.fabric.mixin.itemgroup.ItemGroupAccessor                           : loaded 2 times (x 71B)
Class net.minecraft.entity.projectile.ExplosiveProjectileEntity                       : loaded 2 times (x 602B)
Class net.minecraft.entity.passive.CamelEntity                                        : loaded 2 times (x 1083B)
Class java.io.IOException                                                             : loaded 2 times (x 82B)
Class net.minecraft.entity.mob.BoggedEntity                                           : loaded 2 times (x 979B)
Class net.minecraft.entity.FallingBlockEntity                                         : loaded 2 times (x 584B)
Class net.fabricmc.fabric.mixin.client.rendering.AtlasSourceManagerAccessor           : loaded 2 times (x 71B)
Class net.minecraft.entity.projectile.WindChargeEntity                                : loaded 2 times (x 607B)
Class net.minecraft.entity.projectile.DragonFireballEntity                            : loaded 2 times (x 602B)
Class net.minecraft.entity.mob.SilverfishEntity                                       : loaded 2 times (x 961B)
Class net.minecraft.entity.boss.dragon.EnderDragonPart                                : loaded 2 times (x 577B)
Class org.spongepowered.asm.service.ServiceNotAvailableError                          : loaded 2 times (x 82B)
Class java.lang.Exception                                                             : loaded 2 times (x 82B)
Class net.fabricmc.fabric.mixin.gamerule.GameRulesAccessor                            : loaded 2 times (x 71B)
Class net.fabricmc.fabric.mixin.event.interaction.client.KeyBindingAccessor           : loaded 2 times (x 71B)
Class net.minecraft.entity.mob.SkeletonHorseEntity                                    : loaded 2 times (x 1072B)
Class java.lang.ClassNotFoundException                                                : loaded 2 times (x 83B)
Class carpet.mixins.ShulkerBoxAccessMixin                                             : loaded 2 times (x 71B)
Class net.minecraft.entity.projectile.WitherSkullEntity                               : loaded 2 times (x 604B)
Class net.minecraft.entity.mob.ZoglinEntity                                           : loaded 2 times (x 968B)
Class net.caffeinemc.mods.sodium.mixin.core.render.texture.TextureAtlasAccessor       : loaded 2 times (x 71B)
Class net.minecraft.entity.vehicle.BoatEntity                                         : loaded 2 times (x 642B)
Class net.minecraft.entity.passive.TameableEntity                                     : loaded 2 times (x 1002B)
Class net.caffeinemc.mods.sodium.mixin.features.textures.animations.tracking.SpriteContentsFrameInfoAccessor: loaded 2 times (x 71B)
Class net.minecraft.entity.projectile.thrown.SnowballEntity                           : loaded 2 times (x 603B)
Class net.minecraft.entity.passive.FishEntity                                         : loaded 2 times (x 976B)
Class net.minecraft.entity.projectile.FishingBobberEntity                             : loaded 2 times (x 603B)
Class java.lang.ReflectiveOperationException                                          : loaded 2 times (x 82B)
Class net.fabricmc.fabric.mixin.content.registry.VillagerEntityAccessor               : loaded 2 times (x 71B)
Class net.fabricmc.fabric.mixin.content.registry.FarmerWorkTaskAccessor               : loaded 2 times (x 71B)
Class net.fabricmc.fabric.mixin.networking.client.accessor.ClientConfigurationNetworkHandlerAccessor: loaded 2 times (x 71B)
Class net.minecraft.entity.mob.EndermanEntity                                         : loaded 2 times (x 1007B)
Class net.minecraft.entity.mob.MagmaCubeEntity                                        : loaded 2 times (x 966B)
Class dev.doctor4t.ratatouille.mixin.client.BlockRenderManagerAccessor                : loaded 2 times (x 71B)
Class net.irisshaders.iris.mixin.ProgramTypeAccessor                                  : loaded 2 times (x 71B)
Class net.fabricmc.fabric.mixin.networking.accessor.ServerChunkLoadingManagerAccessor : loaded 2 times (x 71B)
Class net.minecraft.entity.vehicle.HopperMinecartEntity                               : loaded 2 times (x 741B)
Class net.minecraft.entity.passive.CowEntity                                          : loaded 2 times (x 980B)
Class net.minecraft.entity.decoration.ArmorStandEntity                                : loaded 2 times (x 821B)
Class net.minecraft.entity.mob.WardenEntity                                           : loaded 2 times (x 980B)
Class de.maxhenkel.voicechat.mixin.ConnectionAccessor                                 : loaded 2 times (x 71B)
Class net.minecraft.entity.decoration.DisplayEntity$TextDisplayEntity                 : loaded 2 times (x 583B)
Class net.minecraft.entity.TntEntity                                                  : loaded 2 times (x 591B)
Class net.minecraft.entity.player.PlayerEntity                                        : loaded 2 times (x 928B)
Class java.lang.VirtualMachineError                                                   : loaded 2 times (x 82B)
Class java.lang.IllegalArgumentException                                              : loaded 2 times (x 82B)
Class java.lang.Error                                                                 : loaded 2 times (x 82B)
Class net.fabricmc.fabric.mixin.lookup.BlockEntityTypeAccessor                        : loaded 2 times (x 71B)
Class net.minecraft.entity.mob.BreezeEntity                                           : loaded 2 times (x 969B)
Class net.minecraft.entity.passive.WolfEntity                                         : loaded 2 times (x 1058B)
Class net.minecraft.entity.mob.FlyingEntity                                           : loaded 2 times (x 953B)
Class net.minecraft.entity.passive.PandaEntity                                        : loaded 2 times (x 1012B)
Class java.lang.InterruptedException                                                  : loaded 2 times (x 82B)
Class net.minecraft.entity.vehicle.StorageMinecartEntity                              : loaded 2 times (x 717B)
Class net.minecraft.entity.boss.WitherEntity                                          : loaded 2 times (x 977B)
Class net.irisshaders.batchedentityrendering.mixin.CompositeStateAccessor             : loaded 2 times (x 71B)
Class net.minecraft.entity.mob.CaveSpiderEntity                                       : loaded 2 times (x 963B)
Class net.minecraft.entity.vehicle.VehicleEntity                                      : loaded 2 times (x 587B)
Class net.minecraft.entity.projectile.SpectralArrowEntity                             : loaded 2 times (x 620B)
Class net.minecraft.entity.mob.SlimeEntity                                            : loaded 2 times (x 966B)
Class net.minecraft.server.network.ServerPlayerEntity                                 : loaded 2 times (x 1009B)
Class net.fabricmc.fabric.mixin.loot.LootPoolAccessor                                 : loaded 2 times (x 71B)
Class net.fabricmc.fabric.mixin.screen.ScreenAccessor                                 : loaded 2 times (x 71B)
Class carpet.mixins.DynamicGraphMinFixedPoint_resetChunkInterface                     : loaded 2 times (x 71B)
Class org.ladysnake.cca.mixin.scoreboard.TeamAccessor                                 : loaded 2 times (x 71B)
Class dev.doctor4t.wathe.entity.FirecrackerEntity                                     : loaded 2 times (x 577B)
Class carpet.mixins.ExplosionAccessor                                                 : loaded 2 times (x 71B)
Class net.irisshaders.iris.mixin.DimensionTypeAccessor                                : loaded 2 times (x 71B)
Class net.minecraft.entity.vehicle.SpawnerMinecartEntity                              : loaded 2 times (x 605B)
Class net.minecraft.entity.mob.DrownedEntity                                          : loaded 2 times (x 983B)
Class net.minecraft.entity.decoration.LeashKnotEntity                                 : loaded 2 times (x 583B)
Class java.lang.LinkageError                                                          : loaded 2 times (x 82B)
Class net.irisshaders.iris.mixin.statelisteners.BooleanStateAccessor                  : loaded 2 times (x 71B)
Class net.fabricmc.fabric.mixin.registry.sync.SimpleRegistryAccessor                  : loaded 2 times (x 71B)
Class net.minecraft.entity.passive.BatEntity                                          : loaded 2 times (x 955B)
Class net.minecraft.entity.passive.SquidEntity                                        : loaded 2 times (x 964B)
Class net.fabricmc.fabric.mixin.blockview.BlockViewMixin                              : loaded 2 times (x 71B)
Class net.minecraft.entity.mob.VindicatorEntity                                       : loaded 2 times (x 988B)
Class net.minecraft.entity.ExperienceOrbEntity                                        : loaded 2 times (x 580B)
Class java.lang.NoSuchMethodError                                                     : loaded 2 times (x 82B)
Class net.fabricmc.fabric.mixin.gamerule.GameRuleCommandAccessor                      : loaded 2 times (x 71B)
Class net.irisshaders.iris.mixin.LightTextureAccessor                                 : loaded 2 times (x 71B)
Class java.lang.ClassCastException                                                    : loaded 2 times (x 82B)
Class java.lang.IncompatibleClassChangeError                                          : loaded 2 times (x 82B)
Class net.caffeinemc.mods.sodium.mixin.features.textures.SpriteContentsInvoker        : loaded 2 times (x 71B)
Class net.minecraft.entity.vehicle.FurnaceMinecartEntity                              : loaded 2 times (x 606B)
Class net.minecraft.entity.EyeOfEnderEntity                                           : loaded 2 times (x 583B)
Class net.minecraft.entity.mob.AmbientEntity                                          : loaded 2 times (x 953B)
Class carpet.mixins.CollectingNeighborUpdaterAccessor                                 : loaded 2 times (x 71B)
Class net.fabricmc.fabric.mixin.object.builder.DefaultAttributeRegistryAccessor       : loaded 2 times (x 71B)
Class net.fabricmc.fabric.mixin.content.registry.ShovelItemAccessor                   : loaded 2 times (x 71B)
Class net.fabricmc.fabric.mixin.item.ItemAccessor                                     : loaded 2 times (x 71B)
Class net.minecraft.entity.projectile.AbstractWindChargeEntity                        : loaded 2 times (x 607B)
Class net.minecraft.entity.projectile.TridentEntity                                   : loaded 2 times (x 621B)
Class net.minecraft.entity.mob.GhastEntity                                            : loaded 2 times (x 956B)
Class net.minecraft.entity.decoration.GlowItemFrameEntity                             : loaded 2 times (x 600B)
Class net.minecraft.entity.decoration.BlockAttachedEntity                             : loaded 2 times (x 582B)
Class net.minecraft.entity.passive.GolemEntity                                        : loaded 2 times (x 959B)
Class dev.doctor4t.wathe.entity.NoteEntity                                            : loaded 2 times (x 581B)
Class net.caffeinemc.mods.sodium.mixin.features.textures.animations.upload.SpriteContentsAccessor: loaded 2 times (x 71B)
Class net.minecraft.entity.passive.TraderLlamaEntity                                  : loaded 2 times (x 1097B)
Class net.minecraft.entity.projectile.thrown.EggEntity                                : loaded 2 times (x 603B)
Class net.minecraft.entity.projectile.thrown.PotionEntity                             : loaded 2 times (x 603B)
Class net.minecraft.entity.mob.MobEntity                                              : loaded 2 times (x 953B)
Class net.irisshaders.iris.mixin.texture.SimpleTextureAccessor                        : loaded 2 times (x 71B)
Class net.minecraft.entity.passive.BeeEntity                                          : loaded 2 times (x 1045B)
Class net.minecraft.entity.passive.SchoolingFishEntity                                : loaded 2 times (x 986B)
Class net.minecraft.entity.passive.PolarBearEntity                                    : loaded 2 times (x 1020B)
Class net.minecraft.entity.passive.VillagerEntity                                     : loaded 2 times (x 1057B)
Class dev.doctor4t.wathe.block.entity.SeatEntity                                      : loaded 2 times (x 579B)
Class java.lang.BootstrapMethodError                                                  : loaded 2 times (x 82B)
Class net.irisshaders.iris.compat.sodium.mixin.BlockRendererAccessor                  : loaded 2 times (x 71B)
Class net.minecraft.entity.passive.GoatEntity                                         : loaded 2 times (x 990B)
Class net.minecraft.entity.passive.SheepEntity                                        : loaded 2 times (x 993B)
Class java.lang.NoSuchMethodException                                                 : loaded 2 times (x 82B)
Class net.caffeinemc.mods.sodium.mixin.features.textures.animations.tracking.AnimatedTextureAccessor: loaded 2 times (x 71B)
Class net.minecraft.entity.projectile.PersistentProjectileEntity                      : loaded 2 times (x 620B)
Class net.fabricmc.fabric.mixin.client.rendering.DimensionEffectsAccessor             : loaded 2 times (x 71B)
Class net.minecraft.entity.decoration.DisplayEntity$BlockDisplayEntity                : loaded 2 times (x 582B)
Class java.lang.NoClassDefFoundError                                                  : loaded 2 times (x 82B)
Class net.fabricmc.fabric.mixin.client.particle.ParticleManagerAccessor               : loaded 2 times (x 71B)
Class net.minecraft.entity.mob.SpellcastingIllagerEntity                              : loaded 2 times (x 994B)
Class net.minecraft.entity.mob.GiantEntity                                            : loaded 2 times (x 961B)
Class net.minecraft.entity.passive.PigEntity                                          : loaded 2 times (x 994B)
Class net.minecraft.entity.mob.BlazeEntity                                            : loaded 2 times (x 962B)
Class net.minecraft.entity.mob.CreeperEntity                                          : loaded 2 times (x 972B)
Class net.minecraft.entity.mob.PillagerEntity                                         : loaded 2 times (x 1011B)
Class net.minecraft.entity.MarkerEntity                                               : loaded 2 times (x 577B)
Class net.fabricmc.fabric.mixin.content.registry.GiveGiftsToHeroTaskAccessor          : loaded 2 times (x 71B)
Class net.minecraft.entity.passive.TurtleEntity                                       : loaded 2 times (x 991B)
Class net.fabricmc.fabric.mixin.screenhandler.NamedScreenHandlerFactoryMixin          : loaded 2 times (x 71B)
Class net.irisshaders.iris.mixin.texture.AnimationMetadataSectionAccessor             : loaded 2 times (x 71B)
Class net.minecraft.entity.passive.HorseEntity                                        : loaded 2 times (x 1078B)
Class net.minecraft.entity.passive.MooshroomEntity                                    : loaded 2 times (x 995B)
Class net.irisshaders.batchedentityrendering.mixin.SectionBufferBuilderPackAccessor   : loaded 2 times (x 71B)
Class net.minecraft.entity.mob.EndermiteEntity                                        : loaded 2 times (x 961B)
Class net.fabricmc.fabric.mixin.registry.sync.RegistryMixin                           : loaded 2 times (x 71B)
Class net.fabricmc.fabric.mixin.object.builder.AbstractBlockSettingsAccessor          : loaded 2 times (x 71B)
Class net.minecraft.entity.passive.AllayEntity                                        : loaded 2 times (x 981B)
Class net.minecraft.entity.passive.ParrotEntity                                       : loaded 2 times (x 1018B)
Class net.minecraft.entity.mob.PhantomEntity                                          : loaded 2 times (x 956B)
Class net.minecraft.entity.passive.PufferfishEntity                                   : loaded 2 times (x 978B)
Class net.fabricmc.fabric.mixin.client.keybinding.KeyBindingAccessor                  : loaded 2 times (x 71B)
Class net.minecraft.entity.decoration.DisplayEntity$ItemDisplayEntity                 : loaded 2 times (x 582B)
Class net.minecraft.entity.passive.PassiveEntity                                      : loaded 2 times (x 966B)
Class net.minecraft.entity.projectile.thrown.EnderPearlEntity                         : loaded 2 times (x 603B)
Class org.ladysnake.cca.mixin.scoreboard.ServerScoreboardAccessor                     : loaded 2 times (x 71B)
Class net.minecraft.entity.passive.ArmadilloEntity                                    : loaded 2 times (x 990B)
Class net.minecraft.entity.mob.ShulkerEntity                                          : loaded 2 times (x 976B)
Class net.irisshaders.iris.mixin.texture.SpriteContentsAnimatedTextureAccessor        : loaded 2 times (x 71B)
Class net.minecraft.entity.passive.CatEntity                                          : loaded 2 times (x 1023B)
Class net.minecraft.entity.projectile.thrown.ThrownEntity                             : loaded 2 times (x 597B)
Class net.minecraft.entity.raid.RaiderEntity                                          : loaded 2 times (x 987B)
Class net.minecraft.entity.AreaEffectCloudEntity                                      : loaded 2 times (x 602B)
Class java.lang.NullPointerException                                                  : loaded 2 times (x 83B)
Class net.irisshaders.batchedentityrendering.mixin.RenderTypeAccessor                 : loaded 2 times (x 71B)
Class net.fabricmc.fabric.api.entity.FakePlayer                                       : loaded 2 times (x 1009B)
Class java.lang.StackOverflowError                                                    : loaded 2 times (x 82B)
Class net.fabricmc.fabric.mixin.networking.client.accessor.ClientLoginNetworkHandlerAccessor: loaded 2 times (x 71B)
Class net.minecraft.entity.mob.ElderGuardianEntity                                    : loaded 2 times (x 973B)
Class net.minecraft.entity.passive.CodEntity                                          : loaded 2 times (x 986B)
Class net.minecraft.entity.ItemEntity                                                 : loaded 2 times (x 602B)
Class net.irisshaders.iris.mixin.GameRendererAccessor                                 : loaded 2 times (x 71B)
Class net.fabricmc.fabric.mixin.command.ArgumentTypesAccessor                         : loaded 2 times (x 71B)
Class net.minecraft.entity.passive.ChickenEntity                                      : loaded 2 times (x 982B)
Class net.minecraft.entity.decoration.InteractionEntity                               : loaded 2 times (x 585B)
Class net.minecraft.entity.passive.SnowGolemEntity                                    : loaded 2 times (x 971B)
Class net.fabricmc.fabric.mixin.gamerule.GameRulesIntRuleAccessor                     : loaded 2 times (x 71B)
Class net.minecraft.entity.passive.TameableShoulderEntity                             : loaded 2 times (x 1004B)
Class net.fabricmc.fabric.mixin.transfer.BucketItemAccessor                           : loaded 2 times (x 71B)
Class net.minecraft.entity.mob.ZombieHorseEntity                                      : loaded 2 times (x 1069B)
Class net.minecraft.entity.vehicle.CommandBlockMinecartEntity                         : loaded 2 times (x 606B)
Class net.minecraft.entity.decoration.EndCrystalEntity                                : loaded 2 times (x 581B)
Class net.minecraft.entity.mob.WitchEntity                                            : loaded 2 times (x 994B)
Class net.minecraft.entity.mob.HoglinEntity                                           : loaded 2 times (x 987B)
Class java.lang.RuntimeException                                                      : loaded 2 times (x 82B)
Class net.fabricmc.fabric.mixin.tag.TagKeyMixin                                       : loaded 2 times (x 71B)
Class net.minecraft.entity.projectile.FireballEntity                                  : loaded 2 times (x 607B)
Class net.minecraft.entity.mob.IllagerEntity                                          : loaded 2 times (x 988B)
Class net.minecraft.entity.decoration.ItemFrameEntity                                 : loaded 2 times (x 600B)
Class java.lang.NoSuchFieldException                                                  : loaded 2 times (x 82B)
Class net.fabricmc.fabric.mixin.transfer.ContainerComponentAccessor                   : loaded 2 times (x 71B)
Class net.irisshaders.iris.mixin.LevelRendererAccessor                                : loaded 2 times (x 71B)
Class net.fabricmc.fabric.mixin.item.EnchantmentBuilderAccessor                       : loaded 2 times (x 71B)
Class net.minecraft.entity.mob.PatrolEntity                                           : loaded 2 times (x 971B)
Class net.irisshaders.iris.mixin.texture.SpriteContentsTickerAccessor                 : loaded 2 times (x 71B)
Class net.fabricmc.fabric.mixin.client.rendering.LivingEntityRendererAccessor         : loaded 2 times (x 71B)
Class net.minecraft.entity.vehicle.AbstractMinecartEntity                             : loaded 2 times (x 604B)
Class net.minecraft.entity.passive.OcelotEntity                                       : loaded 2 times (x 982B)
Class net.fabricmc.fabric.mixin.rendering.data.WorldViewMixin                         : loaded 2 times (x 71B)
Class net.fabricmc.fabric.mixin.registry.sync.RegistriesAccessor                      : loaded 2 times (x 71B)
Class net.fabricmc.fabric.mixin.networking.accessor.ServerLoginNetworkHandlerAccessor : loaded 2 times (x 71B)
Class net.minecraft.entity.vehicle.ChestMinecartEntity                                : loaded 2 times (x 717B)
Class net.minecraft.entity.mob.IllusionerEntity                                       : loaded 2 times (x 1000B)
Class java.lang.ArithmeticException                                                   : loaded 2 times (x 82B)
Class net.caffeinemc.mods.sodium.mixin.features.textures.animations.upload.SpriteContentsTickerAccessor: loaded 2 times (x 71B)
Class net.fabricmc.fabric.mixin.gamerule.GameRulesBooleanRuleAccessor                 : loaded 2 times (x 71B)
Class net.fabricmc.fabric.mixin.client.rendering.EntityModelLayersAccessor            : loaded 2 times (x 71B)
Class net.fabricmc.fabric.mixin.command.HelpCommandAccessor                           : loaded 2 times (x 71B)
Class net.fabricmc.fabric.mixin.networking.accessor.ServerCommonNetworkHandlerAccessor: loaded 2 times (x 71B)
Class net.minecraft.entity.mob.WitherSkeletonEntity                                   : loaded 2 times (x 971B)
Class net.minecraft.entity.projectile.FireworkRocketEntity                            : loaded 2 times (x 603B)
Class net.minecraft.entity.mob.HostileEntity                                          : loaded 2 times (x 961B)
Class net.minecraft.entity.projectile.SmallFireballEntity                             : loaded 2 times (x 607B)
Class me.aidanskye.submerged.Submerged                                                : loaded 2 times (x 75B)
Class net.minecraft.entity.passive.LlamaEntity                                        : loaded 2 times (x 1096B)
Class net.minecraft.entity.passive.GlowSquidEntity                                    : loaded 2 times (x 965B)
Class carpet.mixins.Scoreboard_scarpetMixin                                           : loaded 2 times (x 71B)
Class net.minecraft.entity.passive.SalmonEntity                                       : loaded 2 times (x 986B)
Class net.caffeinemc.mods.sodium.mixin.features.textures.NativeImageAccessor          : loaded 2 times (x 71B)
Class net.fabricmc.fabric.mixin.loot.LootTableAccessor                                : loaded 2 times (x 71B)
Class net.fabricmc.fabric.mixin.networking.client.accessor.ClientCommonNetworkHandlerAccessor: loaded 2 times (x 71B)
Class net.minecraft.entity.passive.TropicalFishEntity                                 : loaded 2 times (x 996B)
Class net.minecraft.entity.mob.AbstractPiglinEntity                                   : loaded 2 times (x 970B)
Class carpet.patches.EntityPlayerMPFake                                               : loaded 2 times (x 1010B)
Class net.minecraft.entity.passive.StriderEntity                                      : loaded 2 times (x 996B)
Class java.lang.Throwable                                                             : loaded 2 times (x 82B)
Class net.irisshaders.iris.mixin.texture.SpriteContentsAccessor                       : loaded 2 times (x 71B)
Class net.minecraft.entity.passive.DolphinEntity                                      : loaded 2 times (x 967B)
Class net.minecraft.entity.LivingEntity                                               : loaded 2 times (x 802B)
Class me.aidanskye.submerged.mixin.ElevatorStuffEntityMixin                           : loaded 2 times (x 71B)
Class net.irisshaders.iris.mixin.texture.TextureAtlasAccessor                         : loaded 2 times (x 71B)
Class net.minecraft.entity.projectile.AbstractFireballEntity                          : loaded 2 times (x 607B)
Class net.minecraft.client.network.OtherClientPlayerEntity                            : loaded 2 times (x 934B)
Class net.minecraft.entity.passive.AnimalEntity                                       : loaded 2 times (x 979B)
Class net.minecraft.entity.passive.IronGolemEntity                                    : loaded 2 times (x 1002B)

---------------  S Y S T E M  ---------------

OS:
 Windows 11 , 64 bit Build 26100 (10.0.26100.7705)
OS uptime: 3 days 9:20 hours

CPU: total 12 (initial active 12) (6 cores per cpu, 2 threads per core) family 6 model 165 stepping 3 microcode 0xfc, cx8, cmov, fxsr, ht, mmx, 3dnowpref, sse, sse2, sse3, ssse3, sse4.1, sse4.2, popcnt, lzcnt, tsc, tscinvbit, avx, avx2, aes, erms, clmul, bmi1, bmi2, adx, fma, vzeroupper, clflush, clflushopt, rdtscp, f16c
Processor Information for the first 12 processors :
  Max Mhz: 2904, Current Mhz: 2904, Mhz Limit: 2904

Memory: 4k page, system-wide physical 12153M (643M free)
TotalPageFile size 44921M (AvailPageFile size 18041M)
current process WorkingSet (physical memory assigned to process): 2685M, peak: 2788M
current process commit charge ("private bytes"): 5202M, peak: 5239M

vm_info: OpenJDK 64-Bit Server VM (21.0.10+1-b1163.105) for windows-amd64 JRE (21.0.10+1-b1163.105), built on 2026-02-03 by "builduser" with MS VC++ 16.10 / 16.11 (VS2019)

END.
